query,search_query,categories,subcategories,parent_topics,primary_keywords,source_row_count,source_row_ids,source_slugs,priority_counts,status,prior_product_count,prior_search_queries
10 ไร่,,เกษตรผสมผสาน / จัดการฟาร์ม,เกษตรผสมผสานตามขนาดพื้นที่,10 ไร่,เกษตรผสมผสาน 10 ไร่,10,4961 | 4962 | 4963 | 4964 | 4965 | 4966 | 4967 | 4968 | 4969 | 4970,/mixed-farming/integrated-farm-10-guide | /mixed-farming/integrated-farm-10-beginner | /mixed-farming/integrated-farm-10-problems | /mixed-farming/integrated-farm-10-cost | /mixed-farming/integrated-farm-10-compare | /mixed-farming/integrated-farm-10-calendar | /mixed-farming/integrated-farm-10-mistakes | /mixed-farming/integrated-farm-10-faq | /mixed-farming/integrated-farm-10-decision | /mixed-farming/integrated-farm-10-answer,P1:10,processed_existing_catalog,1,อุปกรณ์เกษตร
1 งาน,,เกษตรผสมผสาน / จัดการฟาร์ม,เกษตรผสมผสานตามขนาดพื้นที่,1 งาน,เกษตรผสมผสาน 1 งาน,10,4901 | 4902 | 4903 | 4904 | 4905 | 4906 | 4907 | 4908 | 4909 | 4910,/mixed-farming/integrated-farm-1-guide | /mixed-farming/integrated-farm-1-beginner | /mixed-farming/integrated-farm-1-problems | /mixed-farming/integrated-farm-1-cost | /mixed-farming/integrated-farm-1-compare | /mixed-farming/integrated-farm-1-calendar | /mixed-farming/integrated-farm-1-mistakes | /mixed-farming/integrated-farm-1-faq | /mixed-farming/integrated-farm-1-decision | /mixed-farming/integrated-farm-1-answer,P1:10,processed_existing_catalog,1,อุปกรณ์เกษตร
1 ไร่,ชุดเกษตรผสมผสาน 1 ไร่,เกษตรผสมผสาน / จัดการฟาร์ม,เกษตรผสมผสานตามขนาดพื้นที่,1 ไร่,เกษตรผสมผสาน 1 ไร่,10,4921 | 4922 | 4923 | 4924 | 4925 | 4926 | 4927 | 4928 | 4929 | 4930,/mixed-farming/integrated-farm-1-guide | /mixed-farming/integrated-farm-1-beginner | /mixed-farming/integrated-farm-1-problems | /mixed-farming/integrated-farm-1-cost | /mixed-farming/integrated-farm-1-compare | /mixed-farming/integrated-farm-1-calendar | /mixed-farming/integrated-farm-1-mistakes | /mixed-farming/integrated-farm-1-faq | /mixed-farming/integrated-farm-1-decision | /mixed-farming/integrated-farm-1-answer,P1:10,pending,0,
2 ไร่,ชุดเกษตรผสมผสาน 2 ไร่,เกษตรผสมผสาน / จัดการฟาร์ม,เกษตรผสมผสานตามขนาดพื้นที่,2 ไร่,เกษตรผสมผสาน 2 ไร่,10,4931 | 4932 | 4933 | 4934 | 4935 | 4936 | 4937 | 4938 | 4939 | 4940,/mixed-farming/integrated-farm-2-guide | /mixed-farming/integrated-farm-2-beginner | /mixed-farming/integrated-farm-2-problems | /mixed-farming/integrated-farm-2-cost | /mixed-farming/integrated-farm-2-compare | /mixed-farming/integrated-farm-2-calendar | /mixed-farming/integrated-farm-2-mistakes | /mixed-farming/integrated-farm-2-faq | /mixed-farming/integrated-farm-2-decision | /mixed-farming/integrated-farm-2-answer,P1:10,pending,0,
3 ไร่,ชุดเกษตรผสมผสาน 3 ไร่,เกษตรผสมผสาน / จัดการฟาร์ม,เกษตรผสมผสานตามขนาดพื้นที่,3 ไร่,เกษตรผสมผสาน 3 ไร่,10,4941 | 4942 | 4943 | 4944 | 4945 | 4946 | 4947 | 4948 | 4949 | 4950,/mixed-farming/integrated-farm-3-guide | /mixed-farming/integrated-farm-3-beginner | /mixed-farming/integrated-farm-3-problems | /mixed-farming/integrated-farm-3-cost | /mixed-farming/integrated-farm-3-compare | /mixed-farming/integrated-farm-3-calendar | /mixed-farming/integrated-farm-3-mistakes | /mixed-farming/integrated-farm-3-faq | /mixed-farming/integrated-farm-3-decision | /mixed-farming/integrated-farm-3-answer,P1:10,pending,0,
5 ไร่,ชุดเกษตรผสมผสาน 5 ไร่,เกษตรผสมผสาน / จัดการฟาร์ม,เกษตรผสมผสานตามขนาดพื้นที่,5 ไร่,เกษตรผสมผสาน 5 ไร่,10,4951 | 4952 | 4953 | 4954 | 4955 | 4956 | 4957 | 4958 | 4959 | 4960,/mixed-farming/integrated-farm-5-guide | /mixed-farming/integrated-farm-5-beginner | /mixed-farming/integrated-farm-5-problems | /mixed-farming/integrated-farm-5-cost | /mixed-farming/integrated-farm-5-compare | /mixed-farming/integrated-farm-5-calendar | /mixed-farming/integrated-farm-5-mistakes | /mixed-farming/integrated-farm-5-faq | /mixed-farming/integrated-farm-5-decision | /mixed-farming/integrated-farm-5-answer,P1:10,pending,0,
ครึ่งไร่,ชุดเกษตรผสมผสาน ครึ่งไร่,เกษตรผสมผสาน / จัดการฟาร์ม,เกษตรผสมผสานตามขนาดพื้นที่,ครึ่งไร่,เกษตรผสมผสาน ครึ่งไร่,10,4911 | 4912 | 4913 | 4914 | 4915 | 4916 | 4917 | 4918 | 4919 | 4920,/mixed-farming/integrated-farm-guide | /mixed-farming/integrated-farm-beginner | /mixed-farming/integrated-farm-problems | /mixed-farming/integrated-farm-cost | /mixed-farming/integrated-farm-compare | /mixed-farming/integrated-farm-calendar | /mixed-farming/integrated-farm-mistakes | /mixed-farming/integrated-farm-faq | /mixed-farming/integrated-farm-decision | /mixed-farming/integrated-farm-answer,P1:10,pending,0,
ที่ดินต่างจังหวัด,ชุดเกษตรผสมผสาน ที่ดินต่างจังหวัด,เกษตรผสมผสาน / จัดการฟาร์ม,เกษตรผสมผสานตามขนาดพื้นที่,ที่ดินต่างจังหวัด,เกษตรผสมผสาน ที่ดินต่างจังหวัด,10,4991 | 4992 | 4993 | 4994 | 4995 | 4996 | 4997 | 4998 | 4999 | 5000,/mixed-farming/integrated-farm-guide | /mixed-farming/integrated-farm-beginner | /mixed-farming/integrated-farm-problems | /mixed-farming/integrated-farm-cost | /mixed-farming/integrated-farm-compare | /mixed-farming/integrated-farm-calendar | /mixed-farming/integrated-farm-mistakes | /mixed-farming/integrated-farm-faq | /mixed-farming/integrated-farm-decision | /mixed-farming/integrated-farm-answer,P1:10,pending,0,
นา + ปลา + เป็ด,,เกษตรผสมผสาน / จัดการฟาร์ม,โมเดลฟาร์มผสม,นา + ปลา + เป็ด,เกษตรผสมผสาน นา + ปลา + เป็ด,10,5011 | 5012 | 5013 | 5014 | 5015 | 5016 | 5017 | 5018 | 5019 | 5020,/mixed-farming/mixed-model-rice-fish-duck-guide | /mixed-farming/mixed-model-rice-fish-duck-beginner | /mixed-farming/mixed-model-rice-fish-duck-problems | /mixed-farming/mixed-model-rice-fish-duck-cost | /mixed-farming/mixed-model-rice-fish-duck-compare | /mixed-farming/mixed-model-rice-fish-duck-calendar | /mixed-farming/mixed-model-rice-fish-duck-mistakes | /mixed-farming/mixed-model-rice-fish-duck-faq | /mixed-farming/mixed-model-rice-fish-duck-decision | /mixed-farming/mixed-model-rice-fish-duck-answer,P2:10,processed_existing_catalog,1,อุปกรณ์เกษตร
บ่อปลา + ผักสวนครัว,ชุดบ่อปลา ผักสวนครัว,เกษตรผสมผสาน / จัดการฟาร์ม,โมเดลฟาร์มผสม,บ่อปลา + ผักสวนครัว,เกษตรผสมผสาน บ่อปลา + ผักสวนครัว,10,5051 | 5052 | 5053 | 5054 | 5055 | 5056 | 5057 | 5058 | 5059 | 5060,/mixed-farming/mixed-model-fish-vegetables-guide | /mixed-farming/mixed-model-fish-vegetables-beginner | /mixed-farming/mixed-model-fish-vegetables-problems | /mixed-farming/mixed-model-fish-vegetables-cost | /mixed-farming/mixed-model-fish-vegetables-compare | /mixed-farming/mixed-model-fish-vegetables-calendar | /mixed-farming/mixed-model-fish-vegetables-mistakes | /mixed-farming/mixed-model-fish-vegetables-faq | /mixed-farming/mixed-model-fish-vegetables-decision | /mixed-farming/mixed-model-fish-vegetables-answer,P2:10,pending,0,
ปลูกผัก + เลี้ยงไก่ไข่,อุปกรณ์ปลูกผัก เลี้ยงไก่ไข่,เกษตรผสมผสาน / จัดการฟาร์ม,โมเดลฟาร์มผสม,ปลูกผัก + เลี้ยงไก่ไข่,เกษตรผสมผสาน ปลูกผัก + เลี้ยงไก่ไข่,10,5001 | 5002 | 5003 | 5004 | 5005 | 5006 | 5007 | 5008 | 5009 | 5010,/mixed-farming/mixed-model-veg-chicken-guide | /mixed-farming/mixed-model-veg-chicken-beginner | /mixed-farming/mixed-model-veg-chicken-problems | /mixed-farming/mixed-model-veg-chicken-cost | /mixed-farming/mixed-model-veg-chicken-compare | /mixed-farming/mixed-model-veg-chicken-calendar | /mixed-farming/mixed-model-veg-chicken-mistakes | /mixed-farming/mixed-model-veg-chicken-faq | /mixed-farming/mixed-model-veg-chicken-decision | /mixed-farming/mixed-model-veg-chicken-answer,P2:10,pending,0,
ผักอินทรีย์ + ปุ๋ยหมัก,ชุดปลูกผักอินทรีย์ ปุ๋ยหมัก,เกษตรผสมผสาน / จัดการฟาร์ม,โมเดลฟาร์มผสม,ผักอินทรีย์ + ปุ๋ยหมัก,เกษตรผสมผสาน ผักอินทรีย์ + ปุ๋ยหมัก,10,5031 | 5032 | 5033 | 5034 | 5035 | 5036 | 5037 | 5038 | 5039 | 5040,/mixed-farming/mixed-model-organic-veg-compost-guide | /mixed-farming/mixed-model-organic-veg-compost-beginner | /mixed-farming/mixed-model-organic-veg-compost-problems | /mixed-farming/mixed-model-organic-veg-compost-cost | /mixed-farming/mixed-model-organic-veg-compost-compare | /mixed-farming/mixed-model-organic-veg-compost-calendar | /mixed-farming/mixed-model-organic-veg-compost-mistakes | /mixed-farming/mixed-model-organic-veg-compost-faq | /mixed-farming/mixed-model-organic-veg-compost-decision | /mixed-farming/mixed-model-organic-veg-compost-answer,P2:10,pending,0,
พื้นที่เช่า,ชุดเกษตรผสมผสาน พื้นที่เช่า,เกษตรผสมผสาน / จัดการฟาร์ม,เกษตรผสมผสานตามขนาดพื้นที่,พื้นที่เช่า,เกษตรผสมผสาน พื้นที่เช่า,10,4981 | 4982 | 4983 | 4984 | 4985 | 4986 | 4987 | 4988 | 4989 | 4990,/mixed-farming/integrated-farm-guide | /mixed-farming/integrated-farm-beginner | /mixed-farming/integrated-farm-problems | /mixed-farming/integrated-farm-cost | /mixed-farming/integrated-farm-compare | /mixed-farming/integrated-farm-calendar | /mixed-farming/integrated-farm-mistakes | /mixed-farming/integrated-farm-faq | /mixed-farming/integrated-farm-decision | /mixed-farming/integrated-farm-answer,P1:10,pending,0,
พื้นที่หลังบ้าน,ชุดเกษตรผสมผสาน พื้นที่หลังบ้าน,เกษตรผสมผสาน / จัดการฟาร์ม,เกษตรผสมผสานตามขนาดพื้นที่,พื้นที่หลังบ้าน,เกษตรผสมผสาน พื้นที่หลังบ้าน,10,4971 | 4972 | 4973 | 4974 | 4975 | 4976 | 4977 | 4978 | 4979 | 4980,/mixed-farming/integrated-farm-guide | /mixed-farming/integrated-farm-beginner | /mixed-farming/integrated-farm-problems | /mixed-farming/integrated-farm-cost | /mixed-farming/integrated-farm-compare | /mixed-farming/integrated-farm-calendar | /mixed-farming/integrated-farm-mistakes | /mixed-farming/integrated-farm-faq | /mixed-farming/integrated-farm-decision | /mixed-farming/integrated-farm-answer,P1:10,pending,0,
แพะ + หญ้าอาหารสัตว์,อาหารแพะ เมล็ดหญ้าอาหารสัตว์,เกษตรผสมผสาน / จัดการฟาร์ม,โมเดลฟาร์มผสม,แพะ + หญ้าอาหารสัตว์,เกษตรผสมผสาน แพะ + หญ้าอาหารสัตว์,10,5061 | 5062 | 5063 | 5064 | 5065 | 5066 | 5067 | 5068 | 5069 | 5070,/mixed-farming/mixed-model-goat-forage-guide | /mixed-farming/mixed-model-goat-forage-beginner | /mixed-farming/mixed-model-goat-forage-problems | /mixed-farming/mixed-model-goat-forage-cost | /mixed-farming/mixed-model-goat-forage-compare | /mixed-farming/mixed-model-goat-forage-calendar | /mixed-farming/mixed-model-goat-forage-mistakes | /mixed-farming/mixed-model-goat-forage-faq | /mixed-farming/mixed-model-goat-forage-decision | /mixed-farming/mixed-model-goat-forage-answer,P2:10,pending,0,
ฟาร์มรายย่อย,อุปกรณ์ฟาร์มขนาดเล็ก,เกษตรผสมผสาน / จัดการฟาร์ม,การจัดการฟาร์ม,ฟาร์มรายย่อย,เกษตรวันหยุด | ความเสี่ยงฟาร์ม | ซื้อที่ดินทำเกษตร | ตารางงานฟาร์ม | บัญชีฟาร์ม | แผนฟาร์ม 12 เดือน | ฟาร์มครอบครัว | แรงงานฟาร์ม | ลดต้นทุนฟาร์ม | ลาออกมาทำเกษตร,710,5091 | 5092 | 5093 | 5094 | 5095 | 5096 | 5097 | 5098 | 5099 | 5100 | 5101 | 5102 | 5103 | 5104 | 5105 | 5106 | 5107 | 5108 | 5109 | 5110 | 5111 | 5112 | 5113 | 5114 | 5115 | 5116 | 5117 | 5118 | 5119 | 5120 | 5121 | 5122 | 5123 | 5124 | 5125 | 5126 | 5127 | 5128 | 5129 | 5130 | 5131 | 5132 | 5133 | 5134 | 5135 | 5136 | 5137 | 5138 | 5139 | 5140 | 5141 | 5142 | 5143 | 5144 | 5145 | 5146 | 5147 | 5148 | 5149 | 5150 | 5151 | 5152 | 5153 | 5154 | 5155 | 5156 | 5157 | 5158 | 5159 | 5160 | 5161 | 5162 | 5163 | 5164 | 5165 | 5166 | 5167 | 5168 | 5169 | 5170 | 5171 | 5172 | 5173 | 5174 | 5175 | 5176 | 5177 | 5178 | 5179 | 5180 | 5181 | 5182 | 5183 | 5184 | 5185 | 5186 | 5187 | 5188 | 5189 | 5190 | 5191 | 5192 | 5193 | 5194 | 5195 | 5196 | 5197 | 5198 | 5199 | 5200 | 5201 | 5202 | 5203 | 5204 | 5205 | 5206 | 5207 | 5208 | 5209 | 5210 | 5211 | 5212 | 5213 | 5214 | 5215 | 5216 | 5217 | 5218 | 5219 | 5220 | 5221 | 5222 | 5223 | 5224 | 5225 | 5226 | 5227 | 5228 | 5229 | 5230 | 5231 | 5232 | 5233 | 5234 | 5235 | 5236 | 5237 | 5238 | 5239 | 5240 | 5241 | 5242 | 5243 | 5244 | 5245 | 5246 | 5247 | 5248 | 5249 | 5250 | 5251 | 5252 | 5253 | 5254 | 5255 | 5256 | 5257 | 5258 | 5259 | 5260 | 5261 | 5262 | 5263 | 5264 | 5265 | 5266 | 5267 | 5268 | 5269 | 5270 | 5271 | 5272 | 5273 | 5274 | 5275 | 5276 | 5277 | 5278 | 5279 | 5280 | 5281 | 5282 | 5283 | 5284 | 5285 | 5286 | 5287 | 5288 | 5289 | 5290 | 5291 | 5292 | 5293 | 5294 | 5295 | 5296 | 5297 | 5298 | 5299 | 5300 | 5301 | 5302 | 5303 | 5304 | 5305 | 5306 | 5307 | 5308 | 5309 | 5310 | 5311 | 5312 | 5313 | 5314 | 5315 | 5316 | 5317 | 5318 | 5319 | 5320 | 5321 | 5322 | 5323 | 5324 | 5325 | 5326 | 5327 | 5328 | 5329 | 5330 | 5331 | 5332 | 5333 | 5334 | 5335 | 5336 | 5337 | 5338 | 5339 | 5340 | 5341 | 5342 | 5343 | 5344 | 5345 | 5346 | 5347 | 5348 | 5349 | 5350 | 5351 | 5352 | 5353 | 5354 | 5355 | 5356 | 5357 | 5358 | 5359 | 5360 | 5361 | 5362 | 5363 | 5364 | 5365 | 5366 | 5367 | 5368 | 5369 | 5370 | 5371 | 5372 | 5373 | 5374 | 5375 | 5376 | 5377 | 5378 | 5379 | 5380 | 5381 | 5382 | 5383 | 5384 | 5385 | 5386 | 5387 | 5388 | 5389 | 5390 | 5391 | 5392 | 5393 | 5394 | 5395 | 5396 | 5397 | 5398 | 5399 | 5400 | 5401 | 5402 | 5403 | 5404 | 5405 | 5406 | 5407 | 5408 | 5409 | 5410 | 5411 | 5412 | 5413 | 5414 | 5415 | 5416 | 5417 | 5418 | 5419 | 5420 | 5421 | 5422 | 5423 | 5424 | 5425 | 5426 | 5427 | 5428 | 5429 | 5430 | 5431 | 5432 | 5433 | 5434 | 5435 | 5436 | 5437 | 5438 | 5439 | 5440 | 5441 | 5442 | 5443 | 5444 | 5445 | 5446 | 5447 | 5448 | 5449 | 5450 | 5451 | 5452 | 5453 | 5454 | 5455 | 5456 | 5457 | 5458 | 5459 | 5460 | 5461 | 5462 | 5463 | 5464 | 5465 | 5466 | 5467 | 5468 | 5469 | 5470 | 5471 | 5472 | 5473 | 5474 | 5475 | 5476 | 5477 | 5478 | 5479 | 5480 | 5481 | 5482 | 5483 | 5484 | 5485 | 5486 | 5487 | 5488 | 5489 | 5490 | 5491 | 5492 | 5493 | 5494 | 5495 | 5496 | 5497 | 5498 | 5499 | 5500 | 5501 | 5502 | 5503 | 5504 | 5505 | 5506 | 5507 | 5508 | 5509 | 5510 | 5511 | 5512 | 5513 | 5514 | 5515 | 5516 | 5517 | 5518 | 5519 | 5520 | 5521 | 5522 | 5523 | 5524 | 5525 | 5526 | 5527 | 5528 | 5529 | 5530 | 5531 | 5532 | 5533 | 5534 | 5535 | 5536 | 5537 | 5538 | 5539 | 5540 | 5541 | 5542 | 5543 | 5544 | 5545 | 5546 | 5547 | 5548 | 5549 | 5550 | 5551 | 5552 | 5553 | 5554 | 5555 | 5556 | 5557 | 5558 | 5559 | 5560 | 5561 | 5562 | 5563 | 5564 | 5565 | 5566 | 5567 | 5568 | 5569 | 5570 | 5571 | 5572 | 5573 | 5574 | 5575 | 5576 | 5577 | 5578 | 5579 | 5580 | 5581 | 5582 | 5583 | 5584 | 5585 | 5586 | 5587 | 5588 | 5589 | 5590 | 5591 | 5592 | 5593 | 5594 | 5595 | 5596 | 5597 | 5598 | 5599 | 5600 | 5601 | 5602 | 5603 | 5604 | 5605 | 5606 | 5607 | 5608 | 5609 | 5610 | 5611 | 5612 | 5613 | 5614 | 5615 | 5616 | 5617 | 5618 | 5619 | 5620 | 5621 | 5622 | 5623 | 5624 | 5625 | 5626 | 5627 | 5628 | 5629 | 5630 | 5631 | 5632 | 5633 | 5634 | 5635 | 5636 | 5637 | 5638 | 5639 | 5640 | 5641 | 5642 | 5643 | 5644 | 5645 | 5646 | 5647 | 5648 | 5649 | 5650 | 5651 | 5652 | 5653 | 5654 | 5655 | 5656 | 5657 | 5658 | 5659 | 5660 | 5661 | 5662 | 5663 | 5664 | 5665 | 5666 | 5667 | 5668 | 5669 | 5670 | 5671 | 5672 | 5673 | 5674 | 5675 | 5676 | 5677 | 5678 | 5679 | 5680 | 5681 | 5682 | 5683 | 5684 | 5685 | 5686 | 5687 | 5688 | 5689 | 5690 | 5691 | 5692 | 5693 | 5694 | 5695 | 5696 | 5697 | 5698 | 5699 | 5700 | 5701 | 5702 | 5703 | 5704 | 5705 | 5706 | 5707 | 5708 | 5709 | 5710 | 5711 | 5712 | 5713 | 5714 | 5715 | 5716 | 5717 | 5718 | 5719 | 5720 | 5721 | 5722 | 5723 | 5724 | 5725 | 5726 | 5727 | 5728 | 5729 | 5730 | 5731 | 5732 | 5733 | 5734 | 5735 | 5736 | 5737 | 5738 | 5739 | 5740 | 5741 | 5742 | 5743 | 5744 | 5745 | 5746 | 5747 | 5748 | 5749 | 5750 | 5751 | 5752 | 5753 | 5754 | 5755 | 5756 | 5757 | 5758 | 5759 | 5760 | 5761 | 5762 | 5763 | 5764 | 5765 | 5766 | 5767 | 5768 | 5769 | 5770 | 5771 | 5772 | 5773 | 5774 | 5775 | 5776 | 5777 | 5778 | 5779 | 5780 | 5781 | 5782 | 5783 | 5784 | 5785 | 5786 | 5787 | 5788 | 5789 | 5790 | 5791 | 5792 | 5793 | 5794 | 5795 | 5796 | 5797 | 5798 | 5799 | 5800,/mixed-farming/buy-farmland-checklist-509-guide | /mixed-farming/buy-farmland-checklist-509-beginner | /mixed-farming/buy-farmland-checklist-509-problems | /mixed-farming/buy-farmland-checklist-509-cost | /mixed-farming/buy-farmland-checklist-509-compare | /mixed-farming/buy-farmland-checklist-509-calendar | /mixed-farming/buy-farmland-checklist-509-mistakes | /mixed-farming/buy-farmland-checklist-509-faq | /mixed-farming/buy-farmland-checklist-509-decision | /mixed-farming/buy-farmland-checklist-509-answer | /mixed-farming/farm-accounting-510-guide | /mixed-farming/farm-accounting-510-beginner | /mixed-farming/farm-accounting-510-problems | /mixed-farming/farm-accounting-510-cost | /mixed-farming/farm-accounting-510-compare | /mixed-farming/farm-accounting-510-calendar | /mixed-farming/farm-accounting-510-mistakes | /mixed-farming/farm-accounting-510-faq | /mixed-farming/farm-accounting-510-decision | /mixed-farming/farm-accounting-510-answer | /mixed-farming/farm-work-schedule-511-guide | /mixed-farming/farm-work-schedule-511-beginner | /mixed-farming/farm-work-schedule-511-problems | /mixed-farming/farm-work-schedule-511-cost | /mixed-farming/farm-work-schedule-511-compare | /mixed-farming/farm-work-schedule-511-calendar | /mixed-farming/farm-work-schedule-511-mistakes | /mixed-farming/farm-work-schedule-511-faq | /mixed-farming/farm-work-schedule-511-decision | /mixed-farming/farm-work-schedule-511-answer | /mixed-farming/farm-labor-plan-512-guide | /mixed-farming/farm-labor-plan-512-beginner | /mixed-farming/farm-labor-plan-512-problems | /mixed-farming/farm-labor-plan-512-cost | /mixed-farming/farm-labor-plan-512-compare | /mixed-farming/farm-labor-plan-512-calendar | /mixed-farming/farm-labor-plan-512-mistakes | /mixed-farming/farm-labor-plan-512-faq | /mixed-farming/farm-labor-plan-512-decision | /mixed-farming/farm-labor-plan-512-answer | /mixed-farming/farm-cost-saving-513-guide | /mixed-farming/farm-cost-saving-513-beginner | /mixed-farming/farm-cost-saving-513-problems | /mixed-farming/farm-cost-saving-513-cost | /mixed-farming/farm-cost-saving-513-compare | /mixed-farming/farm-cost-saving-513-calendar | /mixed-farming/farm-cost-saving-513-mistakes | /mixed-farming/farm-cost-saving-513-faq | /mixed-farming/farm-cost-saving-513-decision | /mixed-farming/farm-cost-saving-513-answer | /mixed-farming/weekend-farm-514-guide | /mixed-farming/weekend-farm-514-beginner | /mixed-farming/weekend-farm-514-problems | /mixed-farming/weekend-farm-514-cost | /mixed-farming/weekend-farm-514-compare | /mixed-farming/weekend-farm-514-calendar | /mixed-farming/weekend-farm-514-mistakes | /mixed-farming/weekend-farm-514-faq | /mixed-farming/weekend-farm-514-decision | /mixed-farming/weekend-farm-514-answer | /mixed-farming/quit-job-farming-515-guide | /mixed-farming/quit-job-farming-515-beginner | /mixed-farming/quit-job-farming-515-problems | /mixed-farming/quit-job-farming-515-cost | /mixed-farming/quit-job-farming-515-compare | /mixed-farming/quit-job-farming-515-calendar | /mixed-farming/quit-job-farming-515-mistakes | /mixed-farming/quit-job-farming-515-faq | /mixed-farming/quit-job-farming-515-decision | /mixed-farming/quit-job-farming-515-answer | /mixed-farming/family-farm-system-516-guide | /mixed-farming/family-farm-system-516-beginner | /mixed-farming/family-farm-system-516-problems | /mixed-farming/family-farm-system-516-cost | /mixed-farming/family-farm-system-516-compare | /mixed-farming/family-farm-system-516-calendar | /mixed-farming/family-farm-system-516-mistakes | /mixed-farming/family-farm-system-516-faq | /mixed-farming/family-farm-system-516-decision | /mixed-farming/family-farm-system-516-answer | /mixed-farming/farm-risk-management-517-guide | /mixed-farming/farm-risk-management-517-beginner | /mixed-farming/farm-risk-management-517-problems | /mixed-farming/farm-risk-management-517-cost | /mixed-farming/farm-risk-management-517-compare | /mixed-farming/farm-risk-management-517-calendar | /mixed-farming/farm-risk-management-517-mistakes | /mixed-farming/farm-risk-management-517-faq | /mixed-farming/farm-risk-management-517-decision | /mixed-farming/farm-risk-management-517-answer | /mixed-farming/farm-12-month-plan-518-guide | /mixed-farming/farm-12-month-plan-518-beginner | /mixed-farming/farm-12-month-plan-518-problems | /mixed-farming/farm-12-month-plan-518-cost | /mixed-farming/farm-12-month-plan-518-compare | /mixed-farming/farm-12-month-plan-518-calendar | /mixed-farming/farm-12-month-plan-518-mistakes | /mixed-farming/farm-12-month-plan-518-faq | /mixed-farming/farm-12-month-plan-518-decision | /mixed-farming/farm-12-month-plan-518-answer | /mixed-farming/buy-farmland-checklist-519-guide | /mixed-farming/buy-farmland-checklist-519-beginner | /mixed-farming/buy-farmland-checklist-519-problems | /mixed-farming/buy-farmland-checklist-519-cost | /mixed-farming/buy-farmland-checklist-519-compare | /mixed-farming/buy-farmland-checklist-519-calendar | /mixed-farming/buy-farmland-checklist-519-mistakes | /mixed-farming/buy-farmland-checklist-519-faq | /mixed-farming/buy-farmland-checklist-519-decision | /mixed-farming/buy-farmland-checklist-519-answer | /mixed-farming/farm-accounting-520-guide | /mixed-farming/farm-accounting-520-beginner | /mixed-farming/farm-accounting-520-problems | /mixed-farming/farm-accounting-520-cost | /mixed-farming/farm-accounting-520-compare | /mixed-farming/farm-accounting-520-calendar | /mixed-farming/farm-accounting-520-mistakes | /mixed-farming/farm-accounting-520-faq | /mixed-farming/farm-accounting-520-decision | /mixed-farming/farm-accounting-520-answer | /mixed-farming/farm-work-schedule-521-guide | /mixed-farming/farm-work-schedule-521-beginner | /mixed-farming/farm-work-schedule-521-problems | /mixed-farming/farm-work-schedule-521-cost | /mixed-farming/farm-work-schedule-521-compare | /mixed-farming/farm-work-schedule-521-calendar | /mixed-farming/farm-work-schedule-521-mistakes | /mixed-farming/farm-work-schedule-521-faq | /mixed-farming/farm-work-schedule-521-decision | /mixed-farming/farm-work-schedule-521-answer | /mixed-farming/farm-labor-plan-522-guide | /mixed-farming/farm-labor-plan-522-beginner | /mixed-farming/farm-labor-plan-522-problems | /mixed-farming/farm-labor-plan-522-cost | /mixed-farming/farm-labor-plan-522-compare | /mixed-farming/farm-labor-plan-522-calendar | /mixed-farming/farm-labor-plan-522-mistakes | /mixed-farming/farm-labor-plan-522-faq | /mixed-farming/farm-labor-plan-522-decision | /mixed-farming/farm-labor-plan-522-answer | /mixed-farming/farm-cost-saving-523-guide | /mixed-farming/farm-cost-saving-523-beginner | /mixed-farming/farm-cost-saving-523-problems | /mixed-farming/farm-cost-saving-523-cost | /mixed-farming/farm-cost-saving-523-compare | /mixed-farming/farm-cost-saving-523-calendar | /mixed-farming/farm-cost-saving-523-mistakes | /mixed-farming/farm-cost-saving-523-faq | /mixed-farming/farm-cost-saving-523-decision | /mixed-farming/farm-cost-saving-523-answer | /mixed-farming/weekend-farm-524-guide | /mixed-farming/weekend-farm-524-beginner | /mixed-farming/weekend-farm-524-problems | /mixed-farming/weekend-farm-524-cost | /mixed-farming/weekend-farm-524-compare | /mixed-farming/weekend-farm-524-calendar | /mixed-farming/weekend-farm-524-mistakes | /mixed-farming/weekend-farm-524-faq | /mixed-farming/weekend-farm-524-decision | /mixed-farming/weekend-farm-524-answer | /mixed-farming/quit-job-farming-525-guide | /mixed-farming/quit-job-farming-525-beginner | /mixed-farming/quit-job-farming-525-problems | /mixed-farming/quit-job-farming-525-cost | /mixed-farming/quit-job-farming-525-compare | /mixed-farming/quit-job-farming-525-calendar | /mixed-farming/quit-job-farming-525-mistakes | /mixed-farming/quit-job-farming-525-faq | /mixed-farming/quit-job-farming-525-decision | /mixed-farming/quit-job-farming-525-answer | /mixed-farming/family-farm-system-526-guide | /mixed-farming/family-farm-system-526-beginner | /mixed-farming/family-farm-system-526-problems | /mixed-farming/family-farm-system-526-cost | /mixed-farming/family-farm-system-526-compare | /mixed-farming/family-farm-system-526-calendar | /mixed-farming/family-farm-system-526-mistakes | /mixed-farming/family-farm-system-526-faq | /mixed-farming/family-farm-system-526-decision | /mixed-farming/family-farm-system-526-answer | /mixed-farming/farm-risk-management-527-guide | /mixed-farming/farm-risk-management-527-beginner | /mixed-farming/farm-risk-management-527-problems | /mixed-farming/farm-risk-management-527-cost | /mixed-farming/farm-risk-management-527-compare | /mixed-farming/farm-risk-management-527-calendar | /mixed-farming/farm-risk-management-527-mistakes | /mixed-farming/farm-risk-management-527-faq | /mixed-farming/farm-risk-management-527-decision | /mixed-farming/farm-risk-management-527-answer | /mixed-farming/farm-12-month-plan-528-guide | /mixed-farming/farm-12-month-plan-528-beginner | /mixed-farming/farm-12-month-plan-528-problems | /mixed-farming/farm-12-month-plan-528-cost | /mixed-farming/farm-12-month-plan-528-compare | /mixed-farming/farm-12-month-plan-528-calendar | /mixed-farming/farm-12-month-plan-528-mistakes | /mixed-farming/farm-12-month-plan-528-faq | /mixed-farming/farm-12-month-plan-528-decision | /mixed-farming/farm-12-month-plan-528-answer | /mixed-farming/buy-farmland-checklist-529-guide | /mixed-farming/buy-farmland-checklist-529-beginner | /mixed-farming/buy-farmland-checklist-529-problems | /mixed-farming/buy-farmland-checklist-529-cost | /mixed-farming/buy-farmland-checklist-529-compare | /mixed-farming/buy-farmland-checklist-529-calendar | /mixed-farming/buy-farmland-checklist-529-mistakes | /mixed-farming/buy-farmland-checklist-529-faq | /mixed-farming/buy-farmland-checklist-529-decision | /mixed-farming/buy-farmland-checklist-529-answer | /mixed-farming/farm-accounting-530-guide | /mixed-farming/farm-accounting-530-beginner | /mixed-farming/farm-accounting-530-problems | /mixed-farming/farm-accounting-530-cost | /mixed-farming/farm-accounting-530-compare | /mixed-farming/farm-accounting-530-calendar | /mixed-farming/farm-accounting-530-mistakes | /mixed-farming/farm-accounting-530-faq | /mixed-farming/farm-accounting-530-decision | /mixed-farming/farm-accounting-530-answer | /mixed-farming/farm-work-schedule-531-guide | /mixed-farming/farm-work-schedule-531-beginner | /mixed-farming/farm-work-schedule-531-problems | /mixed-farming/farm-work-schedule-531-cost | /mixed-farming/farm-work-schedule-531-compare | /mixed-farming/farm-work-schedule-531-calendar | /mixed-farming/farm-work-schedule-531-mistakes | /mixed-farming/farm-work-schedule-531-faq | /mixed-farming/farm-work-schedule-531-decision | /mixed-farming/farm-work-schedule-531-answer | /mixed-farming/farm-labor-plan-532-guide | /mixed-farming/farm-labor-plan-532-beginner | /mixed-farming/farm-labor-plan-532-problems | /mixed-farming/farm-labor-plan-532-cost | /mixed-farming/farm-labor-plan-532-compare | /mixed-farming/farm-labor-plan-532-calendar | /mixed-farming/farm-labor-plan-532-mistakes | /mixed-farming/farm-labor-plan-532-faq | /mixed-farming/farm-labor-plan-532-decision | /mixed-farming/farm-labor-plan-532-answer | /mixed-farming/farm-cost-saving-533-guide | /mixed-farming/farm-cost-saving-533-beginner | /mixed-farming/farm-cost-saving-533-problems | /mixed-farming/farm-cost-saving-533-cost | /mixed-farming/farm-cost-saving-533-compare | /mixed-farming/farm-cost-saving-533-calendar | /mixed-farming/farm-cost-saving-533-mistakes | /mixed-farming/farm-cost-saving-533-faq | /mixed-farming/farm-cost-saving-533-decision | /mixed-farming/farm-cost-saving-533-answer | /mixed-farming/weekend-farm-534-guide | /mixed-farming/weekend-farm-534-beginner | /mixed-farming/weekend-farm-534-problems | /mixed-farming/weekend-farm-534-cost | /mixed-farming/weekend-farm-534-compare | /mixed-farming/weekend-farm-534-calendar | /mixed-farming/weekend-farm-534-mistakes | /mixed-farming/weekend-farm-534-faq | /mixed-farming/weekend-farm-534-decision | /mixed-farming/weekend-farm-534-answer | /mixed-farming/quit-job-farming-535-guide | /mixed-farming/quit-job-farming-535-beginner | /mixed-farming/quit-job-farming-535-problems | /mixed-farming/quit-job-farming-535-cost | /mixed-farming/quit-job-farming-535-compare | /mixed-farming/quit-job-farming-535-calendar | /mixed-farming/quit-job-farming-535-mistakes | /mixed-farming/quit-job-farming-535-faq | /mixed-farming/quit-job-farming-535-decision | /mixed-farming/quit-job-farming-535-answer | /mixed-farming/family-farm-system-536-guide | /mixed-farming/family-farm-system-536-beginner | /mixed-farming/family-farm-system-536-problems | /mixed-farming/family-farm-system-536-cost | /mixed-farming/family-farm-system-536-compare | /mixed-farming/family-farm-system-536-calendar | /mixed-farming/family-farm-system-536-mistakes | /mixed-farming/family-farm-system-536-faq | /mixed-farming/family-farm-system-536-decision | /mixed-farming/family-farm-system-536-answer | /mixed-farming/farm-risk-management-537-guide | /mixed-farming/farm-risk-management-537-beginner | /mixed-farming/farm-risk-management-537-problems | /mixed-farming/farm-risk-management-537-cost | /mixed-farming/farm-risk-management-537-compare | /mixed-farming/farm-risk-management-537-calendar | /mixed-farming/farm-risk-management-537-mistakes | /mixed-farming/farm-risk-management-537-faq | /mixed-farming/farm-risk-management-537-decision | /mixed-farming/farm-risk-management-537-answer | /mixed-farming/farm-12-month-plan-538-guide | /mixed-farming/farm-12-month-plan-538-beginner | /mixed-farming/farm-12-month-plan-538-problems | /mixed-farming/farm-12-month-plan-538-cost | /mixed-farming/farm-12-month-plan-538-compare | /mixed-farming/farm-12-month-plan-538-calendar | /mixed-farming/farm-12-month-plan-538-mistakes | /mixed-farming/farm-12-month-plan-538-faq | /mixed-farming/farm-12-month-plan-538-decision | /mixed-farming/farm-12-month-plan-538-answer | /mixed-farming/buy-farmland-checklist-539-guide | /mixed-farming/buy-farmland-checklist-539-beginner | /mixed-farming/buy-farmland-checklist-539-problems | /mixed-farming/buy-farmland-checklist-539-cost | /mixed-farming/buy-farmland-checklist-539-compare | /mixed-farming/buy-farmland-checklist-539-calendar | /mixed-farming/buy-farmland-checklist-539-mistakes | /mixed-farming/buy-farmland-checklist-539-faq | /mixed-farming/buy-farmland-checklist-539-decision | /mixed-farming/buy-farmland-checklist-539-answer | /mixed-farming/farm-accounting-540-guide | /mixed-farming/farm-accounting-540-beginner | /mixed-farming/farm-accounting-540-problems | /mixed-farming/farm-accounting-540-cost | /mixed-farming/farm-accounting-540-compare | /mixed-farming/farm-accounting-540-calendar | /mixed-farming/farm-accounting-540-mistakes | /mixed-farming/farm-accounting-540-faq | /mixed-farming/farm-accounting-540-decision | /mixed-farming/farm-accounting-540-answer | /mixed-farming/farm-work-schedule-541-guide | /mixed-farming/farm-work-schedule-541-beginner | /mixed-farming/farm-work-schedule-541-problems | /mixed-farming/farm-work-schedule-541-cost | /mixed-farming/farm-work-schedule-541-compare | /mixed-farming/farm-work-schedule-541-calendar | /mixed-farming/farm-work-schedule-541-mistakes | /mixed-farming/farm-work-schedule-541-faq | /mixed-farming/farm-work-schedule-541-decision | /mixed-farming/farm-work-schedule-541-answer | /mixed-farming/farm-labor-plan-542-guide | /mixed-farming/farm-labor-plan-542-beginner | /mixed-farming/farm-labor-plan-542-problems | /mixed-farming/farm-labor-plan-542-cost | /mixed-farming/farm-labor-plan-542-compare | /mixed-farming/farm-labor-plan-542-calendar | /mixed-farming/farm-labor-plan-542-mistakes | /mixed-farming/farm-labor-plan-542-faq | /mixed-farming/farm-labor-plan-542-decision | /mixed-farming/farm-labor-plan-542-answer | /mixed-farming/farm-cost-saving-543-guide | /mixed-farming/farm-cost-saving-543-beginner | /mixed-farming/farm-cost-saving-543-problems | /mixed-farming/farm-cost-saving-543-cost | /mixed-farming/farm-cost-saving-543-compare | /mixed-farming/farm-cost-saving-543-calendar | /mixed-farming/farm-cost-saving-543-mistakes | /mixed-farming/farm-cost-saving-543-faq | /mixed-farming/farm-cost-saving-543-decision | /mixed-farming/farm-cost-saving-543-answer | /mixed-farming/weekend-farm-544-guide | /mixed-farming/weekend-farm-544-beginner | /mixed-farming/weekend-farm-544-problems | /mixed-farming/weekend-farm-544-cost | /mixed-farming/weekend-farm-544-compare | /mixed-farming/weekend-farm-544-calendar | /mixed-farming/weekend-farm-544-mistakes | /mixed-farming/weekend-farm-544-faq | /mixed-farming/weekend-farm-544-decision | /mixed-farming/weekend-farm-544-answer | /mixed-farming/quit-job-farming-545-guide | /mixed-farming/quit-job-farming-545-beginner | /mixed-farming/quit-job-farming-545-problems | /mixed-farming/quit-job-farming-545-cost | /mixed-farming/quit-job-farming-545-compare | /mixed-farming/quit-job-farming-545-calendar | /mixed-farming/quit-job-farming-545-mistakes | /mixed-farming/quit-job-farming-545-faq | /mixed-farming/quit-job-farming-545-decision | /mixed-farming/quit-job-farming-545-answer | /mixed-farming/family-farm-system-546-guide | /mixed-farming/family-farm-system-546-beginner | /mixed-farming/family-farm-system-546-problems | /mixed-farming/family-farm-system-546-cost | /mixed-farming/family-farm-system-546-compare | /mixed-farming/family-farm-system-546-calendar | /mixed-farming/family-farm-system-546-mistakes | /mixed-farming/family-farm-system-546-faq | /mixed-farming/family-farm-system-546-decision | /mixed-farming/family-farm-system-546-answer | /mixed-farming/farm-risk-management-547-guide | /mixed-farming/farm-risk-management-547-beginner | /mixed-farming/farm-risk-management-547-problems | /mixed-farming/farm-risk-management-547-cost | /mixed-farming/farm-risk-management-547-compare | /mixed-farming/farm-risk-management-547-calendar | /mixed-farming/farm-risk-management-547-mistakes | /mixed-farming/farm-risk-management-547-faq | /mixed-farming/farm-risk-management-547-decision | /mixed-farming/farm-risk-management-547-answer | /mixed-farming/farm-12-month-plan-548-guide | /mixed-farming/farm-12-month-plan-548-beginner | /mixed-farming/farm-12-month-plan-548-problems | /mixed-farming/farm-12-month-plan-548-cost | /mixed-farming/farm-12-month-plan-548-compare | /mixed-farming/farm-12-month-plan-548-calendar | /mixed-farming/farm-12-month-plan-548-mistakes | /mixed-farming/farm-12-month-plan-548-faq | /mixed-farming/farm-12-month-plan-548-decision | /mixed-farming/farm-12-month-plan-548-answer | /mixed-farming/buy-farmland-checklist-549-guide | /mixed-farming/buy-farmland-checklist-549-beginner | /mixed-farming/buy-farmland-checklist-549-problems | /mixed-farming/buy-farmland-checklist-549-cost | /mixed-farming/buy-farmland-checklist-549-compare | /mixed-farming/buy-farmland-checklist-549-calendar | /mixed-farming/buy-farmland-checklist-549-mistakes | /mixed-farming/buy-farmland-checklist-549-faq | /mixed-farming/buy-farmland-checklist-549-decision | /mixed-farming/buy-farmland-checklist-549-answer | /mixed-farming/farm-accounting-550-guide | /mixed-farming/farm-accounting-550-beginner | /mixed-farming/farm-accounting-550-problems | /mixed-farming/farm-accounting-550-cost | /mixed-farming/farm-accounting-550-compare | /mixed-farming/farm-accounting-550-calendar | /mixed-farming/farm-accounting-550-mistakes | /mixed-farming/farm-accounting-550-faq | /mixed-farming/farm-accounting-550-decision | /mixed-farming/farm-accounting-550-answer | /mixed-farming/farm-work-schedule-551-guide | /mixed-farming/farm-work-schedule-551-beginner | /mixed-farming/farm-work-schedule-551-problems | /mixed-farming/farm-work-schedule-551-cost | /mixed-farming/farm-work-schedule-551-compare | /mixed-farming/farm-work-schedule-551-calendar | /mixed-farming/farm-work-schedule-551-mistakes | /mixed-farming/farm-work-schedule-551-faq | /mixed-farming/farm-work-schedule-551-decision | /mixed-farming/farm-work-schedule-551-answer | /mixed-farming/farm-labor-plan-552-guide | /mixed-farming/farm-labor-plan-552-beginner | /mixed-farming/farm-labor-plan-552-problems | /mixed-farming/farm-labor-plan-552-cost | /mixed-farming/farm-labor-plan-552-compare | /mixed-farming/farm-labor-plan-552-calendar | /mixed-farming/farm-labor-plan-552-mistakes | /mixed-farming/farm-labor-plan-552-faq | /mixed-farming/farm-labor-plan-552-decision | /mixed-farming/farm-labor-plan-552-answer | /mixed-farming/farm-cost-saving-553-guide | /mixed-farming/farm-cost-saving-553-beginner | /mixed-farming/farm-cost-saving-553-problems | /mixed-farming/farm-cost-saving-553-cost | /mixed-farming/farm-cost-saving-553-compare | /mixed-farming/farm-cost-saving-553-calendar | /mixed-farming/farm-cost-saving-553-mistakes | /mixed-farming/farm-cost-saving-553-faq | /mixed-farming/farm-cost-saving-553-decision | /mixed-farming/farm-cost-saving-553-answer | /mixed-farming/weekend-farm-554-guide | /mixed-farming/weekend-farm-554-beginner | /mixed-farming/weekend-farm-554-problems | /mixed-farming/weekend-farm-554-cost | /mixed-farming/weekend-farm-554-compare | /mixed-farming/weekend-farm-554-calendar | /mixed-farming/weekend-farm-554-mistakes | /mixed-farming/weekend-farm-554-faq | /mixed-farming/weekend-farm-554-decision | /mixed-farming/weekend-farm-554-answer | /mixed-farming/quit-job-farming-555-guide | /mixed-farming/quit-job-farming-555-beginner | /mixed-farming/quit-job-farming-555-problems | /mixed-farming/quit-job-farming-555-cost | /mixed-farming/quit-job-farming-555-compare | /mixed-farming/quit-job-farming-555-calendar | /mixed-farming/quit-job-farming-555-mistakes | /mixed-farming/quit-job-farming-555-faq | /mixed-farming/quit-job-farming-555-decision | /mixed-farming/quit-job-farming-555-answer | /mixed-farming/family-farm-system-556-guide | /mixed-farming/family-farm-system-556-beginner | /mixed-farming/family-farm-system-556-problems | /mixed-farming/family-farm-system-556-cost | /mixed-farming/family-farm-system-556-compare | /mixed-farming/family-farm-system-556-calendar | /mixed-farming/family-farm-system-556-mistakes | /mixed-farming/family-farm-system-556-faq | /mixed-farming/family-farm-system-556-decision | /mixed-farming/family-farm-system-556-answer | /mixed-farming/farm-risk-management-557-guide | /mixed-farming/farm-risk-management-557-beginner | /mixed-farming/farm-risk-management-557-problems | /mixed-farming/farm-risk-management-557-cost | /mixed-farming/farm-risk-management-557-compare | /mixed-farming/farm-risk-management-557-calendar | /mixed-farming/farm-risk-management-557-mistakes | /mixed-farming/farm-risk-management-557-faq | /mixed-farming/farm-risk-management-557-decision | /mixed-farming/farm-risk-management-557-answer | /mixed-farming/farm-12-month-plan-558-guide | /mixed-farming/farm-12-month-plan-558-beginner | /mixed-farming/farm-12-month-plan-558-problems | /mixed-farming/farm-12-month-plan-558-cost | /mixed-farming/farm-12-month-plan-558-compare | /mixed-farming/farm-12-month-plan-558-calendar | /mixed-farming/farm-12-month-plan-558-mistakes | /mixed-farming/farm-12-month-plan-558-faq | /mixed-farming/farm-12-month-plan-558-decision | /mixed-farming/farm-12-month-plan-558-answer | /mixed-farming/buy-farmland-checklist-559-guide | /mixed-farming/buy-farmland-checklist-559-beginner | /mixed-farming/buy-farmland-checklist-559-problems | /mixed-farming/buy-farmland-checklist-559-cost | /mixed-farming/buy-farmland-checklist-559-compare | /mixed-farming/buy-farmland-checklist-559-calendar | /mixed-farming/buy-farmland-checklist-559-mistakes | /mixed-farming/buy-farmland-checklist-559-faq | /mixed-farming/buy-farmland-checklist-559-decision | /mixed-farming/buy-farmland-checklist-559-answer | /mixed-farming/farm-accounting-560-guide | /mixed-farming/farm-accounting-560-beginner | /mixed-farming/farm-accounting-560-problems | /mixed-farming/farm-accounting-560-cost | /mixed-farming/farm-accounting-560-compare | /mixed-farming/farm-accounting-560-calendar | /mixed-farming/farm-accounting-560-mistakes | /mixed-farming/farm-accounting-560-faq | /mixed-farming/farm-accounting-560-decision | /mixed-farming/farm-accounting-560-answer | /mixed-farming/farm-work-schedule-561-guide | /mixed-farming/farm-work-schedule-561-beginner | /mixed-farming/farm-work-schedule-561-problems | /mixed-farming/farm-work-schedule-561-cost | /mixed-farming/farm-work-schedule-561-compare | /mixed-farming/farm-work-schedule-561-calendar | /mixed-farming/farm-work-schedule-561-mistakes | /mixed-farming/farm-work-schedule-561-faq | /mixed-farming/farm-work-schedule-561-decision | /mixed-farming/farm-work-schedule-561-answer | /mixed-farming/farm-labor-plan-562-guide | /mixed-farming/farm-labor-plan-562-beginner | /mixed-farming/farm-labor-plan-562-problems | /mixed-farming/farm-labor-plan-562-cost | /mixed-farming/farm-labor-plan-562-compare | /mixed-farming/farm-labor-plan-562-calendar | /mixed-farming/farm-labor-plan-562-mistakes | /mixed-farming/farm-labor-plan-562-faq | /mixed-farming/farm-labor-plan-562-decision | /mixed-farming/farm-labor-plan-562-answer | /mixed-farming/farm-cost-saving-563-guide | /mixed-farming/farm-cost-saving-563-beginner | /mixed-farming/farm-cost-saving-563-problems | /mixed-farming/farm-cost-saving-563-cost | /mixed-farming/farm-cost-saving-563-compare | /mixed-farming/farm-cost-saving-563-calendar | /mixed-farming/farm-cost-saving-563-mistakes | /mixed-farming/farm-cost-saving-563-faq | /mixed-farming/farm-cost-saving-563-decision | /mixed-farming/farm-cost-saving-563-answer | /mixed-farming/weekend-farm-564-guide | /mixed-farming/weekend-farm-564-beginner | /mixed-farming/weekend-farm-564-problems | /mixed-farming/weekend-farm-564-cost | /mixed-farming/weekend-farm-564-compare | /mixed-farming/weekend-farm-564-calendar | /mixed-farming/weekend-farm-564-mistakes | /mixed-farming/weekend-farm-564-faq | /mixed-farming/weekend-farm-564-decision | /mixed-farming/weekend-farm-564-answer | /mixed-farming/quit-job-farming-565-guide | /mixed-farming/quit-job-farming-565-beginner | /mixed-farming/quit-job-farming-565-problems | /mixed-farming/quit-job-farming-565-cost | /mixed-farming/quit-job-farming-565-compare | /mixed-farming/quit-job-farming-565-calendar | /mixed-farming/quit-job-farming-565-mistakes | /mixed-farming/quit-job-farming-565-faq | /mixed-farming/quit-job-farming-565-decision | /mixed-farming/quit-job-farming-565-answer | /mixed-farming/family-farm-system-566-guide | /mixed-farming/family-farm-system-566-beginner | /mixed-farming/family-farm-system-566-problems | /mixed-farming/family-farm-system-566-cost | /mixed-farming/family-farm-system-566-compare | /mixed-farming/family-farm-system-566-calendar | /mixed-farming/family-farm-system-566-mistakes | /mixed-farming/family-farm-system-566-faq | /mixed-farming/family-farm-system-566-decision | /mixed-farming/family-farm-system-566-answer | /mixed-farming/farm-risk-management-567-guide | /mixed-farming/farm-risk-management-567-beginner | /mixed-farming/farm-risk-management-567-problems | /mixed-farming/farm-risk-management-567-cost | /mixed-farming/farm-risk-management-567-compare | /mixed-farming/farm-risk-management-567-calendar | /mixed-farming/farm-risk-management-567-mistakes | /mixed-farming/farm-risk-management-567-faq | /mixed-farming/farm-risk-management-567-decision | /mixed-farming/farm-risk-management-567-answer | /mixed-farming/farm-12-month-plan-568-guide | /mixed-farming/farm-12-month-plan-568-beginner | /mixed-farming/farm-12-month-plan-568-problems | /mixed-farming/farm-12-month-plan-568-cost | /mixed-farming/farm-12-month-plan-568-compare | /mixed-farming/farm-12-month-plan-568-calendar | /mixed-farming/farm-12-month-plan-568-mistakes | /mixed-farming/farm-12-month-plan-568-faq | /mixed-farming/farm-12-month-plan-568-decision | /mixed-farming/farm-12-month-plan-568-answer | /mixed-farming/buy-farmland-checklist-569-guide | /mixed-farming/buy-farmland-checklist-569-beginner | /mixed-farming/buy-farmland-checklist-569-problems | /mixed-farming/buy-farmland-checklist-569-cost | /mixed-farming/buy-farmland-checklist-569-compare | /mixed-farming/buy-farmland-checklist-569-calendar | /mixed-farming/buy-farmland-checklist-569-mistakes | /mixed-farming/buy-farmland-checklist-569-faq | /mixed-farming/buy-farmland-checklist-569-decision | /mixed-farming/buy-farmland-checklist-569-answer | /mixed-farming/farm-accounting-570-guide | /mixed-farming/farm-accounting-570-beginner | /mixed-farming/farm-accounting-570-problems | /mixed-farming/farm-accounting-570-cost | /mixed-farming/farm-accounting-570-compare | /mixed-farming/farm-accounting-570-calendar | /mixed-farming/farm-accounting-570-mistakes | /mixed-farming/farm-accounting-570-faq | /mixed-farming/farm-accounting-570-decision | /mixed-farming/farm-accounting-570-answer | /mixed-farming/farm-work-schedule-571-guide | /mixed-farming/farm-work-schedule-571-beginner | /mixed-farming/farm-work-schedule-571-problems | /mixed-farming/farm-work-schedule-571-cost | /mixed-farming/farm-work-schedule-571-compare | /mixed-farming/farm-work-schedule-571-calendar | /mixed-farming/farm-work-schedule-571-mistakes | /mixed-farming/farm-work-schedule-571-faq | /mixed-farming/farm-work-schedule-571-decision | /mixed-farming/farm-work-schedule-571-answer | /mixed-farming/farm-labor-plan-572-guide | /mixed-farming/farm-labor-plan-572-beginner | /mixed-farming/farm-labor-plan-572-problems | /mixed-farming/farm-labor-plan-572-cost | /mixed-farming/farm-labor-plan-572-compare | /mixed-farming/farm-labor-plan-572-calendar | /mixed-farming/farm-labor-plan-572-mistakes | /mixed-farming/farm-labor-plan-572-faq | /mixed-farming/farm-labor-plan-572-decision | /mixed-farming/farm-labor-plan-572-answer | /mixed-farming/farm-cost-saving-573-guide | /mixed-farming/farm-cost-saving-573-beginner | /mixed-farming/farm-cost-saving-573-problems | /mixed-farming/farm-cost-saving-573-cost | /mixed-farming/farm-cost-saving-573-compare | /mixed-farming/farm-cost-saving-573-calendar | /mixed-farming/farm-cost-saving-573-mistakes | /mixed-farming/farm-cost-saving-573-faq | /mixed-farming/farm-cost-saving-573-decision | /mixed-farming/farm-cost-saving-573-answer | /mixed-farming/weekend-farm-574-guide | /mixed-farming/weekend-farm-574-beginner | /mixed-farming/weekend-farm-574-problems | /mixed-farming/weekend-farm-574-cost | /mixed-farming/weekend-farm-574-compare | /mixed-farming/weekend-farm-574-calendar | /mixed-farming/weekend-farm-574-mistakes | /mixed-farming/weekend-farm-574-faq | /mixed-farming/weekend-farm-574-decision | /mixed-farming/weekend-farm-574-answer | /mixed-farming/quit-job-farming-575-guide | /mixed-farming/quit-job-farming-575-beginner | /mixed-farming/quit-job-farming-575-problems | /mixed-farming/quit-job-farming-575-cost | /mixed-farming/quit-job-farming-575-compare | /mixed-farming/quit-job-farming-575-calendar | /mixed-farming/quit-job-farming-575-mistakes | /mixed-farming/quit-job-farming-575-faq | /mixed-farming/quit-job-farming-575-decision | /mixed-farming/quit-job-farming-575-answer | /mixed-farming/family-farm-system-576-guide | /mixed-farming/family-farm-system-576-beginner | /mixed-farming/family-farm-system-576-problems | /mixed-farming/family-farm-system-576-cost | /mixed-farming/family-farm-system-576-compare | /mixed-farming/family-farm-system-576-calendar | /mixed-farming/family-farm-system-576-mistakes | /mixed-farming/family-farm-system-576-faq | /mixed-farming/family-farm-system-576-decision | /mixed-farming/family-farm-system-576-answer | /mixed-farming/farm-risk-management-577-guide | /mixed-farming/farm-risk-management-577-beginner | /mixed-farming/farm-risk-management-577-problems | /mixed-farming/farm-risk-management-577-cost | /mixed-farming/farm-risk-management-577-compare | /mixed-farming/farm-risk-management-577-calendar | /mixed-farming/farm-risk-management-577-mistakes | /mixed-farming/farm-risk-management-577-faq | /mixed-farming/farm-risk-management-577-decision | /mixed-farming/farm-risk-management-577-answer | /mixed-farming/farm-12-month-plan-578-guide | /mixed-farming/farm-12-month-plan-578-beginner | /mixed-farming/farm-12-month-plan-578-problems | /mixed-farming/farm-12-month-plan-578-cost | /mixed-farming/farm-12-month-plan-578-compare | /mixed-farming/farm-12-month-plan-578-calendar | /mixed-farming/farm-12-month-plan-578-mistakes | /mixed-farming/farm-12-month-plan-578-faq | /mixed-farming/farm-12-month-plan-578-decision | /mixed-farming/farm-12-month-plan-578-answer | /mixed-farming/buy-farmland-checklist-579-guide | /mixed-farming/buy-farmland-checklist-579-beginner | /mixed-farming/buy-farmland-checklist-579-problems | /mixed-farming/buy-farmland-checklist-579-cost | /mixed-farming/buy-farmland-checklist-579-compare | /mixed-farming/buy-farmland-checklist-579-calendar | /mixed-farming/buy-farmland-checklist-579-mistakes | /mixed-farming/buy-farmland-checklist-579-faq | /mixed-farming/buy-farmland-checklist-579-decision | /mixed-farming/buy-farmland-checklist-579-answer,P2:710,pending,0,
สวนผลไม้ + ไก่บ้าน,อุปกรณ์สวนผลไม้ เลี้ยงไก่,เกษตรผสมผสาน / จัดการฟาร์ม,โมเดลฟาร์มผสม,สวนผลไม้ + ไก่บ้าน,เกษตรผสมผสาน สวนผลไม้ + ไก่บ้าน,10,5021 | 5022 | 5023 | 5024 | 5025 | 5026 | 5027 | 5028 | 5029 | 5030,/mixed-farming/mixed-model-orchard-native-chicken-guide | /mixed-farming/mixed-model-orchard-native-chicken-beginner | /mixed-farming/mixed-model-orchard-native-chicken-problems | /mixed-farming/mixed-model-orchard-native-chicken-cost | /mixed-farming/mixed-model-orchard-native-chicken-compare | /mixed-farming/mixed-model-orchard-native-chicken-calendar | /mixed-farming/mixed-model-orchard-native-chicken-mistakes | /mixed-farming/mixed-model-orchard-native-chicken-faq | /mixed-farming/mixed-model-orchard-native-chicken-decision | /mixed-farming/mixed-model-orchard-native-chicken-answer,P2:10,pending,0,
หญ้าเนเปียร์ + วัว,ท่อนพันธุ์หญ้าเนเปียร์ อาหารวัว,เกษตรผสมผสาน / จัดการฟาร์ม,โมเดลฟาร์มผสม,หญ้าเนเปียร์ + วัว,เกษตรผสมผสาน หญ้าเนเปียร์ + วัว,10,5041 | 5042 | 5043 | 5044 | 5045 | 5046 | 5047 | 5048 | 5049 | 5050,/mixed-farming/mixed-model-napier-cattle-guide | /mixed-farming/mixed-model-napier-cattle-beginner | /mixed-farming/mixed-model-napier-cattle-problems | /mixed-farming/mixed-model-napier-cattle-cost | /mixed-farming/mixed-model-napier-cattle-compare | /mixed-farming/mixed-model-napier-cattle-calendar | /mixed-farming/mixed-model-napier-cattle-mistakes | /mixed-farming/mixed-model-napier-cattle-faq | /mixed-farming/mixed-model-napier-cattle-decision | /mixed-farming/mixed-model-napier-cattle-answer,P2:10,pending,0,
หมูหลุม + ปุ๋ยคอก,อุปกรณ์หมูหลุม ปุ๋ยคอก,เกษตรผสมผสาน / จัดการฟาร์ม,โมเดลฟาร์มผสม,หมูหลุม + ปุ๋ยคอก,เกษตรผสมผสาน หมูหลุม + ปุ๋ยคอก,10,5071 | 5072 | 5073 | 5074 | 5075 | 5076 | 5077 | 5078 | 5079 | 5080,/mixed-farming/mixed-model-deep-litter-pig-manure-guide | /mixed-farming/mixed-model-deep-litter-pig-manure-beginner | /mixed-farming/mixed-model-deep-litter-pig-manure-problems | /mixed-farming/mixed-model-deep-litter-pig-manure-cost | /mixed-farming/mixed-model-deep-litter-pig-manure-compare | /mixed-farming/mixed-model-deep-litter-pig-manure-calendar | /mixed-farming/mixed-model-deep-litter-pig-manure-mistakes | /mixed-farming/mixed-model-deep-litter-pig-manure-faq | /mixed-farming/mixed-model-deep-litter-pig-manure-decision | /mixed-farming/mixed-model-deep-litter-pig-manure-answer,P2:10,pending,0,
เห็ด + ไส้เดือน,ชุดเพาะเห็ด เลี้ยงไส้เดือน,เกษตรผสมผสาน / จัดการฟาร์ม,โมเดลฟาร์มผสม,เห็ด + ไส้เดือน,เกษตรผสมผสาน เห็ด + ไส้เดือน,10,5081 | 5082 | 5083 | 5084 | 5085 | 5086 | 5087 | 5088 | 5089 | 5090,/mixed-farming/mixed-model-mushroom-earthworm-guide | /mixed-farming/mixed-model-mushroom-earthworm-beginner | /mixed-farming/mixed-model-mushroom-earthworm-problems | /mixed-farming/mixed-model-mushroom-earthworm-cost | /mixed-farming/mixed-model-mushroom-earthworm-compare | /mixed-farming/mixed-model-mushroom-earthworm-calendar | /mixed-farming/mixed-model-mushroom-earthworm-mistakes | /mixed-farming/mixed-model-mushroom-earthworm-faq | /mixed-farming/mixed-model-mushroom-earthworm-decision | /mixed-farming/mixed-model-mushroom-earthworm-answer,P2:10,pending,0,
กรมประมง,คู่มือการเลี้ยงปลา,ข่าวสาร กฎหมาย หน่วยงาน และมาตรฐาน,หน่วยงานประมง,กรมประมง,กรมประมง,30,9781 | 9782 | 9783 | 9784 | 9785 | 9786 | 9787 | 9788 | 9789 | 9790 | 9881 | 9882 | 9883 | 9884 | 9885 | 9886 | 9887 | 9888 | 9889 | 9890 | 9981 | 9982 | 9983 | 9984 | 9985 | 9986 | 9987 | 9988 | 9989 | 9990,/agri-news-law-standards/fisheries-guide-978-guide | /agri-news-law-standards/fisheries-guide-978-beginner | /agri-news-law-standards/fisheries-guide-978-problems | /agri-news-law-standards/fisheries-guide-978-cost | /agri-news-law-standards/fisheries-guide-978-compare | /agri-news-law-standards/fisheries-guide-978-calendar | /agri-news-law-standards/fisheries-guide-978-mistakes | /agri-news-law-standards/fisheries-guide-978-faq | /agri-news-law-standards/fisheries-guide-978-decision | /agri-news-law-standards/fisheries-guide-978-answer | /agri-news-law-standards/fisheries-guide-988-guide | /agri-news-law-standards/fisheries-guide-988-beginner | /agri-news-law-standards/fisheries-guide-988-problems | /agri-news-law-standards/fisheries-guide-988-cost | /agri-news-law-standards/fisheries-guide-988-compare | /agri-news-law-standards/fisheries-guide-988-calendar | /agri-news-law-standards/fisheries-guide-988-mistakes | /agri-news-law-standards/fisheries-guide-988-faq | /agri-news-law-standards/fisheries-guide-988-decision | /agri-news-law-standards/fisheries-guide-988-answer | /agri-news-law-standards/fisheries-guide-998-guide | /agri-news-law-standards/fisheries-guide-998-beginner | /agri-news-law-standards/fisheries-guide-998-problems | /agri-news-law-standards/fisheries-guide-998-cost | /agri-news-law-standards/fisheries-guide-998-compare | /agri-news-law-standards/fisheries-guide-998-calendar | /agri-news-law-standards/fisheries-guide-998-mistakes | /agri-news-law-standards/fisheries-guide-998-faq | /agri-news-law-standards/fisheries-guide-998-decision | /agri-news-law-standards/fisheries-guide-998-answer,P2:30,pending,0,
กรมปศุสัตว์,คู่มือการเลี้ยงสัตว์,ข่าวสาร กฎหมาย หน่วยงาน และมาตรฐาน,หน่วยงานปศุสัตว์,กรมปศุสัตว์,กรมปศุสัตว์,30,9771 | 9772 | 9773 | 9774 | 9775 | 9776 | 9777 | 9778 | 9779 | 9780 | 9871 | 9872 | 9873 | 9874 | 9875 | 9876 | 9877 | 9878 | 9879 | 9880 | 9971 | 9972 | 9973 | 9974 | 9975 | 9976 | 9977 | 9978 | 9979 | 9980,/agri-news-law-standards/dld-guide-977-guide | /agri-news-law-standards/dld-guide-977-beginner | /agri-news-law-standards/dld-guide-977-problems | /agri-news-law-standards/dld-guide-977-cost | /agri-news-law-standards/dld-guide-977-compare | /agri-news-law-standards/dld-guide-977-calendar | /agri-news-law-standards/dld-guide-977-mistakes | /agri-news-law-standards/dld-guide-977-faq | /agri-news-law-standards/dld-guide-977-decision | /agri-news-law-standards/dld-guide-977-answer | /agri-news-law-standards/dld-guide-987-guide | /agri-news-law-standards/dld-guide-987-beginner | /agri-news-law-standards/dld-guide-987-problems | /agri-news-law-standards/dld-guide-987-cost | /agri-news-law-standards/dld-guide-987-compare | /agri-news-law-standards/dld-guide-987-calendar | /agri-news-law-standards/dld-guide-987-mistakes | /agri-news-law-standards/dld-guide-987-faq | /agri-news-law-standards/dld-guide-987-decision | /agri-news-law-standards/dld-guide-987-answer | /agri-news-law-standards/dld-guide-997-guide | /agri-news-law-standards/dld-guide-997-beginner | /agri-news-law-standards/dld-guide-997-problems | /agri-news-law-standards/dld-guide-997-cost | /agri-news-law-standards/dld-guide-997-compare | /agri-news-law-standards/dld-guide-997-calendar | /agri-news-law-standards/dld-guide-997-mistakes | /agri-news-law-standards/dld-guide-997-faq | /agri-news-law-standards/dld-guide-997-decision | /agri-news-law-standards/dld-guide-997-answer,P2:30,pending,0,
กรมส่งเสริมการเกษตร,คู่มือการเกษตร,ข่าวสาร กฎหมาย หน่วยงาน และมาตรฐาน,หน่วยงานเกษตร,กรมส่งเสริมการเกษตร,กรมส่งเสริมการเกษตร,30,9761 | 9762 | 9763 | 9764 | 9765 | 9766 | 9767 | 9768 | 9769 | 9770 | 9861 | 9862 | 9863 | 9864 | 9865 | 9866 | 9867 | 9868 | 9869 | 9870 | 9961 | 9962 | 9963 | 9964 | 9965 | 9966 | 9967 | 9968 | 9969 | 9970,/agri-news-law-standards/doae-guide-976-guide | /agri-news-law-standards/doae-guide-976-beginner | /agri-news-law-standards/doae-guide-976-problems | /agri-news-law-standards/doae-guide-976-cost | /agri-news-law-standards/doae-guide-976-compare | /agri-news-law-standards/doae-guide-976-calendar | /agri-news-law-standards/doae-guide-976-mistakes | /agri-news-law-standards/doae-guide-976-faq | /agri-news-law-standards/doae-guide-976-decision | /agri-news-law-standards/doae-guide-976-answer | /agri-news-law-standards/doae-guide-986-guide | /agri-news-law-standards/doae-guide-986-beginner | /agri-news-law-standards/doae-guide-986-problems | /agri-news-law-standards/doae-guide-986-cost | /agri-news-law-standards/doae-guide-986-compare | /agri-news-law-standards/doae-guide-986-calendar | /agri-news-law-standards/doae-guide-986-mistakes | /agri-news-law-standards/doae-guide-986-faq | /agri-news-law-standards/doae-guide-986-decision | /agri-news-law-standards/doae-guide-986-answer | /agri-news-law-standards/doae-guide-996-guide | /agri-news-law-standards/doae-guide-996-beginner | /agri-news-law-standards/doae-guide-996-problems | /agri-news-law-standards/doae-guide-996-cost | /agri-news-law-standards/doae-guide-996-compare | /agri-news-law-standards/doae-guide-996-calendar | /agri-news-law-standards/doae-guide-996-mistakes | /agri-news-law-standards/doae-guide-996-faq | /agri-news-law-standards/doae-guide-996-decision | /agri-news-law-standards/doae-guide-996-answer,P2:30,pending,0,
ขอคำปรึกษาเกษตร,สมุดบันทึกฟาร์ม,ข่าวสาร กฎหมาย หน่วยงาน และมาตรฐาน,หน่วยงานและการเตรียมข้อมูล,ขอคำปรึกษาเกษตร,ขอคำปรึกษาเกษตร,30,9791 | 9792 | 9793 | 9794 | 9795 | 9796 | 9797 | 9798 | 9799 | 9800 | 9891 | 9892 | 9893 | 9894 | 9895 | 9896 | 9897 | 9898 | 9899 | 9900 | 9991 | 9992 | 9993 | 9994 | 9995 | 9996 | 9997 | 9998 | 9999 | 10000,/agri-news-law-standards/ask-agri-officer-979-guide | /agri-news-law-standards/ask-agri-officer-979-beginner | /agri-news-law-standards/ask-agri-officer-979-problems | /agri-news-law-standards/ask-agri-officer-979-cost | /agri-news-law-standards/ask-agri-officer-979-compare | /agri-news-law-standards/ask-agri-officer-979-calendar | /agri-news-law-standards/ask-agri-officer-979-mistakes | /agri-news-law-standards/ask-agri-officer-979-faq | /agri-news-law-standards/ask-agri-officer-979-decision | /agri-news-law-standards/ask-agri-officer-979-answer | /agri-news-law-standards/ask-agri-officer-989-guide | /agri-news-law-standards/ask-agri-officer-989-beginner | /agri-news-law-standards/ask-agri-officer-989-problems | /agri-news-law-standards/ask-agri-officer-989-cost | /agri-news-law-standards/ask-agri-officer-989-compare | /agri-news-law-standards/ask-agri-officer-989-calendar | /agri-news-law-standards/ask-agri-officer-989-mistakes | /agri-news-law-standards/ask-agri-officer-989-faq | /agri-news-law-standards/ask-agri-officer-989-decision | /agri-news-law-standards/ask-agri-officer-989-answer | /agri-news-law-standards/ask-agri-officer-999-guide | /agri-news-law-standards/ask-agri-officer-999-beginner | /agri-news-law-standards/ask-agri-officer-999-problems | /agri-news-law-standards/ask-agri-officer-999-cost | /agri-news-law-standards/ask-agri-officer-999-compare | /agri-news-law-standards/ask-agri-officer-999-calendar | /agri-news-law-standards/ask-agri-officer-999-mistakes | /agri-news-law-standards/ask-agri-officer-999-faq | /agri-news-law-standards/ask-agri-officer-999-decision | /agri-news-law-standards/ask-agri-officer-999-answer,P2:30,pending,0,
ขายอาหารแปรรูป,เครื่องซีลถุงอาหาร,ข่าวสาร กฎหมาย หน่วยงาน และมาตรฐาน,กฎหมายอาหารและฉลาก,ขายอาหารแปรรูป,ขายอาหารแปรรูป,30,9741 | 9742 | 9743 | 9744 | 9745 | 9746 | 9747 | 9748 | 9749 | 9750 | 9841 | 9842 | 9843 | 9844 | 9845 | 9846 | 9847 | 9848 | 9849 | 9850 | 9941 | 9942 | 9943 | 9944 | 9945 | 9946 | 9947 | 9948 | 9949 | 9950,/agri-news-law-standards/processed-food-law-974-guide | /agri-news-law-standards/processed-food-law-974-beginner | /agri-news-law-standards/processed-food-law-974-problems | /agri-news-law-standards/processed-food-law-974-cost | /agri-news-law-standards/processed-food-law-974-compare | /agri-news-law-standards/processed-food-law-974-calendar | /agri-news-law-standards/processed-food-law-974-mistakes | /agri-news-law-standards/processed-food-law-974-faq | /agri-news-law-standards/processed-food-law-974-decision | /agri-news-law-standards/processed-food-law-974-answer | /agri-news-law-standards/processed-food-law-984-guide | /agri-news-law-standards/processed-food-law-984-beginner | /agri-news-law-standards/processed-food-law-984-problems | /agri-news-law-standards/processed-food-law-984-cost | /agri-news-law-standards/processed-food-law-984-compare | /agri-news-law-standards/processed-food-law-984-calendar | /agri-news-law-standards/processed-food-law-984-mistakes | /agri-news-law-standards/processed-food-law-984-faq | /agri-news-law-standards/processed-food-law-984-decision | /agri-news-law-standards/processed-food-law-984-answer | /agri-news-law-standards/processed-food-law-994-guide | /agri-news-law-standards/processed-food-law-994-beginner | /agri-news-law-standards/processed-food-law-994-problems | /agri-news-law-standards/processed-food-law-994-cost | /agri-news-law-standards/processed-food-law-994-compare | /agri-news-law-standards/processed-food-law-994-calendar | /agri-news-law-standards/processed-food-law-994-mistakes | /agri-news-law-standards/processed-food-law-994-faq | /agri-news-law-standards/processed-food-law-994-decision | /agri-news-law-standards/processed-food-law-994-answer,P2:30,pending,0,
ขึ้นทะเบียนเกษตรกร,สมุดบันทึกฟาร์ม เกษตร,ข่าวสาร กฎหมาย หน่วยงาน และมาตรฐาน,หน่วยงานและสิทธิประโยชน์,ขึ้นทะเบียนเกษตรกร,ขึ้นทะเบียนเกษตรกร,30,9701 | 9702 | 9703 | 9704 | 9705 | 9706 | 9707 | 9708 | 9709 | 9710 | 9801 | 9802 | 9803 | 9804 | 9805 | 9806 | 9807 | 9808 | 9809 | 9810 | 9901 | 9902 | 9903 | 9904 | 9905 | 9906 | 9907 | 9908 | 9909 | 9910,/agri-news-law-standards/farmer-registration-970-guide | /agri-news-law-standards/farmer-registration-970-beginner | /agri-news-law-standards/farmer-registration-970-problems | /agri-news-law-standards/farmer-registration-970-cost | /agri-news-law-standards/farmer-registration-970-compare | /agri-news-law-standards/farmer-registration-970-calendar | /agri-news-law-standards/farmer-registration-970-mistakes | /agri-news-law-standards/farmer-registration-970-faq | /agri-news-law-standards/farmer-registration-970-decision | /agri-news-law-standards/farmer-registration-970-answer | /agri-news-law-standards/farmer-registration-980-guide | /agri-news-law-standards/farmer-registration-980-beginner | /agri-news-law-standards/farmer-registration-980-problems | /agri-news-law-standards/farmer-registration-980-cost | /agri-news-law-standards/farmer-registration-980-compare | /agri-news-law-standards/farmer-registration-980-calendar | /agri-news-law-standards/farmer-registration-980-mistakes | /agri-news-law-standards/farmer-registration-980-faq | /agri-news-law-standards/farmer-registration-980-decision | /agri-news-law-standards/farmer-registration-980-answer | /agri-news-law-standards/farmer-registration-990-guide | /agri-news-law-standards/farmer-registration-990-beginner | /agri-news-law-standards/farmer-registration-990-problems | /agri-news-law-standards/farmer-registration-990-cost | /agri-news-law-standards/farmer-registration-990-compare | /agri-news-law-standards/farmer-registration-990-calendar | /agri-news-law-standards/farmer-registration-990-mistakes | /agri-news-law-standards/farmer-registration-990-faq | /agri-news-law-standards/farmer-registration-990-decision | /agri-news-law-standards/farmer-registration-990-answer,P2:30,pending,0,
เงินช่วยเหลือเกษตร,สมุดบัญชีฟาร์ม,ข่าวสาร กฎหมาย หน่วยงาน และมาตรฐาน,สิทธิและสวัสดิการ,เงินช่วยเหลือเกษตร,เงินช่วยเหลือเกษตร,30,9751 | 9752 | 9753 | 9754 | 9755 | 9756 | 9757 | 9758 | 9759 | 9760 | 9851 | 9852 | 9853 | 9854 | 9855 | 9856 | 9857 | 9858 | 9859 | 9860 | 9951 | 9952 | 9953 | 9954 | 9955 | 9956 | 9957 | 9958 | 9959 | 9960,/agri-news-law-standards/agri-disaster-support-975-guide | /agri-news-law-standards/agri-disaster-support-975-beginner | /agri-news-law-standards/agri-disaster-support-975-problems | /agri-news-law-standards/agri-disaster-support-975-cost | /agri-news-law-standards/agri-disaster-support-975-compare | /agri-news-law-standards/agri-disaster-support-975-calendar | /agri-news-law-standards/agri-disaster-support-975-mistakes | /agri-news-law-standards/agri-disaster-support-975-faq | /agri-news-law-standards/agri-disaster-support-975-decision | /agri-news-law-standards/agri-disaster-support-975-answer | /agri-news-law-standards/agri-disaster-support-985-guide | /agri-news-law-standards/agri-disaster-support-985-beginner | /agri-news-law-standards/agri-disaster-support-985-problems | /agri-news-law-standards/agri-disaster-support-985-cost | /agri-news-law-standards/agri-disaster-support-985-compare | /agri-news-law-standards/agri-disaster-support-985-calendar | /agri-news-law-standards/agri-disaster-support-985-mistakes | /agri-news-law-standards/agri-disaster-support-985-faq | /agri-news-law-standards/agri-disaster-support-985-decision | /agri-news-law-standards/agri-disaster-support-985-answer | /agri-news-law-standards/agri-disaster-support-995-guide | /agri-news-law-standards/agri-disaster-support-995-beginner | /agri-news-law-standards/agri-disaster-support-995-problems | /agri-news-law-standards/agri-disaster-support-995-cost | /agri-news-law-standards/agri-disaster-support-995-compare | /agri-news-law-standards/agri-disaster-support-995-calendar | /agri-news-law-standards/agri-disaster-support-995-mistakes | /agri-news-law-standards/agri-disaster-support-995-faq | /agri-news-law-standards/agri-disaster-support-995-decision | /agri-news-law-standards/agri-disaster-support-995-answer,P2:30,pending,0,
มาตรฐานฟาร์มปศุสัตว์,สมุดบันทึกฟาร์มปศุสัตว์,ข่าวสาร กฎหมาย หน่วยงาน และมาตรฐาน,มาตรฐานปศุสัตว์,มาตรฐานฟาร์มปศุสัตว์,มาตรฐานฟาร์มปศุสัตว์,30,9731 | 9732 | 9733 | 9734 | 9735 | 9736 | 9737 | 9738 | 9739 | 9740 | 9831 | 9832 | 9833 | 9834 | 9835 | 9836 | 9837 | 9838 | 9839 | 9840 | 9931 | 9932 | 9933 | 9934 | 9935 | 9936 | 9937 | 9938 | 9939 | 9940,/agri-news-law-standards/livestock-farm-standard-973-guide | /agri-news-law-standards/livestock-farm-standard-973-beginner | /agri-news-law-standards/livestock-farm-standard-973-problems | /agri-news-law-standards/livestock-farm-standard-973-cost | /agri-news-law-standards/livestock-farm-standard-973-compare | /agri-news-law-standards/livestock-farm-standard-973-calendar | /agri-news-law-standards/livestock-farm-standard-973-mistakes | /agri-news-law-standards/livestock-farm-standard-973-faq | /agri-news-law-standards/livestock-farm-standard-973-decision | /agri-news-law-standards/livestock-farm-standard-973-answer | /agri-news-law-standards/livestock-farm-standard-983-guide | /agri-news-law-standards/livestock-farm-standard-983-beginner | /agri-news-law-standards/livestock-farm-standard-983-problems | /agri-news-law-standards/livestock-farm-standard-983-cost | /agri-news-law-standards/livestock-farm-standard-983-compare | /agri-news-law-standards/livestock-farm-standard-983-calendar | /agri-news-law-standards/livestock-farm-standard-983-mistakes | /agri-news-law-standards/livestock-farm-standard-983-faq | /agri-news-law-standards/livestock-farm-standard-983-decision | /agri-news-law-standards/livestock-farm-standard-983-answer | /agri-news-law-standards/livestock-farm-standard-993-guide | /agri-news-law-standards/livestock-farm-standard-993-beginner | /agri-news-law-standards/livestock-farm-standard-993-problems | /agri-news-law-standards/livestock-farm-standard-993-cost | /agri-news-law-standards/livestock-farm-standard-993-compare | /agri-news-law-standards/livestock-farm-standard-993-calendar | /agri-news-law-standards/livestock-farm-standard-993-mistakes | /agri-news-law-standards/livestock-farm-standard-993-faq | /agri-news-law-standards/livestock-farm-standard-993-decision | /agri-news-law-standards/livestock-farm-standard-993-answer,P2:30,pending,0,
มาตรฐาน GAP,สมุดบันทึกฟาร์ม GAP,ข่าวสาร กฎหมาย หน่วยงาน และมาตรฐาน,มาตรฐานสินค้าเกษตร,มาตรฐาน GAP,มาตรฐาน GAP,30,9711 | 9712 | 9713 | 9714 | 9715 | 9716 | 9717 | 9718 | 9719 | 9720 | 9811 | 9812 | 9813 | 9814 | 9815 | 9816 | 9817 | 9818 | 9819 | 9820 | 9911 | 9912 | 9913 | 9914 | 9915 | 9916 | 9917 | 9918 | 9919 | 9920,/agri-news-law-standards/gap-standard-971-guide | /agri-news-law-standards/gap-standard-971-beginner | /agri-news-law-standards/gap-standard-971-problems | /agri-news-law-standards/gap-standard-971-cost | /agri-news-law-standards/gap-standard-971-compare | /agri-news-law-standards/gap-standard-971-calendar | /agri-news-law-standards/gap-standard-971-mistakes | /agri-news-law-standards/gap-standard-971-faq | /agri-news-law-standards/gap-standard-971-decision | /agri-news-law-standards/gap-standard-971-answer | /agri-news-law-standards/gap-standard-981-guide | /agri-news-law-standards/gap-standard-981-beginner | /agri-news-law-standards/gap-standard-981-problems | /agri-news-law-standards/gap-standard-981-cost | /agri-news-law-standards/gap-standard-981-compare | /agri-news-law-standards/gap-standard-981-calendar | /agri-news-law-standards/gap-standard-981-mistakes | /agri-news-law-standards/gap-standard-981-faq | /agri-news-law-standards/gap-standard-981-decision | /agri-news-law-standards/gap-standard-981-answer | /agri-news-law-standards/gap-standard-991-guide | /agri-news-law-standards/gap-standard-991-beginner | /agri-news-law-standards/gap-standard-991-problems | /agri-news-law-standards/gap-standard-991-cost | /agri-news-law-standards/gap-standard-991-compare | /agri-news-law-standards/gap-standard-991-calendar | /agri-news-law-standards/gap-standard-991-mistakes | /agri-news-law-standards/gap-standard-991-faq | /agri-news-law-standards/gap-standard-991-decision | /agri-news-law-standards/gap-standard-991-answer,P2:30,pending,0,
Organic Thailand,ป้ายสินค้าออร์แกนิค,ข่าวสาร กฎหมาย หน่วยงาน และมาตรฐาน,มาตรฐานอินทรีย์,Organic Thailand,Organic Thailand,30,9721 | 9722 | 9723 | 9724 | 9725 | 9726 | 9727 | 9728 | 9729 | 9730 | 9821 | 9822 | 9823 | 9824 | 9825 | 9826 | 9827 | 9828 | 9829 | 9830 | 9921 | 9922 | 9923 | 9924 | 9925 | 9926 | 9927 | 9928 | 9929 | 9930,/agri-news-law-standards/organic-thailand-972-guide | /agri-news-law-standards/organic-thailand-972-beginner | /agri-news-law-standards/organic-thailand-972-problems | /agri-news-law-standards/organic-thailand-972-cost | /agri-news-law-standards/organic-thailand-972-compare | /agri-news-law-standards/organic-thailand-972-calendar | /agri-news-law-standards/organic-thailand-972-mistakes | /agri-news-law-standards/organic-thailand-972-faq | /agri-news-law-standards/organic-thailand-972-decision | /agri-news-law-standards/organic-thailand-972-answer | /agri-news-law-standards/organic-thailand-982-guide | /agri-news-law-standards/organic-thailand-982-beginner | /agri-news-law-standards/organic-thailand-982-problems | /agri-news-law-standards/organic-thailand-982-cost | /agri-news-law-standards/organic-thailand-982-compare | /agri-news-law-standards/organic-thailand-982-calendar | /agri-news-law-standards/organic-thailand-982-mistakes | /agri-news-law-standards/organic-thailand-982-faq | /agri-news-law-standards/organic-thailand-982-decision | /agri-news-law-standards/organic-thailand-982-answer | /agri-news-law-standards/organic-thailand-992-guide | /agri-news-law-standards/organic-thailand-992-beginner | /agri-news-law-standards/organic-thailand-992-problems | /agri-news-law-standards/organic-thailand-992-cost | /agri-news-law-standards/organic-thailand-992-compare | /agri-news-law-standards/organic-thailand-992-calendar | /agri-news-law-standards/organic-thailand-992-mistakes | /agri-news-law-standards/organic-thailand-992-faq | /agri-news-law-standards/organic-thailand-992-decision | /agri-news-law-standards/organic-thailand-992-answer,P2:30,pending,0,
เก็บน้ำฝน,,ดิน น้ำ ปุ๋ย,ระบบน้ำ,เก็บน้ำฝน,เก็บน้ำฝน,60,5911 | 5912 | 5913 | 5914 | 5915 | 5916 | 5917 | 5918 | 5919 | 5920 | 6061 | 6062 | 6063 | 6064 | 6065 | 6066 | 6067 | 6068 | 6069 | 6070 | 6211 | 6212 | 6213 | 6214 | 6215 | 6216 | 6217 | 6218 | 6219 | 6220 | 6361 | 6362 | 6363 | 6364 | 6365 | 6366 | 6367 | 6368 | 6369 | 6370 | 6511 | 6512 | 6513 | 6514 | 6515 | 6516 | 6517 | 6518 | 6519 | 6520 | 6661 | 6662 | 6663 | 6664 | 6665 | 6666 | 6667 | 6668 | 6669 | 6670,/soil-water-fertilizer/rainwater-harvesting-591-guide | /soil-water-fertilizer/rainwater-harvesting-591-beginner | /soil-water-fertilizer/rainwater-harvesting-591-problems | /soil-water-fertilizer/rainwater-harvesting-591-cost | /soil-water-fertilizer/rainwater-harvesting-591-compare | /soil-water-fertilizer/rainwater-harvesting-591-calendar | /soil-water-fertilizer/rainwater-harvesting-591-mistakes | /soil-water-fertilizer/rainwater-harvesting-591-faq | /soil-water-fertilizer/rainwater-harvesting-591-decision | /soil-water-fertilizer/rainwater-harvesting-591-answer | /soil-water-fertilizer/rainwater-harvesting-606-guide | /soil-water-fertilizer/rainwater-harvesting-606-beginner | /soil-water-fertilizer/rainwater-harvesting-606-problems | /soil-water-fertilizer/rainwater-harvesting-606-cost | /soil-water-fertilizer/rainwater-harvesting-606-compare | /soil-water-fertilizer/rainwater-harvesting-606-calendar | /soil-water-fertilizer/rainwater-harvesting-606-mistakes | /soil-water-fertilizer/rainwater-harvesting-606-faq | /soil-water-fertilizer/rainwater-harvesting-606-decision | /soil-water-fertilizer/rainwater-harvesting-606-answer | /soil-water-fertilizer/rainwater-harvesting-621-guide | /soil-water-fertilizer/rainwater-harvesting-621-beginner | /soil-water-fertilizer/rainwater-harvesting-621-problems | /soil-water-fertilizer/rainwater-harvesting-621-cost | /soil-water-fertilizer/rainwater-harvesting-621-compare | /soil-water-fertilizer/rainwater-harvesting-621-calendar | /soil-water-fertilizer/rainwater-harvesting-621-mistakes | /soil-water-fertilizer/rainwater-harvesting-621-faq | /soil-water-fertilizer/rainwater-harvesting-621-decision | /soil-water-fertilizer/rainwater-harvesting-621-answer | /soil-water-fertilizer/rainwater-harvesting-636-guide | /soil-water-fertilizer/rainwater-harvesting-636-beginner | /soil-water-fertilizer/rainwater-harvesting-636-problems | /soil-water-fertilizer/rainwater-harvesting-636-cost | /soil-water-fertilizer/rainwater-harvesting-636-compare | /soil-water-fertilizer/rainwater-harvesting-636-calendar | /soil-water-fertilizer/rainwater-harvesting-636-mistakes | /soil-water-fertilizer/rainwater-harvesting-636-faq | /soil-water-fertilizer/rainwater-harvesting-636-decision | /soil-water-fertilizer/rainwater-harvesting-636-answer | /soil-water-fertilizer/rainwater-harvesting-651-guide | /soil-water-fertilizer/rainwater-harvesting-651-beginner | /soil-water-fertilizer/rainwater-harvesting-651-problems | /soil-water-fertilizer/rainwater-harvesting-651-cost | /soil-water-fertilizer/rainwater-harvesting-651-compare | /soil-water-fertilizer/rainwater-harvesting-651-calendar | /soil-water-fertilizer/rainwater-harvesting-651-mistakes | /soil-water-fertilizer/rainwater-harvesting-651-faq | /soil-water-fertilizer/rainwater-harvesting-651-decision | /soil-water-fertilizer/rainwater-harvesting-651-answer | /soil-water-fertilizer/rainwater-harvesting-666-guide | /soil-water-fertilizer/rainwater-harvesting-666-beginner | /soil-water-fertilizer/rainwater-harvesting-666-problems | /soil-water-fertilizer/rainwater-harvesting-666-cost | /soil-water-fertilizer/rainwater-harvesting-666-compare | /soil-water-fertilizer/rainwater-harvesting-666-calendar | /soil-water-fertilizer/rainwater-harvesting-666-mistakes | /soil-water-fertilizer/rainwater-harvesting-666-faq | /soil-water-fertilizer/rainwater-harvesting-666-decision | /soil-water-fertilizer/rainwater-harvesting-666-answer,P1:20 | P2:40,processed_existing_catalog,1,เก็บน้ำฝน
คลุมดิน,,ดิน น้ำ ปุ๋ย,ดินและความชื้น,คลุมดิน,คลุมดิน,60,5921 | 5922 | 5923 | 5924 | 5925 | 5926 | 5927 | 5928 | 5929 | 5930 | 6071 | 6072 | 6073 | 6074 | 6075 | 6076 | 6077 | 6078 | 6079 | 6080 | 6221 | 6222 | 6223 | 6224 | 6225 | 6226 | 6227 | 6228 | 6229 | 6230 | 6371 | 6372 | 6373 | 6374 | 6375 | 6376 | 6377 | 6378 | 6379 | 6380 | 6521 | 6522 | 6523 | 6524 | 6525 | 6526 | 6527 | 6528 | 6529 | 6530 | 6671 | 6672 | 6673 | 6674 | 6675 | 6676 | 6677 | 6678 | 6679 | 6680,/soil-water-fertilizer/mulching-592-guide | /soil-water-fertilizer/mulching-592-beginner | /soil-water-fertilizer/mulching-592-problems | /soil-water-fertilizer/mulching-592-cost | /soil-water-fertilizer/mulching-592-compare | /soil-water-fertilizer/mulching-592-calendar | /soil-water-fertilizer/mulching-592-mistakes | /soil-water-fertilizer/mulching-592-faq | /soil-water-fertilizer/mulching-592-decision | /soil-water-fertilizer/mulching-592-answer | /soil-water-fertilizer/mulching-607-guide | /soil-water-fertilizer/mulching-607-beginner | /soil-water-fertilizer/mulching-607-problems | /soil-water-fertilizer/mulching-607-cost | /soil-water-fertilizer/mulching-607-compare | /soil-water-fertilizer/mulching-607-calendar | /soil-water-fertilizer/mulching-607-mistakes | /soil-water-fertilizer/mulching-607-faq | /soil-water-fertilizer/mulching-607-decision | /soil-water-fertilizer/mulching-607-answer | /soil-water-fertilizer/mulching-622-guide | /soil-water-fertilizer/mulching-622-beginner | /soil-water-fertilizer/mulching-622-problems | /soil-water-fertilizer/mulching-622-cost | /soil-water-fertilizer/mulching-622-compare | /soil-water-fertilizer/mulching-622-calendar | /soil-water-fertilizer/mulching-622-mistakes | /soil-water-fertilizer/mulching-622-faq | /soil-water-fertilizer/mulching-622-decision | /soil-water-fertilizer/mulching-622-answer | /soil-water-fertilizer/mulching-637-guide | /soil-water-fertilizer/mulching-637-beginner | /soil-water-fertilizer/mulching-637-problems | /soil-water-fertilizer/mulching-637-cost | /soil-water-fertilizer/mulching-637-compare | /soil-water-fertilizer/mulching-637-calendar | /soil-water-fertilizer/mulching-637-mistakes | /soil-water-fertilizer/mulching-637-faq | /soil-water-fertilizer/mulching-637-decision | /soil-water-fertilizer/mulching-637-answer | /soil-water-fertilizer/mulching-652-guide | /soil-water-fertilizer/mulching-652-beginner | /soil-water-fertilizer/mulching-652-problems | /soil-water-fertilizer/mulching-652-cost | /soil-water-fertilizer/mulching-652-compare | /soil-water-fertilizer/mulching-652-calendar | /soil-water-fertilizer/mulching-652-mistakes | /soil-water-fertilizer/mulching-652-faq | /soil-water-fertilizer/mulching-652-decision | /soil-water-fertilizer/mulching-652-answer | /soil-water-fertilizer/mulching-667-guide | /soil-water-fertilizer/mulching-667-beginner | /soil-water-fertilizer/mulching-667-problems | /soil-water-fertilizer/mulching-667-cost | /soil-water-fertilizer/mulching-667-compare | /soil-water-fertilizer/mulching-667-calendar | /soil-water-fertilizer/mulching-667-mistakes | /soil-water-fertilizer/mulching-667-faq | /soil-water-fertilizer/mulching-667-decision | /soil-water-fertilizer/mulching-667-answer,P1:20 | P2:40,processed_existing_catalog,1,คลุมดิน
ดินทราย,,ดิน น้ำ ปุ๋ย,ดินและการปรับปรุง,ดินทราย,ดินทราย,70,5821 | 5822 | 5823 | 5824 | 5825 | 5826 | 5827 | 5828 | 5829 | 5830 | 5971 | 5972 | 5973 | 5974 | 5975 | 5976 | 5977 | 5978 | 5979 | 5980 | 6121 | 6122 | 6123 | 6124 | 6125 | 6126 | 6127 | 6128 | 6129 | 6130 | 6271 | 6272 | 6273 | 6274 | 6275 | 6276 | 6277 | 6278 | 6279 | 6280 | 6421 | 6422 | 6423 | 6424 | 6425 | 6426 | 6427 | 6428 | 6429 | 6430 | 6571 | 6572 | 6573 | 6574 | 6575 | 6576 | 6577 | 6578 | 6579 | 6580 | 6721 | 6722 | 6723 | 6724 | 6725 | 6726 | 6727 | 6728 | 6729 | 6730,/soil-water-fertilizer/sandy-soil-582-guide | /soil-water-fertilizer/sandy-soil-582-beginner | /soil-water-fertilizer/sandy-soil-582-problems | /soil-water-fertilizer/sandy-soil-582-cost | /soil-water-fertilizer/sandy-soil-582-compare | /soil-water-fertilizer/sandy-soil-582-calendar | /soil-water-fertilizer/sandy-soil-582-mistakes | /soil-water-fertilizer/sandy-soil-582-faq | /soil-water-fertilizer/sandy-soil-582-decision | /soil-water-fertilizer/sandy-soil-582-answer | /soil-water-fertilizer/sandy-soil-597-guide | /soil-water-fertilizer/sandy-soil-597-beginner | /soil-water-fertilizer/sandy-soil-597-problems | /soil-water-fertilizer/sandy-soil-597-cost | /soil-water-fertilizer/sandy-soil-597-compare | /soil-water-fertilizer/sandy-soil-597-calendar | /soil-water-fertilizer/sandy-soil-597-mistakes | /soil-water-fertilizer/sandy-soil-597-faq | /soil-water-fertilizer/sandy-soil-597-decision | /soil-water-fertilizer/sandy-soil-597-answer | /soil-water-fertilizer/sandy-soil-612-guide | /soil-water-fertilizer/sandy-soil-612-beginner | /soil-water-fertilizer/sandy-soil-612-problems | /soil-water-fertilizer/sandy-soil-612-cost | /soil-water-fertilizer/sandy-soil-612-compare | /soil-water-fertilizer/sandy-soil-612-calendar | /soil-water-fertilizer/sandy-soil-612-mistakes | /soil-water-fertilizer/sandy-soil-612-faq | /soil-water-fertilizer/sandy-soil-612-decision | /soil-water-fertilizer/sandy-soil-612-answer | /soil-water-fertilizer/sandy-soil-627-guide | /soil-water-fertilizer/sandy-soil-627-beginner | /soil-water-fertilizer/sandy-soil-627-problems | /soil-water-fertilizer/sandy-soil-627-cost | /soil-water-fertilizer/sandy-soil-627-compare | /soil-water-fertilizer/sandy-soil-627-calendar | /soil-water-fertilizer/sandy-soil-627-mistakes | /soil-water-fertilizer/sandy-soil-627-faq | /soil-water-fertilizer/sandy-soil-627-decision | /soil-water-fertilizer/sandy-soil-627-answer | /soil-water-fertilizer/sandy-soil-642-guide | /soil-water-fertilizer/sandy-soil-642-beginner | /soil-water-fertilizer/sandy-soil-642-problems | /soil-water-fertilizer/sandy-soil-642-cost | /soil-water-fertilizer/sandy-soil-642-compare | /soil-water-fertilizer/sandy-soil-642-calendar | /soil-water-fertilizer/sandy-soil-642-mistakes | /soil-water-fertilizer/sandy-soil-642-faq | /soil-water-fertilizer/sandy-soil-642-decision | /soil-water-fertilizer/sandy-soil-642-answer | /soil-water-fertilizer/sandy-soil-657-guide | /soil-water-fertilizer/sandy-soil-657-beginner | /soil-water-fertilizer/sandy-soil-657-problems | /soil-water-fertilizer/sandy-soil-657-cost | /soil-water-fertilizer/sandy-soil-657-compare | /soil-water-fertilizer/sandy-soil-657-calendar | /soil-water-fertilizer/sandy-soil-657-mistakes | /soil-water-fertilizer/sandy-soil-657-faq | /soil-water-fertilizer/sandy-soil-657-decision | /soil-water-fertilizer/sandy-soil-657-answer | /soil-water-fertilizer/sandy-soil-672-guide | /soil-water-fertilizer/sandy-soil-672-beginner | /soil-water-fertilizer/sandy-soil-672-problems | /soil-water-fertilizer/sandy-soil-672-cost | /soil-water-fertilizer/sandy-soil-672-compare | /soil-water-fertilizer/sandy-soil-672-calendar | /soil-water-fertilizer/sandy-soil-672-mistakes | /soil-water-fertilizer/sandy-soil-672-faq | /soil-water-fertilizer/sandy-soil-672-decision | /soil-water-fertilizer/sandy-soil-672-answer,P1:20 | P2:50,processed_existing_catalog,1,ดินทราย
ดินเปรี้ยวดินเค็ม,,ดิน น้ำ ปุ๋ย,ดินปัญหา,ดินเปรี้ยวดินเค็ม,ดินเปรี้ยวดินเค็ม,70,5831 | 5832 | 5833 | 5834 | 5835 | 5836 | 5837 | 5838 | 5839 | 5840 | 5981 | 5982 | 5983 | 5984 | 5985 | 5986 | 5987 | 5988 | 5989 | 5990 | 6131 | 6132 | 6133 | 6134 | 6135 | 6136 | 6137 | 6138 | 6139 | 6140 | 6281 | 6282 | 6283 | 6284 | 6285 | 6286 | 6287 | 6288 | 6289 | 6290 | 6431 | 6432 | 6433 | 6434 | 6435 | 6436 | 6437 | 6438 | 6439 | 6440 | 6581 | 6582 | 6583 | 6584 | 6585 | 6586 | 6587 | 6588 | 6589 | 6590 | 6731 | 6732 | 6733 | 6734 | 6735 | 6736 | 6737 | 6738 | 6739 | 6740,/soil-water-fertilizer/problem-soil-583-guide | /soil-water-fertilizer/problem-soil-583-beginner | /soil-water-fertilizer/problem-soil-583-problems | /soil-water-fertilizer/problem-soil-583-cost | /soil-water-fertilizer/problem-soil-583-compare | /soil-water-fertilizer/problem-soil-583-calendar | /soil-water-fertilizer/problem-soil-583-mistakes | /soil-water-fertilizer/problem-soil-583-faq | /soil-water-fertilizer/problem-soil-583-decision | /soil-water-fertilizer/problem-soil-583-answer | /soil-water-fertilizer/problem-soil-598-guide | /soil-water-fertilizer/problem-soil-598-beginner | /soil-water-fertilizer/problem-soil-598-problems | /soil-water-fertilizer/problem-soil-598-cost | /soil-water-fertilizer/problem-soil-598-compare | /soil-water-fertilizer/problem-soil-598-calendar | /soil-water-fertilizer/problem-soil-598-mistakes | /soil-water-fertilizer/problem-soil-598-faq | /soil-water-fertilizer/problem-soil-598-decision | /soil-water-fertilizer/problem-soil-598-answer | /soil-water-fertilizer/problem-soil-613-guide | /soil-water-fertilizer/problem-soil-613-beginner | /soil-water-fertilizer/problem-soil-613-problems | /soil-water-fertilizer/problem-soil-613-cost | /soil-water-fertilizer/problem-soil-613-compare | /soil-water-fertilizer/problem-soil-613-calendar | /soil-water-fertilizer/problem-soil-613-mistakes | /soil-water-fertilizer/problem-soil-613-faq | /soil-water-fertilizer/problem-soil-613-decision | /soil-water-fertilizer/problem-soil-613-answer | /soil-water-fertilizer/problem-soil-628-guide | /soil-water-fertilizer/problem-soil-628-beginner | /soil-water-fertilizer/problem-soil-628-problems | /soil-water-fertilizer/problem-soil-628-cost | /soil-water-fertilizer/problem-soil-628-compare | /soil-water-fertilizer/problem-soil-628-calendar | /soil-water-fertilizer/problem-soil-628-mistakes | /soil-water-fertilizer/problem-soil-628-faq | /soil-water-fertilizer/problem-soil-628-decision | /soil-water-fertilizer/problem-soil-628-answer | /soil-water-fertilizer/problem-soil-643-guide | /soil-water-fertilizer/problem-soil-643-beginner | /soil-water-fertilizer/problem-soil-643-problems | /soil-water-fertilizer/problem-soil-643-cost | /soil-water-fertilizer/problem-soil-643-compare | /soil-water-fertilizer/problem-soil-643-calendar | /soil-water-fertilizer/problem-soil-643-mistakes | /soil-water-fertilizer/problem-soil-643-faq | /soil-water-fertilizer/problem-soil-643-decision | /soil-water-fertilizer/problem-soil-643-answer | /soil-water-fertilizer/problem-soil-658-guide | /soil-water-fertilizer/problem-soil-658-beginner | /soil-water-fertilizer/problem-soil-658-problems | /soil-water-fertilizer/problem-soil-658-cost | /soil-water-fertilizer/problem-soil-658-compare | /soil-water-fertilizer/problem-soil-658-calendar | /soil-water-fertilizer/problem-soil-658-mistakes | /soil-water-fertilizer/problem-soil-658-faq | /soil-water-fertilizer/problem-soil-658-decision | /soil-water-fertilizer/problem-soil-658-answer | /soil-water-fertilizer/problem-soil-673-guide | /soil-water-fertilizer/problem-soil-673-beginner | /soil-water-fertilizer/problem-soil-673-problems | /soil-water-fertilizer/problem-soil-673-cost | /soil-water-fertilizer/problem-soil-673-compare | /soil-water-fertilizer/problem-soil-673-calendar | /soil-water-fertilizer/problem-soil-673-mistakes | /soil-water-fertilizer/problem-soil-673-faq | /soil-water-fertilizer/problem-soil-673-decision | /soil-water-fertilizer/problem-soil-673-answer,P1:20 | P2:50,processed_existing_catalog,1,ดินเปรี้ยวดินเค็ม
ดินเหนียว,,ดิน น้ำ ปุ๋ย,ดินและการปรับปรุง,ดินเหนียว,ดินเหนียว,70,5811 | 5812 | 5813 | 5814 | 5815 | 5816 | 5817 | 5818 | 5819 | 5820 | 5961 | 5962 | 5963 | 5964 | 5965 | 5966 | 5967 | 5968 | 5969 | 5970 | 6111 | 6112 | 6113 | 6114 | 6115 | 6116 | 6117 | 6118 | 6119 | 6120 | 6261 | 6262 | 6263 | 6264 | 6265 | 6266 | 6267 | 6268 | 6269 | 6270 | 6411 | 6412 | 6413 | 6414 | 6415 | 6416 | 6417 | 6418 | 6419 | 6420 | 6561 | 6562 | 6563 | 6564 | 6565 | 6566 | 6567 | 6568 | 6569 | 6570 | 6711 | 6712 | 6713 | 6714 | 6715 | 6716 | 6717 | 6718 | 6719 | 6720,/soil-water-fertilizer/clay-soil-581-guide | /soil-water-fertilizer/clay-soil-581-beginner | /soil-water-fertilizer/clay-soil-581-problems | /soil-water-fertilizer/clay-soil-581-cost | /soil-water-fertilizer/clay-soil-581-compare | /soil-water-fertilizer/clay-soil-581-calendar | /soil-water-fertilizer/clay-soil-581-mistakes | /soil-water-fertilizer/clay-soil-581-faq | /soil-water-fertilizer/clay-soil-581-decision | /soil-water-fertilizer/clay-soil-581-answer | /soil-water-fertilizer/clay-soil-596-guide | /soil-water-fertilizer/clay-soil-596-beginner | /soil-water-fertilizer/clay-soil-596-problems | /soil-water-fertilizer/clay-soil-596-cost | /soil-water-fertilizer/clay-soil-596-compare | /soil-water-fertilizer/clay-soil-596-calendar | /soil-water-fertilizer/clay-soil-596-mistakes | /soil-water-fertilizer/clay-soil-596-faq | /soil-water-fertilizer/clay-soil-596-decision | /soil-water-fertilizer/clay-soil-596-answer | /soil-water-fertilizer/clay-soil-611-guide | /soil-water-fertilizer/clay-soil-611-beginner | /soil-water-fertilizer/clay-soil-611-problems | /soil-water-fertilizer/clay-soil-611-cost | /soil-water-fertilizer/clay-soil-611-compare | /soil-water-fertilizer/clay-soil-611-calendar | /soil-water-fertilizer/clay-soil-611-mistakes | /soil-water-fertilizer/clay-soil-611-faq | /soil-water-fertilizer/clay-soil-611-decision | /soil-water-fertilizer/clay-soil-611-answer | /soil-water-fertilizer/clay-soil-626-guide | /soil-water-fertilizer/clay-soil-626-beginner | /soil-water-fertilizer/clay-soil-626-problems | /soil-water-fertilizer/clay-soil-626-cost | /soil-water-fertilizer/clay-soil-626-compare | /soil-water-fertilizer/clay-soil-626-calendar | /soil-water-fertilizer/clay-soil-626-mistakes | /soil-water-fertilizer/clay-soil-626-faq | /soil-water-fertilizer/clay-soil-626-decision | /soil-water-fertilizer/clay-soil-626-answer | /soil-water-fertilizer/clay-soil-641-guide | /soil-water-fertilizer/clay-soil-641-beginner | /soil-water-fertilizer/clay-soil-641-problems | /soil-water-fertilizer/clay-soil-641-cost | /soil-water-fertilizer/clay-soil-641-compare | /soil-water-fertilizer/clay-soil-641-calendar | /soil-water-fertilizer/clay-soil-641-mistakes | /soil-water-fertilizer/clay-soil-641-faq | /soil-water-fertilizer/clay-soil-641-decision | /soil-water-fertilizer/clay-soil-641-answer | /soil-water-fertilizer/clay-soil-656-guide | /soil-water-fertilizer/clay-soil-656-beginner | /soil-water-fertilizer/clay-soil-656-problems | /soil-water-fertilizer/clay-soil-656-cost | /soil-water-fertilizer/clay-soil-656-compare | /soil-water-fertilizer/clay-soil-656-calendar | /soil-water-fertilizer/clay-soil-656-mistakes | /soil-water-fertilizer/clay-soil-656-faq | /soil-water-fertilizer/clay-soil-656-decision | /soil-water-fertilizer/clay-soil-656-answer | /soil-water-fertilizer/clay-soil-671-guide | /soil-water-fertilizer/clay-soil-671-beginner | /soil-water-fertilizer/clay-soil-671-problems | /soil-water-fertilizer/clay-soil-671-cost | /soil-water-fertilizer/clay-soil-671-compare | /soil-water-fertilizer/clay-soil-671-calendar | /soil-water-fertilizer/clay-soil-671-mistakes | /soil-water-fertilizer/clay-soil-671-faq | /soil-water-fertilizer/clay-soil-671-decision | /soil-water-fertilizer/clay-soil-671-answer,P1:20 | P2:50,processed_existing_catalog,1,ดินเหนียว
ตรวจดิน,,ดิน น้ำ ปุ๋ย,ดินและ pH,ตรวจดิน,ตรวจดิน,70,5801 | 5802 | 5803 | 5804 | 5805 | 5806 | 5807 | 5808 | 5809 | 5810 | 5951 | 5952 | 5953 | 5954 | 5955 | 5956 | 5957 | 5958 | 5959 | 5960 | 6101 | 6102 | 6103 | 6104 | 6105 | 6106 | 6107 | 6108 | 6109 | 6110 | 6251 | 6252 | 6253 | 6254 | 6255 | 6256 | 6257 | 6258 | 6259 | 6260 | 6401 | 6402 | 6403 | 6404 | 6405 | 6406 | 6407 | 6408 | 6409 | 6410 | 6551 | 6552 | 6553 | 6554 | 6555 | 6556 | 6557 | 6558 | 6559 | 6560 | 6701 | 6702 | 6703 | 6704 | 6705 | 6706 | 6707 | 6708 | 6709 | 6710,/soil-water-fertilizer/soil-test-ph-580-guide | /soil-water-fertilizer/soil-test-ph-580-beginner | /soil-water-fertilizer/soil-test-ph-580-problems | /soil-water-fertilizer/soil-test-ph-580-cost | /soil-water-fertilizer/soil-test-ph-580-compare | /soil-water-fertilizer/soil-test-ph-580-calendar | /soil-water-fertilizer/soil-test-ph-580-mistakes | /soil-water-fertilizer/soil-test-ph-580-faq | /soil-water-fertilizer/soil-test-ph-580-decision | /soil-water-fertilizer/soil-test-ph-580-answer | /soil-water-fertilizer/soil-test-ph-595-guide | /soil-water-fertilizer/soil-test-ph-595-beginner | /soil-water-fertilizer/soil-test-ph-595-problems | /soil-water-fertilizer/soil-test-ph-595-cost | /soil-water-fertilizer/soil-test-ph-595-compare | /soil-water-fertilizer/soil-test-ph-595-calendar | /soil-water-fertilizer/soil-test-ph-595-mistakes | /soil-water-fertilizer/soil-test-ph-595-faq | /soil-water-fertilizer/soil-test-ph-595-decision | /soil-water-fertilizer/soil-test-ph-595-answer | /soil-water-fertilizer/soil-test-ph-610-guide | /soil-water-fertilizer/soil-test-ph-610-beginner | /soil-water-fertilizer/soil-test-ph-610-problems | /soil-water-fertilizer/soil-test-ph-610-cost | /soil-water-fertilizer/soil-test-ph-610-compare | /soil-water-fertilizer/soil-test-ph-610-calendar | /soil-water-fertilizer/soil-test-ph-610-mistakes | /soil-water-fertilizer/soil-test-ph-610-faq | /soil-water-fertilizer/soil-test-ph-610-decision | /soil-water-fertilizer/soil-test-ph-610-answer | /soil-water-fertilizer/soil-test-ph-625-guide | /soil-water-fertilizer/soil-test-ph-625-beginner | /soil-water-fertilizer/soil-test-ph-625-problems | /soil-water-fertilizer/soil-test-ph-625-cost | /soil-water-fertilizer/soil-test-ph-625-compare | /soil-water-fertilizer/soil-test-ph-625-calendar | /soil-water-fertilizer/soil-test-ph-625-mistakes | /soil-water-fertilizer/soil-test-ph-625-faq | /soil-water-fertilizer/soil-test-ph-625-decision | /soil-water-fertilizer/soil-test-ph-625-answer | /soil-water-fertilizer/soil-test-ph-640-guide | /soil-water-fertilizer/soil-test-ph-640-beginner | /soil-water-fertilizer/soil-test-ph-640-problems | /soil-water-fertilizer/soil-test-ph-640-cost | /soil-water-fertilizer/soil-test-ph-640-compare | /soil-water-fertilizer/soil-test-ph-640-calendar | /soil-water-fertilizer/soil-test-ph-640-mistakes | /soil-water-fertilizer/soil-test-ph-640-faq | /soil-water-fertilizer/soil-test-ph-640-decision | /soil-water-fertilizer/soil-test-ph-640-answer | /soil-water-fertilizer/soil-test-ph-655-guide | /soil-water-fertilizer/soil-test-ph-655-beginner | /soil-water-fertilizer/soil-test-ph-655-problems | /soil-water-fertilizer/soil-test-ph-655-cost | /soil-water-fertilizer/soil-test-ph-655-compare | /soil-water-fertilizer/soil-test-ph-655-calendar | /soil-water-fertilizer/soil-test-ph-655-mistakes | /soil-water-fertilizer/soil-test-ph-655-faq | /soil-water-fertilizer/soil-test-ph-655-decision | /soil-water-fertilizer/soil-test-ph-655-answer | /soil-water-fertilizer/soil-test-ph-670-guide | /soil-water-fertilizer/soil-test-ph-670-beginner | /soil-water-fertilizer/soil-test-ph-670-problems | /soil-water-fertilizer/soil-test-ph-670-cost | /soil-water-fertilizer/soil-test-ph-670-compare | /soil-water-fertilizer/soil-test-ph-670-calendar | /soil-water-fertilizer/soil-test-ph-670-mistakes | /soil-water-fertilizer/soil-test-ph-670-faq | /soil-water-fertilizer/soil-test-ph-670-decision | /soil-water-fertilizer/soil-test-ph-670-answer,P1:20 | P2:50,processed_existing_catalog,1,ตรวจดิน
น้ำหมักชีวภาพ,,ดิน น้ำ ปุ๋ย,ปุ๋ยอินทรีย์,น้ำหมักชีวภาพ,น้ำหมักชีวภาพ,70,5851 | 5852 | 5853 | 5854 | 5855 | 5856 | 5857 | 5858 | 5859 | 5860 | 6001 | 6002 | 6003 | 6004 | 6005 | 6006 | 6007 | 6008 | 6009 | 6010 | 6151 | 6152 | 6153 | 6154 | 6155 | 6156 | 6157 | 6158 | 6159 | 6160 | 6301 | 6302 | 6303 | 6304 | 6305 | 6306 | 6307 | 6308 | 6309 | 6310 | 6451 | 6452 | 6453 | 6454 | 6455 | 6456 | 6457 | 6458 | 6459 | 6460 | 6601 | 6602 | 6603 | 6604 | 6605 | 6606 | 6607 | 6608 | 6609 | 6610 | 6751 | 6752 | 6753 | 6754 | 6755 | 6756 | 6757 | 6758 | 6759 | 6760,/soil-water-fertilizer/bio-fermented-liquid-585-guide | /soil-water-fertilizer/bio-fermented-liquid-585-beginner | /soil-water-fertilizer/bio-fermented-liquid-585-problems | /soil-water-fertilizer/bio-fermented-liquid-585-cost | /soil-water-fertilizer/bio-fermented-liquid-585-compare | /soil-water-fertilizer/bio-fermented-liquid-585-calendar | /soil-water-fertilizer/bio-fermented-liquid-585-mistakes | /soil-water-fertilizer/bio-fermented-liquid-585-faq | /soil-water-fertilizer/bio-fermented-liquid-585-decision | /soil-water-fertilizer/bio-fermented-liquid-585-answer | /soil-water-fertilizer/bio-fermented-liquid-600-guide | /soil-water-fertilizer/bio-fermented-liquid-600-beginner | /soil-water-fertilizer/bio-fermented-liquid-600-problems | /soil-water-fertilizer/bio-fermented-liquid-600-cost | /soil-water-fertilizer/bio-fermented-liquid-600-compare | /soil-water-fertilizer/bio-fermented-liquid-600-calendar | /soil-water-fertilizer/bio-fermented-liquid-600-mistakes | /soil-water-fertilizer/bio-fermented-liquid-600-faq | /soil-water-fertilizer/bio-fermented-liquid-600-decision | /soil-water-fertilizer/bio-fermented-liquid-600-answer | /soil-water-fertilizer/bio-fermented-liquid-615-guide | /soil-water-fertilizer/bio-fermented-liquid-615-beginner | /soil-water-fertilizer/bio-fermented-liquid-615-problems | /soil-water-fertilizer/bio-fermented-liquid-615-cost | /soil-water-fertilizer/bio-fermented-liquid-615-compare | /soil-water-fertilizer/bio-fermented-liquid-615-calendar | /soil-water-fertilizer/bio-fermented-liquid-615-mistakes | /soil-water-fertilizer/bio-fermented-liquid-615-faq | /soil-water-fertilizer/bio-fermented-liquid-615-decision | /soil-water-fertilizer/bio-fermented-liquid-615-answer | /soil-water-fertilizer/bio-fermented-liquid-630-guide | /soil-water-fertilizer/bio-fermented-liquid-630-beginner | /soil-water-fertilizer/bio-fermented-liquid-630-problems | /soil-water-fertilizer/bio-fermented-liquid-630-cost | /soil-water-fertilizer/bio-fermented-liquid-630-compare | /soil-water-fertilizer/bio-fermented-liquid-630-calendar | /soil-water-fertilizer/bio-fermented-liquid-630-mistakes | /soil-water-fertilizer/bio-fermented-liquid-630-faq | /soil-water-fertilizer/bio-fermented-liquid-630-decision | /soil-water-fertilizer/bio-fermented-liquid-630-answer | /soil-water-fertilizer/bio-fermented-liquid-645-guide | /soil-water-fertilizer/bio-fermented-liquid-645-beginner | /soil-water-fertilizer/bio-fermented-liquid-645-problems | /soil-water-fertilizer/bio-fermented-liquid-645-cost | /soil-water-fertilizer/bio-fermented-liquid-645-compare | /soil-water-fertilizer/bio-fermented-liquid-645-calendar | /soil-water-fertilizer/bio-fermented-liquid-645-mistakes | /soil-water-fertilizer/bio-fermented-liquid-645-faq | /soil-water-fertilizer/bio-fermented-liquid-645-decision | /soil-water-fertilizer/bio-fermented-liquid-645-answer | /soil-water-fertilizer/bio-fermented-liquid-660-guide | /soil-water-fertilizer/bio-fermented-liquid-660-beginner | /soil-water-fertilizer/bio-fermented-liquid-660-problems | /soil-water-fertilizer/bio-fermented-liquid-660-cost | /soil-water-fertilizer/bio-fermented-liquid-660-compare | /soil-water-fertilizer/bio-fermented-liquid-660-calendar | /soil-water-fertilizer/bio-fermented-liquid-660-mistakes | /soil-water-fertilizer/bio-fermented-liquid-660-faq | /soil-water-fertilizer/bio-fermented-liquid-660-decision | /soil-water-fertilizer/bio-fermented-liquid-660-answer | /soil-water-fertilizer/bio-fermented-liquid-675-guide | /soil-water-fertilizer/bio-fermented-liquid-675-beginner | /soil-water-fertilizer/bio-fermented-liquid-675-problems | /soil-water-fertilizer/bio-fermented-liquid-675-cost | /soil-water-fertilizer/bio-fermented-liquid-675-compare | /soil-water-fertilizer/bio-fermented-liquid-675-calendar | /soil-water-fertilizer/bio-fermented-liquid-675-mistakes | /soil-water-fertilizer/bio-fermented-liquid-675-faq | /soil-water-fertilizer/bio-fermented-liquid-675-decision | /soil-water-fertilizer/bio-fermented-liquid-675-answer,P1:20 | P2:50,processed_existing_catalog,1,น้ำหมักชีวภาพ
ปุ๋ยคอก,,ดิน น้ำ ปุ๋ย,ปุ๋ยอินทรีย์,ปุ๋ยคอก,ปุ๋ยคอก,70,5861 | 5862 | 5863 | 5864 | 5865 | 5866 | 5867 | 5868 | 5869 | 5870 | 6011 | 6012 | 6013 | 6014 | 6015 | 6016 | 6017 | 6018 | 6019 | 6020 | 6161 | 6162 | 6163 | 6164 | 6165 | 6166 | 6167 | 6168 | 6169 | 6170 | 6311 | 6312 | 6313 | 6314 | 6315 | 6316 | 6317 | 6318 | 6319 | 6320 | 6461 | 6462 | 6463 | 6464 | 6465 | 6466 | 6467 | 6468 | 6469 | 6470 | 6611 | 6612 | 6613 | 6614 | 6615 | 6616 | 6617 | 6618 | 6619 | 6620 | 6761 | 6762 | 6763 | 6764 | 6765 | 6766 | 6767 | 6768 | 6769 | 6770,/soil-water-fertilizer/manure-types-586-guide | /soil-water-fertilizer/manure-types-586-beginner | /soil-water-fertilizer/manure-types-586-problems | /soil-water-fertilizer/manure-types-586-cost | /soil-water-fertilizer/manure-types-586-compare | /soil-water-fertilizer/manure-types-586-calendar | /soil-water-fertilizer/manure-types-586-mistakes | /soil-water-fertilizer/manure-types-586-faq | /soil-water-fertilizer/manure-types-586-decision | /soil-water-fertilizer/manure-types-586-answer | /soil-water-fertilizer/manure-types-601-guide | /soil-water-fertilizer/manure-types-601-beginner | /soil-water-fertilizer/manure-types-601-problems | /soil-water-fertilizer/manure-types-601-cost | /soil-water-fertilizer/manure-types-601-compare | /soil-water-fertilizer/manure-types-601-calendar | /soil-water-fertilizer/manure-types-601-mistakes | /soil-water-fertilizer/manure-types-601-faq | /soil-water-fertilizer/manure-types-601-decision | /soil-water-fertilizer/manure-types-601-answer | /soil-water-fertilizer/manure-types-616-guide | /soil-water-fertilizer/manure-types-616-beginner | /soil-water-fertilizer/manure-types-616-problems | /soil-water-fertilizer/manure-types-616-cost | /soil-water-fertilizer/manure-types-616-compare | /soil-water-fertilizer/manure-types-616-calendar | /soil-water-fertilizer/manure-types-616-mistakes | /soil-water-fertilizer/manure-types-616-faq | /soil-water-fertilizer/manure-types-616-decision | /soil-water-fertilizer/manure-types-616-answer | /soil-water-fertilizer/manure-types-631-guide | /soil-water-fertilizer/manure-types-631-beginner | /soil-water-fertilizer/manure-types-631-problems | /soil-water-fertilizer/manure-types-631-cost | /soil-water-fertilizer/manure-types-631-compare | /soil-water-fertilizer/manure-types-631-calendar | /soil-water-fertilizer/manure-types-631-mistakes | /soil-water-fertilizer/manure-types-631-faq | /soil-water-fertilizer/manure-types-631-decision | /soil-water-fertilizer/manure-types-631-answer | /soil-water-fertilizer/manure-types-646-guide | /soil-water-fertilizer/manure-types-646-beginner | /soil-water-fertilizer/manure-types-646-problems | /soil-water-fertilizer/manure-types-646-cost | /soil-water-fertilizer/manure-types-646-compare | /soil-water-fertilizer/manure-types-646-calendar | /soil-water-fertilizer/manure-types-646-mistakes | /soil-water-fertilizer/manure-types-646-faq | /soil-water-fertilizer/manure-types-646-decision | /soil-water-fertilizer/manure-types-646-answer | /soil-water-fertilizer/manure-types-661-guide | /soil-water-fertilizer/manure-types-661-beginner | /soil-water-fertilizer/manure-types-661-problems | /soil-water-fertilizer/manure-types-661-cost | /soil-water-fertilizer/manure-types-661-compare | /soil-water-fertilizer/manure-types-661-calendar | /soil-water-fertilizer/manure-types-661-mistakes | /soil-water-fertilizer/manure-types-661-faq | /soil-water-fertilizer/manure-types-661-decision | /soil-water-fertilizer/manure-types-661-answer | /soil-water-fertilizer/manure-types-676-guide | /soil-water-fertilizer/manure-types-676-beginner | /soil-water-fertilizer/manure-types-676-problems | /soil-water-fertilizer/manure-types-676-cost | /soil-water-fertilizer/manure-types-676-compare | /soil-water-fertilizer/manure-types-676-calendar | /soil-water-fertilizer/manure-types-676-mistakes | /soil-water-fertilizer/manure-types-676-faq | /soil-water-fertilizer/manure-types-676-decision | /soil-water-fertilizer/manure-types-676-answer,P1:20 | P2:50,processed_existing_catalog,1,ปุ๋ยคอก
ปุ๋ยมูลไส้เดือน,,ดิน น้ำ ปุ๋ย,ปุ๋ยอินทรีย์,ปุ๋ยมูลไส้เดือน,ปุ๋ยมูลไส้เดือน,60,5941 | 5942 | 5943 | 5944 | 5945 | 5946 | 5947 | 5948 | 5949 | 5950 | 6091 | 6092 | 6093 | 6094 | 6095 | 6096 | 6097 | 6098 | 6099 | 6100 | 6241 | 6242 | 6243 | 6244 | 6245 | 6246 | 6247 | 6248 | 6249 | 6250 | 6391 | 6392 | 6393 | 6394 | 6395 | 6396 | 6397 | 6398 | 6399 | 6400 | 6541 | 6542 | 6543 | 6544 | 6545 | 6546 | 6547 | 6548 | 6549 | 6550 | 6691 | 6692 | 6693 | 6694 | 6695 | 6696 | 6697 | 6698 | 6699 | 6700,/soil-water-fertilizer/worm-compost-594-guide | /soil-water-fertilizer/worm-compost-594-beginner | /soil-water-fertilizer/worm-compost-594-problems | /soil-water-fertilizer/worm-compost-594-cost | /soil-water-fertilizer/worm-compost-594-compare | /soil-water-fertilizer/worm-compost-594-calendar | /soil-water-fertilizer/worm-compost-594-mistakes | /soil-water-fertilizer/worm-compost-594-faq | /soil-water-fertilizer/worm-compost-594-decision | /soil-water-fertilizer/worm-compost-594-answer | /soil-water-fertilizer/worm-compost-609-guide | /soil-water-fertilizer/worm-compost-609-beginner | /soil-water-fertilizer/worm-compost-609-problems | /soil-water-fertilizer/worm-compost-609-cost | /soil-water-fertilizer/worm-compost-609-compare | /soil-water-fertilizer/worm-compost-609-calendar | /soil-water-fertilizer/worm-compost-609-mistakes | /soil-water-fertilizer/worm-compost-609-faq | /soil-water-fertilizer/worm-compost-609-decision | /soil-water-fertilizer/worm-compost-609-answer | /soil-water-fertilizer/worm-compost-624-guide | /soil-water-fertilizer/worm-compost-624-beginner | /soil-water-fertilizer/worm-compost-624-problems | /soil-water-fertilizer/worm-compost-624-cost | /soil-water-fertilizer/worm-compost-624-compare | /soil-water-fertilizer/worm-compost-624-calendar | /soil-water-fertilizer/worm-compost-624-mistakes | /soil-water-fertilizer/worm-compost-624-faq | /soil-water-fertilizer/worm-compost-624-decision | /soil-water-fertilizer/worm-compost-624-answer | /soil-water-fertilizer/worm-compost-639-guide | /soil-water-fertilizer/worm-compost-639-beginner | /soil-water-fertilizer/worm-compost-639-problems | /soil-water-fertilizer/worm-compost-639-cost | /soil-water-fertilizer/worm-compost-639-compare | /soil-water-fertilizer/worm-compost-639-calendar | /soil-water-fertilizer/worm-compost-639-mistakes | /soil-water-fertilizer/worm-compost-639-faq | /soil-water-fertilizer/worm-compost-639-decision | /soil-water-fertilizer/worm-compost-639-answer | /soil-water-fertilizer/worm-compost-654-guide | /soil-water-fertilizer/worm-compost-654-beginner | /soil-water-fertilizer/worm-compost-654-problems | /soil-water-fertilizer/worm-compost-654-cost | /soil-water-fertilizer/worm-compost-654-compare | /soil-water-fertilizer/worm-compost-654-calendar | /soil-water-fertilizer/worm-compost-654-mistakes | /soil-water-fertilizer/worm-compost-654-faq | /soil-water-fertilizer/worm-compost-654-decision | /soil-water-fertilizer/worm-compost-654-answer | /soil-water-fertilizer/worm-compost-669-guide | /soil-water-fertilizer/worm-compost-669-beginner | /soil-water-fertilizer/worm-compost-669-problems | /soil-water-fertilizer/worm-compost-669-cost | /soil-water-fertilizer/worm-compost-669-compare | /soil-water-fertilizer/worm-compost-669-calendar | /soil-water-fertilizer/worm-compost-669-mistakes | /soil-water-fertilizer/worm-compost-669-faq | /soil-water-fertilizer/worm-compost-669-decision | /soil-water-fertilizer/worm-compost-669-answer,P1:20 | P2:40,processed_existing_catalog,1,ปุ๋ยมูลไส้เดือน
ปุ๋ยหมัก,,ดิน น้ำ ปุ๋ย,ปุ๋ยอินทรีย์,ปุ๋ยหมัก,ปุ๋ยหมัก,70,5841 | 5842 | 5843 | 5844 | 5845 | 5846 | 5847 | 5848 | 5849 | 5850 | 5991 | 5992 | 5993 | 5994 | 5995 | 5996 | 5997 | 5998 | 5999 | 6000 | 6141 | 6142 | 6143 | 6144 | 6145 | 6146 | 6147 | 6148 | 6149 | 6150 | 6291 | 6292 | 6293 | 6294 | 6295 | 6296 | 6297 | 6298 | 6299 | 6300 | 6441 | 6442 | 6443 | 6444 | 6445 | 6446 | 6447 | 6448 | 6449 | 6450 | 6591 | 6592 | 6593 | 6594 | 6595 | 6596 | 6597 | 6598 | 6599 | 6600 | 6741 | 6742 | 6743 | 6744 | 6745 | 6746 | 6747 | 6748 | 6749 | 6750,/soil-water-fertilizer/compost-584-guide | /soil-water-fertilizer/compost-584-beginner | /soil-water-fertilizer/compost-584-problems | /soil-water-fertilizer/compost-584-cost | /soil-water-fertilizer/compost-584-compare | /soil-water-fertilizer/compost-584-calendar | /soil-water-fertilizer/compost-584-mistakes | /soil-water-fertilizer/compost-584-faq | /soil-water-fertilizer/compost-584-decision | /soil-water-fertilizer/compost-584-answer | /soil-water-fertilizer/compost-599-guide | /soil-water-fertilizer/compost-599-beginner | /soil-water-fertilizer/compost-599-problems | /soil-water-fertilizer/compost-599-cost | /soil-water-fertilizer/compost-599-compare | /soil-water-fertilizer/compost-599-calendar | /soil-water-fertilizer/compost-599-mistakes | /soil-water-fertilizer/compost-599-faq | /soil-water-fertilizer/compost-599-decision | /soil-water-fertilizer/compost-599-answer | /soil-water-fertilizer/compost-614-guide | /soil-water-fertilizer/compost-614-beginner | /soil-water-fertilizer/compost-614-problems | /soil-water-fertilizer/compost-614-cost | /soil-water-fertilizer/compost-614-compare | /soil-water-fertilizer/compost-614-calendar | /soil-water-fertilizer/compost-614-mistakes | /soil-water-fertilizer/compost-614-faq | /soil-water-fertilizer/compost-614-decision | /soil-water-fertilizer/compost-614-answer | /soil-water-fertilizer/compost-629-guide | /soil-water-fertilizer/compost-629-beginner | /soil-water-fertilizer/compost-629-problems | /soil-water-fertilizer/compost-629-cost | /soil-water-fertilizer/compost-629-compare | /soil-water-fertilizer/compost-629-calendar | /soil-water-fertilizer/compost-629-mistakes | /soil-water-fertilizer/compost-629-faq | /soil-water-fertilizer/compost-629-decision | /soil-water-fertilizer/compost-629-answer | /soil-water-fertilizer/compost-644-guide | /soil-water-fertilizer/compost-644-beginner | /soil-water-fertilizer/compost-644-problems | /soil-water-fertilizer/compost-644-cost | /soil-water-fertilizer/compost-644-compare | /soil-water-fertilizer/compost-644-calendar | /soil-water-fertilizer/compost-644-mistakes | /soil-water-fertilizer/compost-644-faq | /soil-water-fertilizer/compost-644-decision | /soil-water-fertilizer/compost-644-answer | /soil-water-fertilizer/compost-659-guide | /soil-water-fertilizer/compost-659-beginner | /soil-water-fertilizer/compost-659-problems | /soil-water-fertilizer/compost-659-cost | /soil-water-fertilizer/compost-659-compare | /soil-water-fertilizer/compost-659-calendar | /soil-water-fertilizer/compost-659-mistakes | /soil-water-fertilizer/compost-659-faq | /soil-water-fertilizer/compost-659-decision | /soil-water-fertilizer/compost-659-answer | /soil-water-fertilizer/compost-674-guide | /soil-water-fertilizer/compost-674-beginner | /soil-water-fertilizer/compost-674-problems | /soil-water-fertilizer/compost-674-cost | /soil-water-fertilizer/compost-674-compare | /soil-water-fertilizer/compost-674-calendar | /soil-water-fertilizer/compost-674-mistakes | /soil-water-fertilizer/compost-674-faq | /soil-water-fertilizer/compost-674-decision | /soil-water-fertilizer/compost-674-answer,P1:20 | P2:50,processed_existing_catalog,1,ปุ๋ยหมัก
พืชปุ๋ยสด,,ดิน น้ำ ปุ๋ย,พืชปรับปรุงดิน,พืชปุ๋ยสด,พืชปุ๋ยสด,60,5931 | 5932 | 5933 | 5934 | 5935 | 5936 | 5937 | 5938 | 5939 | 5940 | 6081 | 6082 | 6083 | 6084 | 6085 | 6086 | 6087 | 6088 | 6089 | 6090 | 6231 | 6232 | 6233 | 6234 | 6235 | 6236 | 6237 | 6238 | 6239 | 6240 | 6381 | 6382 | 6383 | 6384 | 6385 | 6386 | 6387 | 6388 | 6389 | 6390 | 6531 | 6532 | 6533 | 6534 | 6535 | 6536 | 6537 | 6538 | 6539 | 6540 | 6681 | 6682 | 6683 | 6684 | 6685 | 6686 | 6687 | 6688 | 6689 | 6690,/soil-water-fertilizer/green-manure-593-guide | /soil-water-fertilizer/green-manure-593-beginner | /soil-water-fertilizer/green-manure-593-problems | /soil-water-fertilizer/green-manure-593-cost | /soil-water-fertilizer/green-manure-593-compare | /soil-water-fertilizer/green-manure-593-calendar | /soil-water-fertilizer/green-manure-593-mistakes | /soil-water-fertilizer/green-manure-593-faq | /soil-water-fertilizer/green-manure-593-decision | /soil-water-fertilizer/green-manure-593-answer | /soil-water-fertilizer/green-manure-608-guide | /soil-water-fertilizer/green-manure-608-beginner | /soil-water-fertilizer/green-manure-608-problems | /soil-water-fertilizer/green-manure-608-cost | /soil-water-fertilizer/green-manure-608-compare | /soil-water-fertilizer/green-manure-608-calendar | /soil-water-fertilizer/green-manure-608-mistakes | /soil-water-fertilizer/green-manure-608-faq | /soil-water-fertilizer/green-manure-608-decision | /soil-water-fertilizer/green-manure-608-answer | /soil-water-fertilizer/green-manure-623-guide | /soil-water-fertilizer/green-manure-623-beginner | /soil-water-fertilizer/green-manure-623-problems | /soil-water-fertilizer/green-manure-623-cost | /soil-water-fertilizer/green-manure-623-compare | /soil-water-fertilizer/green-manure-623-calendar | /soil-water-fertilizer/green-manure-623-mistakes | /soil-water-fertilizer/green-manure-623-faq | /soil-water-fertilizer/green-manure-623-decision | /soil-water-fertilizer/green-manure-623-answer | /soil-water-fertilizer/green-manure-638-guide | /soil-water-fertilizer/green-manure-638-beginner | /soil-water-fertilizer/green-manure-638-problems | /soil-water-fertilizer/green-manure-638-cost | /soil-water-fertilizer/green-manure-638-compare | /soil-water-fertilizer/green-manure-638-calendar | /soil-water-fertilizer/green-manure-638-mistakes | /soil-water-fertilizer/green-manure-638-faq | /soil-water-fertilizer/green-manure-638-decision | /soil-water-fertilizer/green-manure-638-answer | /soil-water-fertilizer/green-manure-653-guide | /soil-water-fertilizer/green-manure-653-beginner | /soil-water-fertilizer/green-manure-653-problems | /soil-water-fertilizer/green-manure-653-cost | /soil-water-fertilizer/green-manure-653-compare | /soil-water-fertilizer/green-manure-653-calendar | /soil-water-fertilizer/green-manure-653-mistakes | /soil-water-fertilizer/green-manure-653-faq | /soil-water-fertilizer/green-manure-653-decision | /soil-water-fertilizer/green-manure-653-answer | /soil-water-fertilizer/green-manure-668-guide | /soil-water-fertilizer/green-manure-668-beginner | /soil-water-fertilizer/green-manure-668-problems | /soil-water-fertilizer/green-manure-668-cost | /soil-water-fertilizer/green-manure-668-compare | /soil-water-fertilizer/green-manure-668-calendar | /soil-water-fertilizer/green-manure-668-mistakes | /soil-water-fertilizer/green-manure-668-faq | /soil-water-fertilizer/green-manure-668-decision | /soil-water-fertilizer/green-manure-668-answer,P1:20 | P2:40,processed_existing_catalog,1,พืชปุ๋ยสด
ระบบน้ำหยด,,ดิน น้ำ ปุ๋ย,ระบบน้ำ,ระบบน้ำหยด,ระบบน้ำหยด,70,5891 | 5892 | 5893 | 5894 | 5895 | 5896 | 5897 | 5898 | 5899 | 5900 | 6041 | 6042 | 6043 | 6044 | 6045 | 6046 | 6047 | 6048 | 6049 | 6050 | 6191 | 6192 | 6193 | 6194 | 6195 | 6196 | 6197 | 6198 | 6199 | 6200 | 6341 | 6342 | 6343 | 6344 | 6345 | 6346 | 6347 | 6348 | 6349 | 6350 | 6491 | 6492 | 6493 | 6494 | 6495 | 6496 | 6497 | 6498 | 6499 | 6500 | 6641 | 6642 | 6643 | 6644 | 6645 | 6646 | 6647 | 6648 | 6649 | 6650 | 6791 | 6792 | 6793 | 6794 | 6795 | 6796 | 6797 | 6798 | 6799 | 6800,/soil-water-fertilizer/drip-irrigation-589-guide | /soil-water-fertilizer/drip-irrigation-589-beginner | /soil-water-fertilizer/drip-irrigation-589-problems | /soil-water-fertilizer/drip-irrigation-589-cost | /soil-water-fertilizer/drip-irrigation-589-compare | /soil-water-fertilizer/drip-irrigation-589-calendar | /soil-water-fertilizer/drip-irrigation-589-mistakes | /soil-water-fertilizer/drip-irrigation-589-faq | /soil-water-fertilizer/drip-irrigation-589-decision | /soil-water-fertilizer/drip-irrigation-589-answer | /soil-water-fertilizer/drip-irrigation-604-guide | /soil-water-fertilizer/drip-irrigation-604-beginner | /soil-water-fertilizer/drip-irrigation-604-problems | /soil-water-fertilizer/drip-irrigation-604-cost | /soil-water-fertilizer/drip-irrigation-604-compare | /soil-water-fertilizer/drip-irrigation-604-calendar | /soil-water-fertilizer/drip-irrigation-604-mistakes | /soil-water-fertilizer/drip-irrigation-604-faq | /soil-water-fertilizer/drip-irrigation-604-decision | /soil-water-fertilizer/drip-irrigation-604-answer | /soil-water-fertilizer/drip-irrigation-619-guide | /soil-water-fertilizer/drip-irrigation-619-beginner | /soil-water-fertilizer/drip-irrigation-619-problems | /soil-water-fertilizer/drip-irrigation-619-cost | /soil-water-fertilizer/drip-irrigation-619-compare | /soil-water-fertilizer/drip-irrigation-619-calendar | /soil-water-fertilizer/drip-irrigation-619-mistakes | /soil-water-fertilizer/drip-irrigation-619-faq | /soil-water-fertilizer/drip-irrigation-619-decision | /soil-water-fertilizer/drip-irrigation-619-answer | /soil-water-fertilizer/drip-irrigation-634-guide | /soil-water-fertilizer/drip-irrigation-634-beginner | /soil-water-fertilizer/drip-irrigation-634-problems | /soil-water-fertilizer/drip-irrigation-634-cost | /soil-water-fertilizer/drip-irrigation-634-compare | /soil-water-fertilizer/drip-irrigation-634-calendar | /soil-water-fertilizer/drip-irrigation-634-mistakes | /soil-water-fertilizer/drip-irrigation-634-faq | /soil-water-fertilizer/drip-irrigation-634-decision | /soil-water-fertilizer/drip-irrigation-634-answer | /soil-water-fertilizer/drip-irrigation-649-guide | /soil-water-fertilizer/drip-irrigation-649-beginner | /soil-water-fertilizer/drip-irrigation-649-problems | /soil-water-fertilizer/drip-irrigation-649-cost | /soil-water-fertilizer/drip-irrigation-649-compare | /soil-water-fertilizer/drip-irrigation-649-calendar | /soil-water-fertilizer/drip-irrigation-649-mistakes | /soil-water-fertilizer/drip-irrigation-649-faq | /soil-water-fertilizer/drip-irrigation-649-decision | /soil-water-fertilizer/drip-irrigation-649-answer | /soil-water-fertilizer/drip-irrigation-664-guide | /soil-water-fertilizer/drip-irrigation-664-beginner | /soil-water-fertilizer/drip-irrigation-664-problems | /soil-water-fertilizer/drip-irrigation-664-cost | /soil-water-fertilizer/drip-irrigation-664-compare | /soil-water-fertilizer/drip-irrigation-664-calendar | /soil-water-fertilizer/drip-irrigation-664-mistakes | /soil-water-fertilizer/drip-irrigation-664-faq | /soil-water-fertilizer/drip-irrigation-664-decision | /soil-water-fertilizer/drip-irrigation-664-answer | /soil-water-fertilizer/drip-irrigation-679-guide | /soil-water-fertilizer/drip-irrigation-679-beginner | /soil-water-fertilizer/drip-irrigation-679-problems | /soil-water-fertilizer/drip-irrigation-679-cost | /soil-water-fertilizer/drip-irrigation-679-compare | /soil-water-fertilizer/drip-irrigation-679-calendar | /soil-water-fertilizer/drip-irrigation-679-mistakes | /soil-water-fertilizer/drip-irrigation-679-faq | /soil-water-fertilizer/drip-irrigation-679-decision | /soil-water-fertilizer/drip-irrigation-679-answer,P1:20 | P2:50,processed_existing_catalog,1,ระบบน้ำหยด
สปริงเกอร์สวนผลไม้,,ดิน น้ำ ปุ๋ย,ระบบน้ำ,สปริงเกอร์สวนผลไม้,สปริงเกอร์สวนผลไม้,60,5901 | 5902 | 5903 | 5904 | 5905 | 5906 | 5907 | 5908 | 5909 | 5910 | 6051 | 6052 | 6053 | 6054 | 6055 | 6056 | 6057 | 6058 | 6059 | 6060 | 6201 | 6202 | 6203 | 6204 | 6205 | 6206 | 6207 | 6208 | 6209 | 6210 | 6351 | 6352 | 6353 | 6354 | 6355 | 6356 | 6357 | 6358 | 6359 | 6360 | 6501 | 6502 | 6503 | 6504 | 6505 | 6506 | 6507 | 6508 | 6509 | 6510 | 6651 | 6652 | 6653 | 6654 | 6655 | 6656 | 6657 | 6658 | 6659 | 6660,/soil-water-fertilizer/sprinkler-fruit-590-guide | /soil-water-fertilizer/sprinkler-fruit-590-beginner | /soil-water-fertilizer/sprinkler-fruit-590-problems | /soil-water-fertilizer/sprinkler-fruit-590-cost | /soil-water-fertilizer/sprinkler-fruit-590-compare | /soil-water-fertilizer/sprinkler-fruit-590-calendar | /soil-water-fertilizer/sprinkler-fruit-590-mistakes | /soil-water-fertilizer/sprinkler-fruit-590-faq | /soil-water-fertilizer/sprinkler-fruit-590-decision | /soil-water-fertilizer/sprinkler-fruit-590-answer | /soil-water-fertilizer/sprinkler-fruit-605-guide | /soil-water-fertilizer/sprinkler-fruit-605-beginner | /soil-water-fertilizer/sprinkler-fruit-605-problems | /soil-water-fertilizer/sprinkler-fruit-605-cost | /soil-water-fertilizer/sprinkler-fruit-605-compare | /soil-water-fertilizer/sprinkler-fruit-605-calendar | /soil-water-fertilizer/sprinkler-fruit-605-mistakes | /soil-water-fertilizer/sprinkler-fruit-605-faq | /soil-water-fertilizer/sprinkler-fruit-605-decision | /soil-water-fertilizer/sprinkler-fruit-605-answer | /soil-water-fertilizer/sprinkler-fruit-620-guide | /soil-water-fertilizer/sprinkler-fruit-620-beginner | /soil-water-fertilizer/sprinkler-fruit-620-problems | /soil-water-fertilizer/sprinkler-fruit-620-cost | /soil-water-fertilizer/sprinkler-fruit-620-compare | /soil-water-fertilizer/sprinkler-fruit-620-calendar | /soil-water-fertilizer/sprinkler-fruit-620-mistakes | /soil-water-fertilizer/sprinkler-fruit-620-faq | /soil-water-fertilizer/sprinkler-fruit-620-decision | /soil-water-fertilizer/sprinkler-fruit-620-answer | /soil-water-fertilizer/sprinkler-fruit-635-guide | /soil-water-fertilizer/sprinkler-fruit-635-beginner | /soil-water-fertilizer/sprinkler-fruit-635-problems | /soil-water-fertilizer/sprinkler-fruit-635-cost | /soil-water-fertilizer/sprinkler-fruit-635-compare | /soil-water-fertilizer/sprinkler-fruit-635-calendar | /soil-water-fertilizer/sprinkler-fruit-635-mistakes | /soil-water-fertilizer/sprinkler-fruit-635-faq | /soil-water-fertilizer/sprinkler-fruit-635-decision | /soil-water-fertilizer/sprinkler-fruit-635-answer | /soil-water-fertilizer/sprinkler-fruit-650-guide | /soil-water-fertilizer/sprinkler-fruit-650-beginner | /soil-water-fertilizer/sprinkler-fruit-650-problems | /soil-water-fertilizer/sprinkler-fruit-650-cost | /soil-water-fertilizer/sprinkler-fruit-650-compare | /soil-water-fertilizer/sprinkler-fruit-650-calendar | /soil-water-fertilizer/sprinkler-fruit-650-mistakes | /soil-water-fertilizer/sprinkler-fruit-650-faq | /soil-water-fertilizer/sprinkler-fruit-650-decision | /soil-water-fertilizer/sprinkler-fruit-650-answer | /soil-water-fertilizer/sprinkler-fruit-665-guide | /soil-water-fertilizer/sprinkler-fruit-665-beginner | /soil-water-fertilizer/sprinkler-fruit-665-problems | /soil-water-fertilizer/sprinkler-fruit-665-cost | /soil-water-fertilizer/sprinkler-fruit-665-compare | /soil-water-fertilizer/sprinkler-fruit-665-calendar | /soil-water-fertilizer/sprinkler-fruit-665-mistakes | /soil-water-fertilizer/sprinkler-fruit-665-faq | /soil-water-fertilizer/sprinkler-fruit-665-decision | /soil-water-fertilizer/sprinkler-fruit-665-answer,P1:20 | P2:40,processed_existing_catalog,1,สปริงเกอร์สวนผลไม้
สูตรปุ๋ย NPK,,ดิน น้ำ ปุ๋ย,ปุ๋ยเคมี,สูตรปุ๋ย NPK,สูตรปุ๋ย NPK,70,5871 | 5872 | 5873 | 5874 | 5875 | 5876 | 5877 | 5878 | 5879 | 5880 | 6021 | 6022 | 6023 | 6024 | 6025 | 6026 | 6027 | 6028 | 6029 | 6030 | 6171 | 6172 | 6173 | 6174 | 6175 | 6176 | 6177 | 6178 | 6179 | 6180 | 6321 | 6322 | 6323 | 6324 | 6325 | 6326 | 6327 | 6328 | 6329 | 6330 | 6471 | 6472 | 6473 | 6474 | 6475 | 6476 | 6477 | 6478 | 6479 | 6480 | 6621 | 6622 | 6623 | 6624 | 6625 | 6626 | 6627 | 6628 | 6629 | 6630 | 6771 | 6772 | 6773 | 6774 | 6775 | 6776 | 6777 | 6778 | 6779 | 6780,/soil-water-fertilizer/npk-fertilizer-587-guide | /soil-water-fertilizer/npk-fertilizer-587-beginner | /soil-water-fertilizer/npk-fertilizer-587-problems | /soil-water-fertilizer/npk-fertilizer-587-cost | /soil-water-fertilizer/npk-fertilizer-587-compare | /soil-water-fertilizer/npk-fertilizer-587-calendar | /soil-water-fertilizer/npk-fertilizer-587-mistakes | /soil-water-fertilizer/npk-fertilizer-587-faq | /soil-water-fertilizer/npk-fertilizer-587-decision | /soil-water-fertilizer/npk-fertilizer-587-answer | /soil-water-fertilizer/npk-fertilizer-602-guide | /soil-water-fertilizer/npk-fertilizer-602-beginner | /soil-water-fertilizer/npk-fertilizer-602-problems | /soil-water-fertilizer/npk-fertilizer-602-cost | /soil-water-fertilizer/npk-fertilizer-602-compare | /soil-water-fertilizer/npk-fertilizer-602-calendar | /soil-water-fertilizer/npk-fertilizer-602-mistakes | /soil-water-fertilizer/npk-fertilizer-602-faq | /soil-water-fertilizer/npk-fertilizer-602-decision | /soil-water-fertilizer/npk-fertilizer-602-answer | /soil-water-fertilizer/npk-fertilizer-617-guide | /soil-water-fertilizer/npk-fertilizer-617-beginner | /soil-water-fertilizer/npk-fertilizer-617-problems | /soil-water-fertilizer/npk-fertilizer-617-cost | /soil-water-fertilizer/npk-fertilizer-617-compare | /soil-water-fertilizer/npk-fertilizer-617-calendar | /soil-water-fertilizer/npk-fertilizer-617-mistakes | /soil-water-fertilizer/npk-fertilizer-617-faq | /soil-water-fertilizer/npk-fertilizer-617-decision | /soil-water-fertilizer/npk-fertilizer-617-answer | /soil-water-fertilizer/npk-fertilizer-632-guide | /soil-water-fertilizer/npk-fertilizer-632-beginner | /soil-water-fertilizer/npk-fertilizer-632-problems | /soil-water-fertilizer/npk-fertilizer-632-cost | /soil-water-fertilizer/npk-fertilizer-632-compare | /soil-water-fertilizer/npk-fertilizer-632-calendar | /soil-water-fertilizer/npk-fertilizer-632-mistakes | /soil-water-fertilizer/npk-fertilizer-632-faq | /soil-water-fertilizer/npk-fertilizer-632-decision | /soil-water-fertilizer/npk-fertilizer-632-answer | /soil-water-fertilizer/npk-fertilizer-647-guide | /soil-water-fertilizer/npk-fertilizer-647-beginner | /soil-water-fertilizer/npk-fertilizer-647-problems | /soil-water-fertilizer/npk-fertilizer-647-cost | /soil-water-fertilizer/npk-fertilizer-647-compare | /soil-water-fertilizer/npk-fertilizer-647-calendar | /soil-water-fertilizer/npk-fertilizer-647-mistakes | /soil-water-fertilizer/npk-fertilizer-647-faq | /soil-water-fertilizer/npk-fertilizer-647-decision | /soil-water-fertilizer/npk-fertilizer-647-answer | /soil-water-fertilizer/npk-fertilizer-662-guide | /soil-water-fertilizer/npk-fertilizer-662-beginner | /soil-water-fertilizer/npk-fertilizer-662-problems | /soil-water-fertilizer/npk-fertilizer-662-cost | /soil-water-fertilizer/npk-fertilizer-662-compare | /soil-water-fertilizer/npk-fertilizer-662-calendar | /soil-water-fertilizer/npk-fertilizer-662-mistakes | /soil-water-fertilizer/npk-fertilizer-662-faq | /soil-water-fertilizer/npk-fertilizer-662-decision | /soil-water-fertilizer/npk-fertilizer-662-answer | /soil-water-fertilizer/npk-fertilizer-677-guide | /soil-water-fertilizer/npk-fertilizer-677-beginner | /soil-water-fertilizer/npk-fertilizer-677-problems | /soil-water-fertilizer/npk-fertilizer-677-cost | /soil-water-fertilizer/npk-fertilizer-677-compare | /soil-water-fertilizer/npk-fertilizer-677-calendar | /soil-water-fertilizer/npk-fertilizer-677-mistakes | /soil-water-fertilizer/npk-fertilizer-677-faq | /soil-water-fertilizer/npk-fertilizer-677-decision | /soil-water-fertilizer/npk-fertilizer-677-answer,P1:20 | P2:50,processed_existing_catalog,1,สูตรปุ๋ย NPK
ใส่ปุ๋ยมากเกินไป,,ดิน น้ำ ปุ๋ย,ปุ๋ยและความปลอดภัย,ใส่ปุ๋ยมากเกินไป,ใส่ปุ๋ยมากเกินไป,70,5881 | 5882 | 5883 | 5884 | 5885 | 5886 | 5887 | 5888 | 5889 | 5890 | 6031 | 6032 | 6033 | 6034 | 6035 | 6036 | 6037 | 6038 | 6039 | 6040 | 6181 | 6182 | 6183 | 6184 | 6185 | 6186 | 6187 | 6188 | 6189 | 6190 | 6331 | 6332 | 6333 | 6334 | 6335 | 6336 | 6337 | 6338 | 6339 | 6340 | 6481 | 6482 | 6483 | 6484 | 6485 | 6486 | 6487 | 6488 | 6489 | 6490 | 6631 | 6632 | 6633 | 6634 | 6635 | 6636 | 6637 | 6638 | 6639 | 6640 | 6781 | 6782 | 6783 | 6784 | 6785 | 6786 | 6787 | 6788 | 6789 | 6790,/soil-water-fertilizer/over-fertilizing-588-guide | /soil-water-fertilizer/over-fertilizing-588-beginner | /soil-water-fertilizer/over-fertilizing-588-problems | /soil-water-fertilizer/over-fertilizing-588-cost | /soil-water-fertilizer/over-fertilizing-588-compare | /soil-water-fertilizer/over-fertilizing-588-calendar | /soil-water-fertilizer/over-fertilizing-588-mistakes | /soil-water-fertilizer/over-fertilizing-588-faq | /soil-water-fertilizer/over-fertilizing-588-decision | /soil-water-fertilizer/over-fertilizing-588-answer | /soil-water-fertilizer/over-fertilizing-603-guide | /soil-water-fertilizer/over-fertilizing-603-beginner | /soil-water-fertilizer/over-fertilizing-603-problems | /soil-water-fertilizer/over-fertilizing-603-cost | /soil-water-fertilizer/over-fertilizing-603-compare | /soil-water-fertilizer/over-fertilizing-603-calendar | /soil-water-fertilizer/over-fertilizing-603-mistakes | /soil-water-fertilizer/over-fertilizing-603-faq | /soil-water-fertilizer/over-fertilizing-603-decision | /soil-water-fertilizer/over-fertilizing-603-answer | /soil-water-fertilizer/over-fertilizing-618-guide | /soil-water-fertilizer/over-fertilizing-618-beginner | /soil-water-fertilizer/over-fertilizing-618-problems | /soil-water-fertilizer/over-fertilizing-618-cost | /soil-water-fertilizer/over-fertilizing-618-compare | /soil-water-fertilizer/over-fertilizing-618-calendar | /soil-water-fertilizer/over-fertilizing-618-mistakes | /soil-water-fertilizer/over-fertilizing-618-faq | /soil-water-fertilizer/over-fertilizing-618-decision | /soil-water-fertilizer/over-fertilizing-618-answer | /soil-water-fertilizer/over-fertilizing-633-guide | /soil-water-fertilizer/over-fertilizing-633-beginner | /soil-water-fertilizer/over-fertilizing-633-problems | /soil-water-fertilizer/over-fertilizing-633-cost | /soil-water-fertilizer/over-fertilizing-633-compare | /soil-water-fertilizer/over-fertilizing-633-calendar | /soil-water-fertilizer/over-fertilizing-633-mistakes | /soil-water-fertilizer/over-fertilizing-633-faq | /soil-water-fertilizer/over-fertilizing-633-decision | /soil-water-fertilizer/over-fertilizing-633-answer | /soil-water-fertilizer/over-fertilizing-648-guide | /soil-water-fertilizer/over-fertilizing-648-beginner | /soil-water-fertilizer/over-fertilizing-648-problems | /soil-water-fertilizer/over-fertilizing-648-cost | /soil-water-fertilizer/over-fertilizing-648-compare | /soil-water-fertilizer/over-fertilizing-648-calendar | /soil-water-fertilizer/over-fertilizing-648-mistakes | /soil-water-fertilizer/over-fertilizing-648-faq | /soil-water-fertilizer/over-fertilizing-648-decision | /soil-water-fertilizer/over-fertilizing-648-answer | /soil-water-fertilizer/over-fertilizing-663-guide | /soil-water-fertilizer/over-fertilizing-663-beginner | /soil-water-fertilizer/over-fertilizing-663-problems | /soil-water-fertilizer/over-fertilizing-663-cost | /soil-water-fertilizer/over-fertilizing-663-compare | /soil-water-fertilizer/over-fertilizing-663-calendar | /soil-water-fertilizer/over-fertilizing-663-mistakes | /soil-water-fertilizer/over-fertilizing-663-faq | /soil-water-fertilizer/over-fertilizing-663-decision | /soil-water-fertilizer/over-fertilizing-663-answer | /soil-water-fertilizer/over-fertilizing-678-guide | /soil-water-fertilizer/over-fertilizing-678-beginner | /soil-water-fertilizer/over-fertilizing-678-problems | /soil-water-fertilizer/over-fertilizing-678-cost | /soil-water-fertilizer/over-fertilizing-678-compare | /soil-water-fertilizer/over-fertilizing-678-calendar | /soil-water-fertilizer/over-fertilizing-678-mistakes | /soil-water-fertilizer/over-fertilizing-678-faq | /soil-water-fertilizer/over-fertilizing-678-decision | /soil-water-fertilizer/over-fertilizing-678-answer,P1:20 | P2:50,processed_existing_catalog,1,ใส่ปุ๋ยมากเกินไป
ทำเกษตรผสมผสาน 1 ไร่,อุปกรณ์ทำเกษตรผสมผสาน 1 ไร่,ต้นทุน กำไร บัญชีฟาร์ม,ต้นทุนและจุดคุ้มทุน,ทำเกษตรผสมผสาน 1 ไร่,กำไรทำเกษตรผสมผสาน 1 ไร่ | ต้นทุนทำเกษตรผสมผสาน 1 ไร่ | ทำเกษตรผสมผสาน 1 ไร่คุ้มไหม | ลงทุนทำเกษตรผสมผสาน 1 ไร่,40,8521 | 8522 | 8523 | 8524 | 8525 | 8526 | 8527 | 8528 | 8529 | 8530 | 8531 | 8532 | 8533 | 8534 | 8535 | 8536 | 8537 | 8538 | 8539 | 8540 | 8541 | 8542 | 8543 | 8544 | 8545 | 8546 | 8547 | 8548 | 8549 | 8550 | 8551 | 8552 | 8553 | 8554 | 8555 | 8556 | 8557 | 8558 | 8559 | 8560,/cost-profit/cost-1-guide | /cost-profit/cost-1-beginner | /cost-profit/cost-1-problems | /cost-profit/cost-1-cost | /cost-profit/cost-1-compare | /cost-profit/cost-1-calendar | /cost-profit/cost-1-mistakes | /cost-profit/cost-1-faq | /cost-profit/cost-1-decision | /cost-profit/cost-1-answer | /cost-profit/profit-1-guide | /cost-profit/profit-1-beginner | /cost-profit/profit-1-problems | /cost-profit/profit-1-cost | /cost-profit/profit-1-compare | /cost-profit/profit-1-calendar | /cost-profit/profit-1-mistakes | /cost-profit/profit-1-faq | /cost-profit/profit-1-decision | /cost-profit/profit-1-answer | /cost-profit/scenario-1-guide | /cost-profit/scenario-1-beginner | /cost-profit/scenario-1-problems | /cost-profit/scenario-1-cost | /cost-profit/scenario-1-compare | /cost-profit/scenario-1-calendar | /cost-profit/scenario-1-mistakes | /cost-profit/scenario-1-faq | /cost-profit/scenario-1-decision | /cost-profit/scenario-1-answer | /cost-profit/checklist-1-guide | /cost-profit/checklist-1-beginner | /cost-profit/checklist-1-problems | /cost-profit/checklist-1-cost | /cost-profit/checklist-1-compare | /cost-profit/checklist-1-calendar | /cost-profit/checklist-1-mistakes | /cost-profit/checklist-1-faq | /cost-profit/checklist-1-decision | /cost-profit/checklist-1-answer,P1:40,pending,0,
ทำสวนผลไม้,อุปกรณ์ทำสวนผลไม้,ต้นทุน กำไร บัญชีฟาร์ม,ต้นทุนและจุดคุ้มทุน,ทำสวนผลไม้,กำไรทำสวนผลไม้ | ต้นทุนทำสวนผลไม้ | ทำสวนผลไม้คุ้มไหม | ลงทุนทำสวนผลไม้,40,8561 | 8562 | 8563 | 8564 | 8565 | 8566 | 8567 | 8568 | 8569 | 8570 | 8571 | 8572 | 8573 | 8574 | 8575 | 8576 | 8577 | 8578 | 8579 | 8580 | 8581 | 8582 | 8583 | 8584 | 8585 | 8586 | 8587 | 8588 | 8589 | 8590 | 8591 | 8592 | 8593 | 8594 | 8595 | 8596 | 8597 | 8598 | 8599 | 8600,/cost-profit/cost-guide | /cost-profit/cost-beginner | /cost-profit/cost-problems | /cost-profit/cost-cost | /cost-profit/cost-compare | /cost-profit/cost-calendar | /cost-profit/cost-mistakes | /cost-profit/cost-faq | /cost-profit/cost-decision | /cost-profit/cost-answer | /cost-profit/profit-guide | /cost-profit/profit-beginner | /cost-profit/profit-problems | /cost-profit/profit-cost | /cost-profit/profit-compare | /cost-profit/profit-calendar | /cost-profit/profit-mistakes | /cost-profit/profit-faq | /cost-profit/profit-decision | /cost-profit/profit-answer | /cost-profit/scenario-guide | /cost-profit/scenario-beginner | /cost-profit/scenario-problems | /cost-profit/scenario-cost | /cost-profit/scenario-compare | /cost-profit/scenario-calendar | /cost-profit/scenario-mistakes | /cost-profit/scenario-faq | /cost-profit/scenario-decision | /cost-profit/scenario-answer | /cost-profit/checklist-guide | /cost-profit/checklist-beginner | /cost-profit/checklist-problems | /cost-profit/checklist-cost | /cost-profit/checklist-compare | /cost-profit/checklist-calendar | /cost-profit/checklist-mistakes | /cost-profit/checklist-faq | /cost-profit/checklist-decision | /cost-profit/checklist-answer,P1:40,pending,0,
ปลูกข้าว,อุปกรณ์ปลูกข้าว,ต้นทุน กำไร บัญชีฟาร์ม,ต้นทุนและจุดคุ้มทุน,ปลูกข้าว,กำไรปลูกข้าว | ต้นทุนปลูกข้าว | ปลูกข้าวคุ้มไหม | ลงทุนปลูกข้าว,40,7801 | 7802 | 7803 | 7804 | 7805 | 7806 | 7807 | 7808 | 7809 | 7810 | 7811 | 7812 | 7813 | 7814 | 7815 | 7816 | 7817 | 7818 | 7819 | 7820 | 7821 | 7822 | 7823 | 7824 | 7825 | 7826 | 7827 | 7828 | 7829 | 7830 | 7831 | 7832 | 7833 | 7834 | 7835 | 7836 | 7837 | 7838 | 7839 | 7840,/cost-profit/cost-guide | /cost-profit/cost-beginner | /cost-profit/cost-problems | /cost-profit/cost-cost | /cost-profit/cost-compare | /cost-profit/cost-calendar | /cost-profit/cost-mistakes | /cost-profit/cost-faq | /cost-profit/cost-decision | /cost-profit/cost-answer | /cost-profit/profit-guide | /cost-profit/profit-beginner | /cost-profit/profit-problems | /cost-profit/profit-cost | /cost-profit/profit-compare | /cost-profit/profit-calendar | /cost-profit/profit-mistakes | /cost-profit/profit-faq | /cost-profit/profit-decision | /cost-profit/profit-answer | /cost-profit/scenario-guide | /cost-profit/scenario-beginner | /cost-profit/scenario-problems | /cost-profit/scenario-cost | /cost-profit/scenario-compare | /cost-profit/scenario-calendar | /cost-profit/scenario-mistakes | /cost-profit/scenario-faq | /cost-profit/scenario-decision | /cost-profit/scenario-answer | /cost-profit/checklist-guide | /cost-profit/checklist-beginner | /cost-profit/checklist-problems | /cost-profit/checklist-cost | /cost-profit/checklist-compare | /cost-profit/checklist-calendar | /cost-profit/checklist-mistakes | /cost-profit/checklist-faq | /cost-profit/checklist-decision | /cost-profit/checklist-answer,P1:40,pending,0,
ปลูกข้าวโพด,อุปกรณ์ปลูกข้าวโพด,ต้นทุน กำไร บัญชีฟาร์ม,ต้นทุนและจุดคุ้มทุน,ปลูกข้าวโพด,กำไรปลูกข้าวโพด | ต้นทุนปลูกข้าวโพด | ปลูกข้าวโพดคุ้มไหม | ลงทุนปลูกข้าวโพด,40,7921 | 7922 | 7923 | 7924 | 7925 | 7926 | 7927 | 7928 | 7929 | 7930 | 7931 | 7932 | 7933 | 7934 | 7935 | 7936 | 7937 | 7938 | 7939 | 7940 | 7941 | 7942 | 7943 | 7944 | 7945 | 7946 | 7947 | 7948 | 7949 | 7950 | 7951 | 7952 | 7953 | 7954 | 7955 | 7956 | 7957 | 7958 | 7959 | 7960,/cost-profit/cost-guide | /cost-profit/cost-beginner | /cost-profit/cost-problems | /cost-profit/cost-cost | /cost-profit/cost-compare | /cost-profit/cost-calendar | /cost-profit/cost-mistakes | /cost-profit/cost-faq | /cost-profit/cost-decision | /cost-profit/cost-answer | /cost-profit/profit-guide | /cost-profit/profit-beginner | /cost-profit/profit-problems | /cost-profit/profit-cost | /cost-profit/profit-compare | /cost-profit/profit-calendar | /cost-profit/profit-mistakes | /cost-profit/profit-faq | /cost-profit/profit-decision | /cost-profit/profit-answer | /cost-profit/scenario-guide | /cost-profit/scenario-beginner | /cost-profit/scenario-problems | /cost-profit/scenario-cost | /cost-profit/scenario-compare | /cost-profit/scenario-calendar | /cost-profit/scenario-mistakes | /cost-profit/scenario-faq | /cost-profit/scenario-decision | /cost-profit/scenario-answer | /cost-profit/checklist-guide | /cost-profit/checklist-beginner | /cost-profit/checklist-problems | /cost-profit/checklist-cost | /cost-profit/checklist-compare | /cost-profit/checklist-calendar | /cost-profit/checklist-mistakes | /cost-profit/checklist-faq | /cost-profit/checklist-decision | /cost-profit/checklist-answer,P1:40,pending,0,
ปลูกทุเรียน,อุปกรณ์ปลูกทุเรียน,ต้นทุน กำไร บัญชีฟาร์ม,ต้นทุนและจุดคุ้มทุน,ปลูกทุเรียน,กำไรปลูกทุเรียน | ต้นทุนปลูกทุเรียน | ปลูกทุเรียนคุ้มไหม | ลงทุนปลูกทุเรียน,40,7961 | 7962 | 7963 | 7964 | 7965 | 7966 | 7967 | 7968 | 7969 | 7970 | 7971 | 7972 | 7973 | 7974 | 7975 | 7976 | 7977 | 7978 | 7979 | 7980 | 7981 | 7982 | 7983 | 7984 | 7985 | 7986 | 7987 | 7988 | 7989 | 7990 | 7991 | 7992 | 7993 | 7994 | 7995 | 7996 | 7997 | 7998 | 7999 | 8000,/cost-profit/cost-guide | /cost-profit/cost-beginner | /cost-profit/cost-problems | /cost-profit/cost-cost | /cost-profit/cost-compare | /cost-profit/cost-calendar | /cost-profit/cost-mistakes | /cost-profit/cost-faq | /cost-profit/cost-decision | /cost-profit/cost-answer | /cost-profit/profit-guide | /cost-profit/profit-beginner | /cost-profit/profit-problems | /cost-profit/profit-cost | /cost-profit/profit-compare | /cost-profit/profit-calendar | /cost-profit/profit-mistakes | /cost-profit/profit-faq | /cost-profit/profit-decision | /cost-profit/profit-answer | /cost-profit/scenario-guide | /cost-profit/scenario-beginner | /cost-profit/scenario-problems | /cost-profit/scenario-cost | /cost-profit/scenario-compare | /cost-profit/scenario-calendar | /cost-profit/scenario-mistakes | /cost-profit/scenario-faq | /cost-profit/scenario-decision | /cost-profit/scenario-answer | /cost-profit/checklist-guide | /cost-profit/checklist-beginner | /cost-profit/checklist-problems | /cost-profit/checklist-cost | /cost-profit/checklist-compare | /cost-profit/checklist-calendar | /cost-profit/checklist-mistakes | /cost-profit/checklist-faq | /cost-profit/checklist-decision | /cost-profit/checklist-answer,P1:40,pending,0,
ปลูกผักสลัด,อุปกรณ์ปลูกผักสลัด,ต้นทุน กำไร บัญชีฟาร์ม,ต้นทุนและจุดคุ้มทุน,ปลูกผักสลัด,กำไรปลูกผักสลัด | ต้นทุนปลูกผักสลัด | ปลูกผักสลัดคุ้มไหม | ลงทุนปลูกผักสลัด,40,8041 | 8042 | 8043 | 8044 | 8045 | 8046 | 8047 | 8048 | 8049 | 8050 | 8051 | 8052 | 8053 | 8054 | 8055 | 8056 | 8057 | 8058 | 8059 | 8060 | 8061 | 8062 | 8063 | 8064 | 8065 | 8066 | 8067 | 8068 | 8069 | 8070 | 8071 | 8072 | 8073 | 8074 | 8075 | 8076 | 8077 | 8078 | 8079 | 8080,/cost-profit/cost-guide | /cost-profit/cost-beginner | /cost-profit/cost-problems | /cost-profit/cost-cost | /cost-profit/cost-compare | /cost-profit/cost-calendar | /cost-profit/cost-mistakes | /cost-profit/cost-faq | /cost-profit/cost-decision | /cost-profit/cost-answer | /cost-profit/profit-guide | /cost-profit/profit-beginner | /cost-profit/profit-problems | /cost-profit/profit-cost | /cost-profit/profit-compare | /cost-profit/profit-calendar | /cost-profit/profit-mistakes | /cost-profit/profit-faq | /cost-profit/profit-decision | /cost-profit/profit-answer | /cost-profit/scenario-guide | /cost-profit/scenario-beginner | /cost-profit/scenario-problems | /cost-profit/scenario-cost | /cost-profit/scenario-compare | /cost-profit/scenario-calendar | /cost-profit/scenario-mistakes | /cost-profit/scenario-faq | /cost-profit/scenario-decision | /cost-profit/scenario-answer | /cost-profit/checklist-guide | /cost-profit/checklist-beginner | /cost-profit/checklist-problems | /cost-profit/checklist-cost | /cost-profit/checklist-compare | /cost-profit/checklist-calendar | /cost-profit/checklist-mistakes | /cost-profit/checklist-faq | /cost-profit/checklist-decision | /cost-profit/checklist-answer,P1:40,pending,0,
ปลูกพริก,อุปกรณ์ปลูกพริก,ต้นทุน กำไร บัญชีฟาร์ม,ต้นทุนและจุดคุ้มทุน,ปลูกพริก,กำไรปลูกพริก | ต้นทุนปลูกพริก | ปลูกพริกคุ้มไหม | ลงทุนปลูกพริก,40,8081 | 8082 | 8083 | 8084 | 8085 | 8086 | 8087 | 8088 | 8089 | 8090 | 8091 | 8092 | 8093 | 8094 | 8095 | 8096 | 8097 | 8098 | 8099 | 8100 | 8101 | 8102 | 8103 | 8104 | 8105 | 8106 | 8107 | 8108 | 8109 | 8110 | 8111 | 8112 | 8113 | 8114 | 8115 | 8116 | 8117 | 8118 | 8119 | 8120,/cost-profit/cost-guide | /cost-profit/cost-beginner | /cost-profit/cost-problems | /cost-profit/cost-cost | /cost-profit/cost-compare | /cost-profit/cost-calendar | /cost-profit/cost-mistakes | /cost-profit/cost-faq | /cost-profit/cost-decision | /cost-profit/cost-answer | /cost-profit/profit-guide | /cost-profit/profit-beginner | /cost-profit/profit-problems | /cost-profit/profit-cost | /cost-profit/profit-compare | /cost-profit/profit-calendar | /cost-profit/profit-mistakes | /cost-profit/profit-faq | /cost-profit/profit-decision | /cost-profit/profit-answer | /cost-profit/scenario-guide | /cost-profit/scenario-beginner | /cost-profit/scenario-problems | /cost-profit/scenario-cost | /cost-profit/scenario-compare | /cost-profit/scenario-calendar | /cost-profit/scenario-mistakes | /cost-profit/scenario-faq | /cost-profit/scenario-decision | /cost-profit/scenario-answer | /cost-profit/checklist-guide | /cost-profit/checklist-beginner | /cost-profit/checklist-problems | /cost-profit/checklist-cost | /cost-profit/checklist-compare | /cost-profit/checklist-calendar | /cost-profit/checklist-mistakes | /cost-profit/checklist-faq | /cost-profit/checklist-decision | /cost-profit/checklist-answer,P1:40,pending,0,
ปลูกมะนาว,อุปกรณ์ปลูกมะนาว,ต้นทุน กำไร บัญชีฟาร์ม,ต้นทุนและจุดคุ้มทุน,ปลูกมะนาว,กำไรปลูกมะนาว | ต้นทุนปลูกมะนาว | ปลูกมะนาวคุ้มไหม | ลงทุนปลูกมะนาว,40,8121 | 8122 | 8123 | 8124 | 8125 | 8126 | 8127 | 8128 | 8129 | 8130 | 8131 | 8132 | 8133 | 8134 | 8135 | 8136 | 8137 | 8138 | 8139 | 8140 | 8141 | 8142 | 8143 | 8144 | 8145 | 8146 | 8147 | 8148 | 8149 | 8150 | 8151 | 8152 | 8153 | 8154 | 8155 | 8156 | 8157 | 8158 | 8159 | 8160,/cost-profit/cost-guide | /cost-profit/cost-beginner | /cost-profit/cost-problems | /cost-profit/cost-cost | /cost-profit/cost-compare | /cost-profit/cost-calendar | /cost-profit/cost-mistakes | /cost-profit/cost-faq | /cost-profit/cost-decision | /cost-profit/cost-answer | /cost-profit/profit-guide | /cost-profit/profit-beginner | /cost-profit/profit-problems | /cost-profit/profit-cost | /cost-profit/profit-compare | /cost-profit/profit-calendar | /cost-profit/profit-mistakes | /cost-profit/profit-faq | /cost-profit/profit-decision | /cost-profit/profit-answer | /cost-profit/scenario-guide | /cost-profit/scenario-beginner | /cost-profit/scenario-problems | /cost-profit/scenario-cost | /cost-profit/scenario-compare | /cost-profit/scenario-calendar | /cost-profit/scenario-mistakes | /cost-profit/scenario-faq | /cost-profit/scenario-decision | /cost-profit/scenario-answer | /cost-profit/checklist-guide | /cost-profit/checklist-beginner | /cost-profit/checklist-problems | /cost-profit/checklist-cost | /cost-profit/checklist-compare | /cost-profit/checklist-calendar | /cost-profit/checklist-mistakes | /cost-profit/checklist-faq | /cost-profit/checklist-decision | /cost-profit/checklist-answer,P1:40,pending,0,
ปลูกมะม่วง,อุปกรณ์ปลูกมะม่วง,ต้นทุน กำไร บัญชีฟาร์ม,ต้นทุนและจุดคุ้มทุน,ปลูกมะม่วง,กำไรปลูกมะม่วง | ต้นทุนปลูกมะม่วง | ปลูกมะม่วงคุ้มไหม | ลงทุนปลูกมะม่วง,40,8001 | 8002 | 8003 | 8004 | 8005 | 8006 | 8007 | 8008 | 8009 | 8010 | 8011 | 8012 | 8013 | 8014 | 8015 | 8016 | 8017 | 8018 | 8019 | 8020 | 8021 | 8022 | 8023 | 8024 | 8025 | 8026 | 8027 | 8028 | 8029 | 8030 | 8031 | 8032 | 8033 | 8034 | 8035 | 8036 | 8037 | 8038 | 8039 | 8040,/cost-profit/cost-guide | /cost-profit/cost-beginner | /cost-profit/cost-problems | /cost-profit/cost-cost | /cost-profit/cost-compare | /cost-profit/cost-calendar | /cost-profit/cost-mistakes | /cost-profit/cost-faq | /cost-profit/cost-decision | /cost-profit/cost-answer | /cost-profit/profit-guide | /cost-profit/profit-beginner | /cost-profit/profit-problems | /cost-profit/profit-cost | /cost-profit/profit-compare | /cost-profit/profit-calendar | /cost-profit/profit-mistakes | /cost-profit/profit-faq | /cost-profit/profit-decision | /cost-profit/profit-answer | /cost-profit/scenario-guide | /cost-profit/scenario-beginner | /cost-profit/scenario-problems | /cost-profit/scenario-cost | /cost-profit/scenario-compare | /cost-profit/scenario-calendar | /cost-profit/scenario-mistakes | /cost-profit/scenario-faq | /cost-profit/scenario-decision | /cost-profit/scenario-answer | /cost-profit/checklist-guide | /cost-profit/checklist-beginner | /cost-profit/checklist-problems | /cost-profit/checklist-cost | /cost-profit/checklist-compare | /cost-profit/checklist-calendar | /cost-profit/checklist-mistakes | /cost-profit/checklist-faq | /cost-profit/checklist-decision | /cost-profit/checklist-answer,P1:40,pending,0,
ปลูกมันสำปะหลัง,อุปกรณ์ปลูกมันสำปะหลัง,ต้นทุน กำไร บัญชีฟาร์ม,ต้นทุนและจุดคุ้มทุน,ปลูกมันสำปะหลัง,กำไรปลูกมันสำปะหลัง | ต้นทุนปลูกมันสำปะหลัง | ปลูกมันสำปะหลังคุ้มไหม | ลงทุนปลูกมันสำปะหลัง,40,7841 | 7842 | 7843 | 7844 | 7845 | 7846 | 7847 | 7848 | 7849 | 7850 | 7851 | 7852 | 7853 | 7854 | 7855 | 7856 | 7857 | 7858 | 7859 | 7860 | 7861 | 7862 | 7863 | 7864 | 7865 | 7866 | 7867 | 7868 | 7869 | 7870 | 7871 | 7872 | 7873 | 7874 | 7875 | 7876 | 7877 | 7878 | 7879 | 7880,/cost-profit/cost-guide | /cost-profit/cost-beginner | /cost-profit/cost-problems | /cost-profit/cost-cost | /cost-profit/cost-compare | /cost-profit/cost-calendar | /cost-profit/cost-mistakes | /cost-profit/cost-faq | /cost-profit/cost-decision | /cost-profit/cost-answer | /cost-profit/profit-guide | /cost-profit/profit-beginner | /cost-profit/profit-problems | /cost-profit/profit-cost | /cost-profit/profit-compare | /cost-profit/profit-calendar | /cost-profit/profit-mistakes | /cost-profit/profit-faq | /cost-profit/profit-decision | /cost-profit/profit-answer | /cost-profit/scenario-guide | /cost-profit/scenario-beginner | /cost-profit/scenario-problems | /cost-profit/scenario-cost | /cost-profit/scenario-compare | /cost-profit/scenario-calendar | /cost-profit/scenario-mistakes | /cost-profit/scenario-faq | /cost-profit/scenario-decision | /cost-profit/scenario-answer | /cost-profit/checklist-guide | /cost-profit/checklist-beginner | /cost-profit/checklist-problems | /cost-profit/checklist-cost | /cost-profit/checklist-compare | /cost-profit/checklist-calendar | /cost-profit/checklist-mistakes | /cost-profit/checklist-faq | /cost-profit/checklist-decision | /cost-profit/checklist-answer,P1:40,pending,0,
ปลูกอ้อย,อุปกรณ์ปลูกอ้อย,ต้นทุน กำไร บัญชีฟาร์ม,ต้นทุนและจุดคุ้มทุน,ปลูกอ้อย,กำไรปลูกอ้อย | ต้นทุนปลูกอ้อย | ปลูกอ้อยคุ้มไหม | ลงทุนปลูกอ้อย,40,7881 | 7882 | 7883 | 7884 | 7885 | 7886 | 7887 | 7888 | 7889 | 7890 | 7891 | 7892 | 7893 | 7894 | 7895 | 7896 | 7897 | 7898 | 7899 | 7900 | 7901 | 7902 | 7903 | 7904 | 7905 | 7906 | 7907 | 7908 | 7909 | 7910 | 7911 | 7912 | 7913 | 7914 | 7915 | 7916 | 7917 | 7918 | 7919 | 7920,/cost-profit/cost-guide | /cost-profit/cost-beginner | /cost-profit/cost-problems | /cost-profit/cost-cost | /cost-profit/cost-compare | /cost-profit/cost-calendar | /cost-profit/cost-mistakes | /cost-profit/cost-faq | /cost-profit/cost-decision | /cost-profit/cost-answer | /cost-profit/profit-guide | /cost-profit/profit-beginner | /cost-profit/profit-problems | /cost-profit/profit-cost | /cost-profit/profit-compare | /cost-profit/profit-calendar | /cost-profit/profit-mistakes | /cost-profit/profit-faq | /cost-profit/profit-decision | /cost-profit/profit-answer | /cost-profit/scenario-guide | /cost-profit/scenario-beginner | /cost-profit/scenario-problems | /cost-profit/scenario-cost | /cost-profit/scenario-compare | /cost-profit/scenario-calendar | /cost-profit/scenario-mistakes | /cost-profit/scenario-faq | /cost-profit/scenario-decision | /cost-profit/scenario-answer | /cost-profit/checklist-guide | /cost-profit/checklist-beginner | /cost-profit/checklist-problems | /cost-profit/checklist-cost | /cost-profit/checklist-compare | /cost-profit/checklist-calendar | /cost-profit/checklist-mistakes | /cost-profit/checklist-faq | /cost-profit/checklist-decision | /cost-profit/checklist-answer,P1:40,pending,0,
เพาะเห็ดนางฟ้า,อุปกรณ์เพาะเห็ดนางฟ้า,ต้นทุน กำไร บัญชีฟาร์ม,ต้นทุนและจุดคุ้มทุน,เพาะเห็ดนางฟ้า,กำไรเพาะเห็ดนางฟ้า | ต้นทุนเพาะเห็ดนางฟ้า | เพาะเห็ดนางฟ้าคุ้มไหม | ลงทุนเพาะเห็ดนางฟ้า,40,8161 | 8162 | 8163 | 8164 | 8165 | 8166 | 8167 | 8168 | 8169 | 8170 | 8171 | 8172 | 8173 | 8174 | 8175 | 8176 | 8177 | 8178 | 8179 | 8180 | 8181 | 8182 | 8183 | 8184 | 8185 | 8186 | 8187 | 8188 | 8189 | 8190 | 8191 | 8192 | 8193 | 8194 | 8195 | 8196 | 8197 | 8198 | 8199 | 8200,/cost-profit/cost-guide | /cost-profit/cost-beginner | /cost-profit/cost-problems | /cost-profit/cost-cost | /cost-profit/cost-compare | /cost-profit/cost-calendar | /cost-profit/cost-mistakes | /cost-profit/cost-faq | /cost-profit/cost-decision | /cost-profit/cost-answer | /cost-profit/profit-guide | /cost-profit/profit-beginner | /cost-profit/profit-problems | /cost-profit/profit-cost | /cost-profit/profit-compare | /cost-profit/profit-calendar | /cost-profit/profit-mistakes | /cost-profit/profit-faq | /cost-profit/profit-decision | /cost-profit/profit-answer | /cost-profit/scenario-guide | /cost-profit/scenario-beginner | /cost-profit/scenario-problems | /cost-profit/scenario-cost | /cost-profit/scenario-compare | /cost-profit/scenario-calendar | /cost-profit/scenario-mistakes | /cost-profit/scenario-faq | /cost-profit/scenario-decision | /cost-profit/scenario-answer | /cost-profit/checklist-guide | /cost-profit/checklist-beginner | /cost-profit/checklist-problems | /cost-profit/checklist-cost | /cost-profit/checklist-compare | /cost-profit/checklist-calendar | /cost-profit/checklist-mistakes | /cost-profit/checklist-faq | /cost-profit/checklist-decision | /cost-profit/checklist-answer,P1:40,pending,0,
เลี้ยงกบ,อุปกรณ์เลี้ยงกบ,ต้นทุน กำไร บัญชีฟาร์ม,ต้นทุนและจุดคุ้มทุน,เลี้ยงกบ,กำไรเลี้ยงกบ | ต้นทุนเลี้ยงกบ | ลงทุนเลี้ยงกบ | เลี้ยงกบคุ้มไหม,40,8481 | 8482 | 8483 | 8484 | 8485 | 8486 | 8487 | 8488 | 8489 | 8490 | 8491 | 8492 | 8493 | 8494 | 8495 | 8496 | 8497 | 8498 | 8499 | 8500 | 8501 | 8502 | 8503 | 8504 | 8505 | 8506 | 8507 | 8508 | 8509 | 8510 | 8511 | 8512 | 8513 | 8514 | 8515 | 8516 | 8517 | 8518 | 8519 | 8520,/cost-profit/cost-guide | /cost-profit/cost-beginner | /cost-profit/cost-problems | /cost-profit/cost-cost | /cost-profit/cost-compare | /cost-profit/cost-calendar | /cost-profit/cost-mistakes | /cost-profit/cost-faq | /cost-profit/cost-decision | /cost-profit/cost-answer | /cost-profit/profit-guide | /cost-profit/profit-beginner | /cost-profit/profit-problems | /cost-profit/profit-cost | /cost-profit/profit-compare | /cost-profit/profit-calendar | /cost-profit/profit-mistakes | /cost-profit/profit-faq | /cost-profit/profit-decision | /cost-profit/profit-answer | /cost-profit/scenario-guide | /cost-profit/scenario-beginner | /cost-profit/scenario-problems | /cost-profit/scenario-cost | /cost-profit/scenario-compare | /cost-profit/scenario-calendar | /cost-profit/scenario-mistakes | /cost-profit/scenario-faq | /cost-profit/scenario-decision | /cost-profit/scenario-answer | /cost-profit/checklist-guide | /cost-profit/checklist-beginner | /cost-profit/checklist-problems | /cost-profit/checklist-cost | /cost-profit/checklist-compare | /cost-profit/checklist-calendar | /cost-profit/checklist-mistakes | /cost-profit/checklist-faq | /cost-profit/checklist-decision | /cost-profit/checklist-answer,P1:40,pending,0,
เลี้ยงไก่ไข่,อุปกรณ์เลี้ยงไก่ไข่,ต้นทุน กำไร บัญชีฟาร์ม,ต้นทุนและจุดคุ้มทุน,เลี้ยงไก่ไข่,กำไรเลี้ยงไก่ไข่ | ต้นทุนเลี้ยงไก่ไข่ | ลงทุนเลี้ยงไก่ไข่ | เลี้ยงไก่ไข่คุ้มไหม,40,8201 | 8202 | 8203 | 8204 | 8205 | 8206 | 8207 | 8208 | 8209 | 8210 | 8211 | 8212 | 8213 | 8214 | 8215 | 8216 | 8217 | 8218 | 8219 | 8220 | 8221 | 8222 | 8223 | 8224 | 8225 | 8226 | 8227 | 8228 | 8229 | 8230 | 8231 | 8232 | 8233 | 8234 | 8235 | 8236 | 8237 | 8238 | 8239 | 8240,/cost-profit/cost-guide | /cost-profit/cost-beginner | /cost-profit/cost-problems | /cost-profit/cost-cost | /cost-profit/cost-compare | /cost-profit/cost-calendar | /cost-profit/cost-mistakes | /cost-profit/cost-faq | /cost-profit/cost-decision | /cost-profit/cost-answer | /cost-profit/profit-guide | /cost-profit/profit-beginner | /cost-profit/profit-problems | /cost-profit/profit-cost | /cost-profit/profit-compare | /cost-profit/profit-calendar | /cost-profit/profit-mistakes | /cost-profit/profit-faq | /cost-profit/profit-decision | /cost-profit/profit-answer | /cost-profit/scenario-guide | /cost-profit/scenario-beginner | /cost-profit/scenario-problems | /cost-profit/scenario-cost | /cost-profit/scenario-compare | /cost-profit/scenario-calendar | /cost-profit/scenario-mistakes | /cost-profit/scenario-faq | /cost-profit/scenario-decision | /cost-profit/scenario-answer | /cost-profit/checklist-guide | /cost-profit/checklist-beginner | /cost-profit/checklist-problems | /cost-profit/checklist-cost | /cost-profit/checklist-compare | /cost-profit/checklist-calendar | /cost-profit/checklist-mistakes | /cost-profit/checklist-faq | /cost-profit/checklist-decision | /cost-profit/checklist-answer,P1:40,pending,0,
เลี้ยงไก่บ้าน,อุปกรณ์เลี้ยงไก่บ้าน,ต้นทุน กำไร บัญชีฟาร์ม,ต้นทุนและจุดคุ้มทุน,เลี้ยงไก่บ้าน,กำไรเลี้ยงไก่บ้าน | ต้นทุนเลี้ยงไก่บ้าน | ลงทุนเลี้ยงไก่บ้าน | เลี้ยงไก่บ้านคุ้มไหม,40,8241 | 8242 | 8243 | 8244 | 8245 | 8246 | 8247 | 8248 | 8249 | 8250 | 8251 | 8252 | 8253 | 8254 | 8255 | 8256 | 8257 | 8258 | 8259 | 8260 | 8261 | 8262 | 8263 | 8264 | 8265 | 8266 | 8267 | 8268 | 8269 | 8270 | 8271 | 8272 | 8273 | 8274 | 8275 | 8276 | 8277 | 8278 | 8279 | 8280,/cost-profit/cost-guide | /cost-profit/cost-beginner | /cost-profit/cost-problems | /cost-profit/cost-cost | /cost-profit/cost-compare | /cost-profit/cost-calendar | /cost-profit/cost-mistakes | /cost-profit/cost-faq | /cost-profit/cost-decision | /cost-profit/cost-answer | /cost-profit/profit-guide | /cost-profit/profit-beginner | /cost-profit/profit-problems | /cost-profit/profit-cost | /cost-profit/profit-compare | /cost-profit/profit-calendar | /cost-profit/profit-mistakes | /cost-profit/profit-faq | /cost-profit/profit-decision | /cost-profit/profit-answer | /cost-profit/scenario-guide | /cost-profit/scenario-beginner | /cost-profit/scenario-problems | /cost-profit/scenario-cost | /cost-profit/scenario-compare | /cost-profit/scenario-calendar | /cost-profit/scenario-mistakes | /cost-profit/scenario-faq | /cost-profit/scenario-decision | /cost-profit/scenario-answer | /cost-profit/checklist-guide | /cost-profit/checklist-beginner | /cost-profit/checklist-problems | /cost-profit/checklist-cost | /cost-profit/checklist-compare | /cost-profit/checklist-calendar | /cost-profit/checklist-mistakes | /cost-profit/checklist-faq | /cost-profit/checklist-decision | /cost-profit/checklist-answer,P1:40,pending,0,
เลี้ยงปลาดุก,อุปกรณ์เลี้ยงปลาดุก,ต้นทุน กำไร บัญชีฟาร์ม,ต้นทุนและจุดคุ้มทุน,เลี้ยงปลาดุก,กำไรเลี้ยงปลาดุก | ต้นทุนเลี้ยงปลาดุก | ลงทุนเลี้ยงปลาดุก | เลี้ยงปลาดุกคุ้มไหม,40,8401 | 8402 | 8403 | 8404 | 8405 | 8406 | 8407 | 8408 | 8409 | 8410 | 8411 | 8412 | 8413 | 8414 | 8415 | 8416 | 8417 | 8418 | 8419 | 8420 | 8421 | 8422 | 8423 | 8424 | 8425 | 8426 | 8427 | 8428 | 8429 | 8430 | 8431 | 8432 | 8433 | 8434 | 8435 | 8436 | 8437 | 8438 | 8439 | 8440,/cost-profit/cost-guide | /cost-profit/cost-beginner | /cost-profit/cost-problems | /cost-profit/cost-cost | /cost-profit/cost-compare | /cost-profit/cost-calendar | /cost-profit/cost-mistakes | /cost-profit/cost-faq | /cost-profit/cost-decision | /cost-profit/cost-answer | /cost-profit/profit-guide | /cost-profit/profit-beginner | /cost-profit/profit-problems | /cost-profit/profit-cost | /cost-profit/profit-compare | /cost-profit/profit-calendar | /cost-profit/profit-mistakes | /cost-profit/profit-faq | /cost-profit/profit-decision | /cost-profit/profit-answer | /cost-profit/scenario-guide | /cost-profit/scenario-beginner | /cost-profit/scenario-problems | /cost-profit/scenario-cost | /cost-profit/scenario-compare | /cost-profit/scenario-calendar | /cost-profit/scenario-mistakes | /cost-profit/scenario-faq | /cost-profit/scenario-decision | /cost-profit/scenario-answer | /cost-profit/checklist-guide | /cost-profit/checklist-beginner | /cost-profit/checklist-problems | /cost-profit/checklist-cost | /cost-profit/checklist-compare | /cost-profit/checklist-calendar | /cost-profit/checklist-mistakes | /cost-profit/checklist-faq | /cost-profit/checklist-decision | /cost-profit/checklist-answer,P1:40,pending,0,
เลี้ยงปลานิล,อุปกรณ์เลี้ยงปลานิล,ต้นทุน กำไร บัญชีฟาร์ม,ต้นทุนและจุดคุ้มทุน,เลี้ยงปลานิล,กำไรเลี้ยงปลานิล | ต้นทุนเลี้ยงปลานิล | ลงทุนเลี้ยงปลานิล | เลี้ยงปลานิลคุ้มไหม,40,8441 | 8442 | 8443 | 8444 | 8445 | 8446 | 8447 | 8448 | 8449 | 8450 | 8451 | 8452 | 8453 | 8454 | 8455 | 8456 | 8457 | 8458 | 8459 | 8460 | 8461 | 8462 | 8463 | 8464 | 8465 | 8466 | 8467 | 8468 | 8469 | 8470 | 8471 | 8472 | 8473 | 8474 | 8475 | 8476 | 8477 | 8478 | 8479 | 8480,/cost-profit/cost-guide | /cost-profit/cost-beginner | /cost-profit/cost-problems | /cost-profit/cost-cost | /cost-profit/cost-compare | /cost-profit/cost-calendar | /cost-profit/cost-mistakes | /cost-profit/cost-faq | /cost-profit/cost-decision | /cost-profit/cost-answer | /cost-profit/profit-guide | /cost-profit/profit-beginner | /cost-profit/profit-problems | /cost-profit/profit-cost | /cost-profit/profit-compare | /cost-profit/profit-calendar | /cost-profit/profit-mistakes | /cost-profit/profit-faq | /cost-profit/profit-decision | /cost-profit/profit-answer | /cost-profit/scenario-guide | /cost-profit/scenario-beginner | /cost-profit/scenario-problems | /cost-profit/scenario-cost | /cost-profit/scenario-compare | /cost-profit/scenario-calendar | /cost-profit/scenario-mistakes | /cost-profit/scenario-faq | /cost-profit/scenario-decision | /cost-profit/scenario-answer | /cost-profit/checklist-guide | /cost-profit/checklist-beginner | /cost-profit/checklist-problems | /cost-profit/checklist-cost | /cost-profit/checklist-compare | /cost-profit/checklist-calendar | /cost-profit/checklist-mistakes | /cost-profit/checklist-faq | /cost-profit/checklist-decision | /cost-profit/checklist-answer,P1:40,pending,0,
เลี้ยงแพะ,อุปกรณ์เลี้ยงแพะ,ต้นทุน กำไร บัญชีฟาร์ม,ต้นทุนและจุดคุ้มทุน,เลี้ยงแพะ,กำไรเลี้ยงแพะ | ต้นทุนเลี้ยงแพะ | ลงทุนเลี้ยงแพะ | เลี้ยงแพะคุ้มไหม,40,8361 | 8362 | 8363 | 8364 | 8365 | 8366 | 8367 | 8368 | 8369 | 8370 | 8371 | 8372 | 8373 | 8374 | 8375 | 8376 | 8377 | 8378 | 8379 | 8380 | 8381 | 8382 | 8383 | 8384 | 8385 | 8386 | 8387 | 8388 | 8389 | 8390 | 8391 | 8392 | 8393 | 8394 | 8395 | 8396 | 8397 | 8398 | 8399 | 8400,/cost-profit/cost-guide | /cost-profit/cost-beginner | /cost-profit/cost-problems | /cost-profit/cost-cost | /cost-profit/cost-compare | /cost-profit/cost-calendar | /cost-profit/cost-mistakes | /cost-profit/cost-faq | /cost-profit/cost-decision | /cost-profit/cost-answer | /cost-profit/profit-guide | /cost-profit/profit-beginner | /cost-profit/profit-problems | /cost-profit/profit-cost | /cost-profit/profit-compare | /cost-profit/profit-calendar | /cost-profit/profit-mistakes | /cost-profit/profit-faq | /cost-profit/profit-decision | /cost-profit/profit-answer | /cost-profit/scenario-guide | /cost-profit/scenario-beginner | /cost-profit/scenario-problems | /cost-profit/scenario-cost | /cost-profit/scenario-compare | /cost-profit/scenario-calendar | /cost-profit/scenario-mistakes | /cost-profit/scenario-faq | /cost-profit/scenario-decision | /cost-profit/scenario-answer | /cost-profit/checklist-guide | /cost-profit/checklist-beginner | /cost-profit/checklist-problems | /cost-profit/checklist-cost | /cost-profit/checklist-compare | /cost-profit/checklist-calendar | /cost-profit/checklist-mistakes | /cost-profit/checklist-faq | /cost-profit/checklist-decision | /cost-profit/checklist-answer,P1:40,pending,0,
เลี้ยงวัวเนื้อ,อุปกรณ์เลี้ยงวัวเนื้อ,ต้นทุน กำไร บัญชีฟาร์ม,ต้นทุนและจุดคุ้มทุน,เลี้ยงวัวเนื้อ,กำไรเลี้ยงวัวเนื้อ | ต้นทุนเลี้ยงวัวเนื้อ | ลงทุนเลี้ยงวัวเนื้อ | เลี้ยงวัวเนื้อคุ้มไหม,40,8321 | 8322 | 8323 | 8324 | 8325 | 8326 | 8327 | 8328 | 8329 | 8330 | 8331 | 8332 | 8333 | 8334 | 8335 | 8336 | 8337 | 8338 | 8339 | 8340 | 8341 | 8342 | 8343 | 8344 | 8345 | 8346 | 8347 | 8348 | 8349 | 8350 | 8351 | 8352 | 8353 | 8354 | 8355 | 8356 | 8357 | 8358 | 8359 | 8360,/cost-profit/cost-guide | /cost-profit/cost-beginner | /cost-profit/cost-problems | /cost-profit/cost-cost | /cost-profit/cost-compare | /cost-profit/cost-calendar | /cost-profit/cost-mistakes | /cost-profit/cost-faq | /cost-profit/cost-decision | /cost-profit/cost-answer | /cost-profit/profit-guide | /cost-profit/profit-beginner | /cost-profit/profit-problems | /cost-profit/profit-cost | /cost-profit/profit-compare | /cost-profit/profit-calendar | /cost-profit/profit-mistakes | /cost-profit/profit-faq | /cost-profit/profit-decision | /cost-profit/profit-answer | /cost-profit/scenario-guide | /cost-profit/scenario-beginner | /cost-profit/scenario-problems | /cost-profit/scenario-cost | /cost-profit/scenario-compare | /cost-profit/scenario-calendar | /cost-profit/scenario-mistakes | /cost-profit/scenario-faq | /cost-profit/scenario-decision | /cost-profit/scenario-answer | /cost-profit/checklist-guide | /cost-profit/checklist-beginner | /cost-profit/checklist-problems | /cost-profit/checklist-cost | /cost-profit/checklist-compare | /cost-profit/checklist-calendar | /cost-profit/checklist-mistakes | /cost-profit/checklist-faq | /cost-profit/checklist-decision | /cost-profit/checklist-answer,P1:40,pending,0,
เลี้ยงหมูขุน,อุปกรณ์เลี้ยงหมูขุน,ต้นทุน กำไร บัญชีฟาร์ม,ต้นทุนและจุดคุ้มทุน,เลี้ยงหมูขุน,กำไรเลี้ยงหมูขุน | ต้นทุนเลี้ยงหมูขุน | ลงทุนเลี้ยงหมูขุน | เลี้ยงหมูขุนคุ้มไหม,40,8281 | 8282 | 8283 | 8284 | 8285 | 8286 | 8287 | 8288 | 8289 | 8290 | 8291 | 8292 | 8293 | 8294 | 8295 | 8296 | 8297 | 8298 | 8299 | 8300 | 8301 | 8302 | 8303 | 8304 | 8305 | 8306 | 8307 | 8308 | 8309 | 8310 | 8311 | 8312 | 8313 | 8314 | 8315 | 8316 | 8317 | 8318 | 8319 | 8320,/cost-profit/cost-guide | /cost-profit/cost-beginner | /cost-profit/cost-problems | /cost-profit/cost-cost | /cost-profit/cost-compare | /cost-profit/cost-calendar | /cost-profit/cost-mistakes | /cost-profit/cost-faq | /cost-profit/cost-decision | /cost-profit/cost-answer | /cost-profit/profit-guide | /cost-profit/profit-beginner | /cost-profit/profit-problems | /cost-profit/profit-cost | /cost-profit/profit-compare | /cost-profit/profit-calendar | /cost-profit/profit-mistakes | /cost-profit/profit-faq | /cost-profit/profit-decision | /cost-profit/profit-answer | /cost-profit/scenario-guide | /cost-profit/scenario-beginner | /cost-profit/scenario-problems | /cost-profit/scenario-cost | /cost-profit/scenario-compare | /cost-profit/scenario-calendar | /cost-profit/scenario-mistakes | /cost-profit/scenario-faq | /cost-profit/scenario-decision | /cost-profit/scenario-answer | /cost-profit/checklist-guide | /cost-profit/checklist-beginner | /cost-profit/checklist-problems | /cost-profit/checklist-cost | /cost-profit/checklist-compare | /cost-profit/checklist-calendar | /cost-profit/checklist-mistakes | /cost-profit/checklist-faq | /cost-profit/checklist-decision | /cost-profit/checklist-answer,P1:40,pending,0,
ขายไข่ไก่,แผงไข่ กล่องไข่,ตลาด แปรรูป และการขาย,ตลาดชุมชน,ขายไข่ไก่,ขายไข่ไก่,50,8611 | 8612 | 8613 | 8614 | 8615 | 8616 | 8617 | 8618 | 8619 | 8620 | 8771 | 8772 | 8773 | 8774 | 8775 | 8776 | 8777 | 8778 | 8779 | 8780 | 8931 | 8932 | 8933 | 8934 | 8935 | 8936 | 8937 | 8938 | 8939 | 8940 | 9091 | 9092 | 9093 | 9094 | 9095 | 9096 | 9097 | 9098 | 9099 | 9100 | 9251 | 9252 | 9253 | 9254 | 9255 | 9256 | 9257 | 9258 | 9259 | 9260,/market-processing/sell-eggs-community-861-guide | /market-processing/sell-eggs-community-861-beginner | /market-processing/sell-eggs-community-861-problems | /market-processing/sell-eggs-community-861-cost | /market-processing/sell-eggs-community-861-compare | /market-processing/sell-eggs-community-861-calendar | /market-processing/sell-eggs-community-861-mistakes | /market-processing/sell-eggs-community-861-faq | /market-processing/sell-eggs-community-861-decision | /market-processing/sell-eggs-community-861-answer | /market-processing/sell-eggs-community-877-guide | /market-processing/sell-eggs-community-877-beginner | /market-processing/sell-eggs-community-877-problems | /market-processing/sell-eggs-community-877-cost | /market-processing/sell-eggs-community-877-compare | /market-processing/sell-eggs-community-877-calendar | /market-processing/sell-eggs-community-877-mistakes | /market-processing/sell-eggs-community-877-faq | /market-processing/sell-eggs-community-877-decision | /market-processing/sell-eggs-community-877-answer | /market-processing/sell-eggs-community-893-guide | /market-processing/sell-eggs-community-893-beginner | /market-processing/sell-eggs-community-893-problems | /market-processing/sell-eggs-community-893-cost | /market-processing/sell-eggs-community-893-compare | /market-processing/sell-eggs-community-893-calendar | /market-processing/sell-eggs-community-893-mistakes | /market-processing/sell-eggs-community-893-faq | /market-processing/sell-eggs-community-893-decision | /market-processing/sell-eggs-community-893-answer | /market-processing/sell-eggs-community-909-guide | /market-processing/sell-eggs-community-909-beginner | /market-processing/sell-eggs-community-909-problems | /market-processing/sell-eggs-community-909-cost | /market-processing/sell-eggs-community-909-compare | /market-processing/sell-eggs-community-909-calendar | /market-processing/sell-eggs-community-909-mistakes | /market-processing/sell-eggs-community-909-faq | /market-processing/sell-eggs-community-909-decision | /market-processing/sell-eggs-community-909-answer | /market-processing/sell-eggs-community-925-guide | /market-processing/sell-eggs-community-925-beginner | /market-processing/sell-eggs-community-925-problems | /market-processing/sell-eggs-community-925-cost | /market-processing/sell-eggs-community-925-compare | /market-processing/sell-eggs-community-925-calendar | /market-processing/sell-eggs-community-925-mistakes | /market-processing/sell-eggs-community-925-faq | /market-processing/sell-eggs-community-925-decision | /market-processing/sell-eggs-community-925-answer,P2:50,pending,0,
ขายผลไม้หน้าสวน,ตะกร้าผลไม้ เครื่องชั่ง,ตลาด แปรรูป และการขาย,ตลาดผลไม้,ขายผลไม้หน้าสวน,ขายผลไม้หน้าสวน,50,8621 | 8622 | 8623 | 8624 | 8625 | 8626 | 8627 | 8628 | 8629 | 8630 | 8781 | 8782 | 8783 | 8784 | 8785 | 8786 | 8787 | 8788 | 8789 | 8790 | 8941 | 8942 | 8943 | 8944 | 8945 | 8946 | 8947 | 8948 | 8949 | 8950 | 9101 | 9102 | 9103 | 9104 | 9105 | 9106 | 9107 | 9108 | 9109 | 9110 | 9261 | 9262 | 9263 | 9264 | 9265 | 9266 | 9267 | 9268 | 9269 | 9270,/market-processing/sell-fruit-farmgate-862-guide | /market-processing/sell-fruit-farmgate-862-beginner | /market-processing/sell-fruit-farmgate-862-problems | /market-processing/sell-fruit-farmgate-862-cost | /market-processing/sell-fruit-farmgate-862-compare | /market-processing/sell-fruit-farmgate-862-calendar | /market-processing/sell-fruit-farmgate-862-mistakes | /market-processing/sell-fruit-farmgate-862-faq | /market-processing/sell-fruit-farmgate-862-decision | /market-processing/sell-fruit-farmgate-862-answer | /market-processing/sell-fruit-farmgate-878-guide | /market-processing/sell-fruit-farmgate-878-beginner | /market-processing/sell-fruit-farmgate-878-problems | /market-processing/sell-fruit-farmgate-878-cost | /market-processing/sell-fruit-farmgate-878-compare | /market-processing/sell-fruit-farmgate-878-calendar | /market-processing/sell-fruit-farmgate-878-mistakes | /market-processing/sell-fruit-farmgate-878-faq | /market-processing/sell-fruit-farmgate-878-decision | /market-processing/sell-fruit-farmgate-878-answer | /market-processing/sell-fruit-farmgate-894-guide | /market-processing/sell-fruit-farmgate-894-beginner | /market-processing/sell-fruit-farmgate-894-problems | /market-processing/sell-fruit-farmgate-894-cost | /market-processing/sell-fruit-farmgate-894-compare | /market-processing/sell-fruit-farmgate-894-calendar | /market-processing/sell-fruit-farmgate-894-mistakes | /market-processing/sell-fruit-farmgate-894-faq | /market-processing/sell-fruit-farmgate-894-decision | /market-processing/sell-fruit-farmgate-894-answer | /market-processing/sell-fruit-farmgate-910-guide | /market-processing/sell-fruit-farmgate-910-beginner | /market-processing/sell-fruit-farmgate-910-problems | /market-processing/sell-fruit-farmgate-910-cost | /market-processing/sell-fruit-farmgate-910-compare | /market-processing/sell-fruit-farmgate-910-calendar | /market-processing/sell-fruit-farmgate-910-mistakes | /market-processing/sell-fruit-farmgate-910-faq | /market-processing/sell-fruit-farmgate-910-decision | /market-processing/sell-fruit-farmgate-910-answer | /market-processing/sell-fruit-farmgate-926-guide | /market-processing/sell-fruit-farmgate-926-beginner | /market-processing/sell-fruit-farmgate-926-problems | /market-processing/sell-fruit-farmgate-926-cost | /market-processing/sell-fruit-farmgate-926-compare | /market-processing/sell-fruit-farmgate-926-calendar | /market-processing/sell-fruit-farmgate-926-mistakes | /market-processing/sell-fruit-farmgate-926-faq | /market-processing/sell-fruit-farmgate-926-decision | /market-processing/sell-fruit-farmgate-926-answer,P2:50,pending,0,
ขายผักออนไลน์,,ตลาด แปรรูป และการขาย,ขายออนไลน์,ขายผักออนไลน์,ขายผักออนไลน์,50,8601 | 8602 | 8603 | 8604 | 8605 | 8606 | 8607 | 8608 | 8609 | 8610 | 8761 | 8762 | 8763 | 8764 | 8765 | 8766 | 8767 | 8768 | 8769 | 8770 | 8921 | 8922 | 8923 | 8924 | 8925 | 8926 | 8927 | 8928 | 8929 | 8930 | 9081 | 9082 | 9083 | 9084 | 9085 | 9086 | 9087 | 9088 | 9089 | 9090 | 9241 | 9242 | 9243 | 9244 | 9245 | 9246 | 9247 | 9248 | 9249 | 9250,/market-processing/sell-vegetables-online-860-guide | /market-processing/sell-vegetables-online-860-beginner | /market-processing/sell-vegetables-online-860-problems | /market-processing/sell-vegetables-online-860-cost | /market-processing/sell-vegetables-online-860-compare | /market-processing/sell-vegetables-online-860-calendar | /market-processing/sell-vegetables-online-860-mistakes | /market-processing/sell-vegetables-online-860-faq | /market-processing/sell-vegetables-online-860-decision | /market-processing/sell-vegetables-online-860-answer | /market-processing/sell-vegetables-online-876-guide | /market-processing/sell-vegetables-online-876-beginner | /market-processing/sell-vegetables-online-876-problems | /market-processing/sell-vegetables-online-876-cost | /market-processing/sell-vegetables-online-876-compare | /market-processing/sell-vegetables-online-876-calendar | /market-processing/sell-vegetables-online-876-mistakes | /market-processing/sell-vegetables-online-876-faq | /market-processing/sell-vegetables-online-876-decision | /market-processing/sell-vegetables-online-876-answer | /market-processing/sell-vegetables-online-892-guide | /market-processing/sell-vegetables-online-892-beginner | /market-processing/sell-vegetables-online-892-problems | /market-processing/sell-vegetables-online-892-cost | /market-processing/sell-vegetables-online-892-compare | /market-processing/sell-vegetables-online-892-calendar | /market-processing/sell-vegetables-online-892-mistakes | /market-processing/sell-vegetables-online-892-faq | /market-processing/sell-vegetables-online-892-decision | /market-processing/sell-vegetables-online-892-answer | /market-processing/sell-vegetables-online-908-guide | /market-processing/sell-vegetables-online-908-beginner | /market-processing/sell-vegetables-online-908-problems | /market-processing/sell-vegetables-online-908-cost | /market-processing/sell-vegetables-online-908-compare | /market-processing/sell-vegetables-online-908-calendar | /market-processing/sell-vegetables-online-908-mistakes | /market-processing/sell-vegetables-online-908-faq | /market-processing/sell-vegetables-online-908-decision | /market-processing/sell-vegetables-online-908-answer | /market-processing/sell-vegetables-online-924-guide | /market-processing/sell-vegetables-online-924-beginner | /market-processing/sell-vegetables-online-924-problems | /market-processing/sell-vegetables-online-924-cost | /market-processing/sell-vegetables-online-924-compare | /market-processing/sell-vegetables-online-924-calendar | /market-processing/sell-vegetables-online-924-mistakes | /market-processing/sell-vegetables-online-924-faq | /market-processing/sell-vegetables-online-924-decision | /market-processing/sell-vegetables-online-924-answer,P2:50,processed_existing_catalog,1,บรรจุภัณฑ์เกษตร
ขายสินค้าเกษตรผ่าน Facebook,เครื่องพิมพ์ใบปะหน้า,ตลาด แปรรูป และการขาย,ขายออนไลน์,ขายสินค้าเกษตรผ่าน Facebook,ขายสินค้าเกษตรผ่าน Facebook,50,8691 | 8692 | 8693 | 8694 | 8695 | 8696 | 8697 | 8698 | 8699 | 8700 | 8851 | 8852 | 8853 | 8854 | 8855 | 8856 | 8857 | 8858 | 8859 | 8860 | 9011 | 9012 | 9013 | 9014 | 9015 | 9016 | 9017 | 9018 | 9019 | 9020 | 9171 | 9172 | 9173 | 9174 | 9175 | 9176 | 9177 | 9178 | 9179 | 9180 | 9331 | 9332 | 9333 | 9334 | 9335 | 9336 | 9337 | 9338 | 9339 | 9340,/market-processing/facebook-line-farm-sales-869-guide | /market-processing/facebook-line-farm-sales-869-beginner | /market-processing/facebook-line-farm-sales-869-problems | /market-processing/facebook-line-farm-sales-869-cost | /market-processing/facebook-line-farm-sales-869-compare | /market-processing/facebook-line-farm-sales-869-calendar | /market-processing/facebook-line-farm-sales-869-mistakes | /market-processing/facebook-line-farm-sales-869-faq | /market-processing/facebook-line-farm-sales-869-decision | /market-processing/facebook-line-farm-sales-869-answer | /market-processing/facebook-line-farm-sales-885-guide | /market-processing/facebook-line-farm-sales-885-beginner | /market-processing/facebook-line-farm-sales-885-problems | /market-processing/facebook-line-farm-sales-885-cost | /market-processing/facebook-line-farm-sales-885-compare | /market-processing/facebook-line-farm-sales-885-calendar | /market-processing/facebook-line-farm-sales-885-mistakes | /market-processing/facebook-line-farm-sales-885-faq | /market-processing/facebook-line-farm-sales-885-decision | /market-processing/facebook-line-farm-sales-885-answer | /market-processing/facebook-line-farm-sales-901-guide | /market-processing/facebook-line-farm-sales-901-beginner | /market-processing/facebook-line-farm-sales-901-problems | /market-processing/facebook-line-farm-sales-901-cost | /market-processing/facebook-line-farm-sales-901-compare | /market-processing/facebook-line-farm-sales-901-calendar | /market-processing/facebook-line-farm-sales-901-mistakes | /market-processing/facebook-line-farm-sales-901-faq | /market-processing/facebook-line-farm-sales-901-decision | /market-processing/facebook-line-farm-sales-901-answer | /market-processing/facebook-line-farm-sales-917-guide | /market-processing/facebook-line-farm-sales-917-beginner | /market-processing/facebook-line-farm-sales-917-problems | /market-processing/facebook-line-farm-sales-917-cost | /market-processing/facebook-line-farm-sales-917-compare | /market-processing/facebook-line-farm-sales-917-calendar | /market-processing/facebook-line-farm-sales-917-mistakes | /market-processing/facebook-line-farm-sales-917-faq | /market-processing/facebook-line-farm-sales-917-decision | /market-processing/facebook-line-farm-sales-917-answer | /market-processing/facebook-line-farm-sales-933-guide | /market-processing/facebook-line-farm-sales-933-beginner | /market-processing/facebook-line-farm-sales-933-problems | /market-processing/facebook-line-farm-sales-933-cost | /market-processing/facebook-line-farm-sales-933-compare | /market-processing/facebook-line-farm-sales-933-calendar | /market-processing/facebook-line-farm-sales-933-mistakes | /market-processing/facebook-line-farm-sales-933-faq | /market-processing/facebook-line-farm-sales-933-decision | /market-processing/facebook-line-farm-sales-933-answer,P2:50,pending,0,
ขายสินค้าเกษตรให้ร้านอาหาร,ลังใส่ผัก ถุงแพ็คผัก,ตลาด แปรรูป และการขาย,B2B เกษตร,ขายสินค้าเกษตรให้ร้านอาหาร,ขายสินค้าเกษตรให้ร้านอาหาร,50,8681 | 8682 | 8683 | 8684 | 8685 | 8686 | 8687 | 8688 | 8689 | 8690 | 8841 | 8842 | 8843 | 8844 | 8845 | 8846 | 8847 | 8848 | 8849 | 8850 | 9001 | 9002 | 9003 | 9004 | 9005 | 9006 | 9007 | 9008 | 9009 | 9010 | 9161 | 9162 | 9163 | 9164 | 9165 | 9166 | 9167 | 9168 | 9169 | 9170 | 9321 | 9322 | 9323 | 9324 | 9325 | 9326 | 9327 | 9328 | 9329 | 9330,/market-processing/sell-to-restaurants-868-guide | /market-processing/sell-to-restaurants-868-beginner | /market-processing/sell-to-restaurants-868-problems | /market-processing/sell-to-restaurants-868-cost | /market-processing/sell-to-restaurants-868-compare | /market-processing/sell-to-restaurants-868-calendar | /market-processing/sell-to-restaurants-868-mistakes | /market-processing/sell-to-restaurants-868-faq | /market-processing/sell-to-restaurants-868-decision | /market-processing/sell-to-restaurants-868-answer | /market-processing/sell-to-restaurants-884-guide | /market-processing/sell-to-restaurants-884-beginner | /market-processing/sell-to-restaurants-884-problems | /market-processing/sell-to-restaurants-884-cost | /market-processing/sell-to-restaurants-884-compare | /market-processing/sell-to-restaurants-884-calendar | /market-processing/sell-to-restaurants-884-mistakes | /market-processing/sell-to-restaurants-884-faq | /market-processing/sell-to-restaurants-884-decision | /market-processing/sell-to-restaurants-884-answer | /market-processing/sell-to-restaurants-900-guide | /market-processing/sell-to-restaurants-900-beginner | /market-processing/sell-to-restaurants-900-problems | /market-processing/sell-to-restaurants-900-cost | /market-processing/sell-to-restaurants-900-compare | /market-processing/sell-to-restaurants-900-calendar | /market-processing/sell-to-restaurants-900-mistakes | /market-processing/sell-to-restaurants-900-faq | /market-processing/sell-to-restaurants-900-decision | /market-processing/sell-to-restaurants-900-answer | /market-processing/sell-to-restaurants-916-guide | /market-processing/sell-to-restaurants-916-beginner | /market-processing/sell-to-restaurants-916-problems | /market-processing/sell-to-restaurants-916-cost | /market-processing/sell-to-restaurants-916-compare | /market-processing/sell-to-restaurants-916-calendar | /market-processing/sell-to-restaurants-916-mistakes | /market-processing/sell-to-restaurants-916-faq | /market-processing/sell-to-restaurants-916-decision | /market-processing/sell-to-restaurants-916-answer | /market-processing/sell-to-restaurants-932-guide | /market-processing/sell-to-restaurants-932-beginner | /market-processing/sell-to-restaurants-932-problems | /market-processing/sell-to-restaurants-932-cost | /market-processing/sell-to-restaurants-932-compare | /market-processing/sell-to-restaurants-932-calendar | /market-processing/sell-to-restaurants-932-mistakes | /market-processing/sell-to-restaurants-932-faq | /market-processing/sell-to-restaurants-932-decision | /market-processing/sell-to-restaurants-932-answer,P2:50,pending,0,
ตั้งราคาสินค้าเกษตร,เครื่องชั่งดิจิตอล คิดราคา,ตลาด แปรรูป และการขาย,ราคาและกำไร,ตั้งราคาสินค้าเกษตร,ตั้งราคาสินค้าเกษตร,50,8671 | 8672 | 8673 | 8674 | 8675 | 8676 | 8677 | 8678 | 8679 | 8680 | 8831 | 8832 | 8833 | 8834 | 8835 | 8836 | 8837 | 8838 | 8839 | 8840 | 8991 | 8992 | 8993 | 8994 | 8995 | 8996 | 8997 | 8998 | 8999 | 9000 | 9151 | 9152 | 9153 | 9154 | 9155 | 9156 | 9157 | 9158 | 9159 | 9160 | 9311 | 9312 | 9313 | 9314 | 9315 | 9316 | 9317 | 9318 | 9319 | 9320,/market-processing/agri-pricing-867-guide | /market-processing/agri-pricing-867-beginner | /market-processing/agri-pricing-867-problems | /market-processing/agri-pricing-867-cost | /market-processing/agri-pricing-867-compare | /market-processing/agri-pricing-867-calendar | /market-processing/agri-pricing-867-mistakes | /market-processing/agri-pricing-867-faq | /market-processing/agri-pricing-867-decision | /market-processing/agri-pricing-867-answer | /market-processing/agri-pricing-883-guide | /market-processing/agri-pricing-883-beginner | /market-processing/agri-pricing-883-problems | /market-processing/agri-pricing-883-cost | /market-processing/agri-pricing-883-compare | /market-processing/agri-pricing-883-calendar | /market-processing/agri-pricing-883-mistakes | /market-processing/agri-pricing-883-faq | /market-processing/agri-pricing-883-decision | /market-processing/agri-pricing-883-answer | /market-processing/agri-pricing-899-guide | /market-processing/agri-pricing-899-beginner | /market-processing/agri-pricing-899-problems | /market-processing/agri-pricing-899-cost | /market-processing/agri-pricing-899-compare | /market-processing/agri-pricing-899-calendar | /market-processing/agri-pricing-899-mistakes | /market-processing/agri-pricing-899-faq | /market-processing/agri-pricing-899-decision | /market-processing/agri-pricing-899-answer | /market-processing/agri-pricing-915-guide | /market-processing/agri-pricing-915-beginner | /market-processing/agri-pricing-915-problems | /market-processing/agri-pricing-915-cost | /market-processing/agri-pricing-915-compare | /market-processing/agri-pricing-915-calendar | /market-processing/agri-pricing-915-mistakes | /market-processing/agri-pricing-915-faq | /market-processing/agri-pricing-915-decision | /market-processing/agri-pricing-915-answer | /market-processing/agri-pricing-931-guide | /market-processing/agri-pricing-931-beginner | /market-processing/agri-pricing-931-problems | /market-processing/agri-pricing-931-cost | /market-processing/agri-pricing-931-compare | /market-processing/agri-pricing-931-calendar | /market-processing/agri-pricing-931-mistakes | /market-processing/agri-pricing-931-faq | /market-processing/agri-pricing-931-decision | /market-processing/agri-pricing-931-answer,P2:50,pending,0,
แบรนด์สินค้าเกษตร,เครื่องพิมพ์สติ๊กเกอร์ ฉลากสินค้า,ตลาด แปรรูป และการขาย,แบรนด์และแพ็กเกจ,แบรนด์สินค้าเกษตร,แบรนด์สินค้าเกษตร,50,8661 | 8662 | 8663 | 8664 | 8665 | 8666 | 8667 | 8668 | 8669 | 8670 | 8821 | 8822 | 8823 | 8824 | 8825 | 8826 | 8827 | 8828 | 8829 | 8830 | 8981 | 8982 | 8983 | 8984 | 8985 | 8986 | 8987 | 8988 | 8989 | 8990 | 9141 | 9142 | 9143 | 9144 | 9145 | 9146 | 9147 | 9148 | 9149 | 9150 | 9301 | 9302 | 9303 | 9304 | 9305 | 9306 | 9307 | 9308 | 9309 | 9310,/market-processing/farm-branding-866-guide | /market-processing/farm-branding-866-beginner | /market-processing/farm-branding-866-problems | /market-processing/farm-branding-866-cost | /market-processing/farm-branding-866-compare | /market-processing/farm-branding-866-calendar | /market-processing/farm-branding-866-mistakes | /market-processing/farm-branding-866-faq | /market-processing/farm-branding-866-decision | /market-processing/farm-branding-866-answer | /market-processing/farm-branding-882-guide | /market-processing/farm-branding-882-beginner | /market-processing/farm-branding-882-problems | /market-processing/farm-branding-882-cost | /market-processing/farm-branding-882-compare | /market-processing/farm-branding-882-calendar | /market-processing/farm-branding-882-mistakes | /market-processing/farm-branding-882-faq | /market-processing/farm-branding-882-decision | /market-processing/farm-branding-882-answer | /market-processing/farm-branding-898-guide | /market-processing/farm-branding-898-beginner | /market-processing/farm-branding-898-problems | /market-processing/farm-branding-898-cost | /market-processing/farm-branding-898-compare | /market-processing/farm-branding-898-calendar | /market-processing/farm-branding-898-mistakes | /market-processing/farm-branding-898-faq | /market-processing/farm-branding-898-decision | /market-processing/farm-branding-898-answer | /market-processing/farm-branding-914-guide | /market-processing/farm-branding-914-beginner | /market-processing/farm-branding-914-problems | /market-processing/farm-branding-914-cost | /market-processing/farm-branding-914-compare | /market-processing/farm-branding-914-calendar | /market-processing/farm-branding-914-mistakes | /market-processing/farm-branding-914-faq | /market-processing/farm-branding-914-decision | /market-processing/farm-branding-914-answer | /market-processing/farm-branding-930-guide | /market-processing/farm-branding-930-beginner | /market-processing/farm-branding-930-problems | /market-processing/farm-branding-930-cost | /market-processing/farm-branding-930-compare | /market-processing/farm-branding-930-calendar | /market-processing/farm-branding-930-mistakes | /market-processing/farm-branding-930-faq | /market-processing/farm-branding-930-decision | /market-processing/farm-branding-930-answer,P2:50,pending,0,
แปรรูปกล้วย,เครื่องสไลด์กล้วย,ตลาด แปรรูป และการขาย,แปรรูปผลผลิต,แปรรูปกล้วย,แปรรูปกล้วย,50,8631 | 8632 | 8633 | 8634 | 8635 | 8636 | 8637 | 8638 | 8639 | 8640 | 8791 | 8792 | 8793 | 8794 | 8795 | 8796 | 8797 | 8798 | 8799 | 8800 | 8951 | 8952 | 8953 | 8954 | 8955 | 8956 | 8957 | 8958 | 8959 | 8960 | 9111 | 9112 | 9113 | 9114 | 9115 | 9116 | 9117 | 9118 | 9119 | 9120 | 9271 | 9272 | 9273 | 9274 | 9275 | 9276 | 9277 | 9278 | 9279 | 9280,/market-processing/banana-processing-863-guide | /market-processing/banana-processing-863-beginner | /market-processing/banana-processing-863-problems | /market-processing/banana-processing-863-cost | /market-processing/banana-processing-863-compare | /market-processing/banana-processing-863-calendar | /market-processing/banana-processing-863-mistakes | /market-processing/banana-processing-863-faq | /market-processing/banana-processing-863-decision | /market-processing/banana-processing-863-answer | /market-processing/banana-processing-879-guide | /market-processing/banana-processing-879-beginner | /market-processing/banana-processing-879-problems | /market-processing/banana-processing-879-cost | /market-processing/banana-processing-879-compare | /market-processing/banana-processing-879-calendar | /market-processing/banana-processing-879-mistakes | /market-processing/banana-processing-879-faq | /market-processing/banana-processing-879-decision | /market-processing/banana-processing-879-answer | /market-processing/banana-processing-895-guide | /market-processing/banana-processing-895-beginner | /market-processing/banana-processing-895-problems | /market-processing/banana-processing-895-cost | /market-processing/banana-processing-895-compare | /market-processing/banana-processing-895-calendar | /market-processing/banana-processing-895-mistakes | /market-processing/banana-processing-895-faq | /market-processing/banana-processing-895-decision | /market-processing/banana-processing-895-answer | /market-processing/banana-processing-911-guide | /market-processing/banana-processing-911-beginner | /market-processing/banana-processing-911-problems | /market-processing/banana-processing-911-cost | /market-processing/banana-processing-911-compare | /market-processing/banana-processing-911-calendar | /market-processing/banana-processing-911-mistakes | /market-processing/banana-processing-911-faq | /market-processing/banana-processing-911-decision | /market-processing/banana-processing-911-answer | /market-processing/banana-processing-927-guide | /market-processing/banana-processing-927-beginner | /market-processing/banana-processing-927-problems | /market-processing/banana-processing-927-cost | /market-processing/banana-processing-927-compare | /market-processing/banana-processing-927-calendar | /market-processing/banana-processing-927-mistakes | /market-processing/banana-processing-927-faq | /market-processing/banana-processing-927-decision | /market-processing/banana-processing-927-answer,P2:50,pending,0,
แปรรูปพริก,เครื่องบดพริก เครื่องอบแห้ง,ตลาด แปรรูป และการขาย,แปรรูปผลผลิต,แปรรูปพริก,แปรรูปพริก,50,8651 | 8652 | 8653 | 8654 | 8655 | 8656 | 8657 | 8658 | 8659 | 8660 | 8811 | 8812 | 8813 | 8814 | 8815 | 8816 | 8817 | 8818 | 8819 | 8820 | 8971 | 8972 | 8973 | 8974 | 8975 | 8976 | 8977 | 8978 | 8979 | 8980 | 9131 | 9132 | 9133 | 9134 | 9135 | 9136 | 9137 | 9138 | 9139 | 9140 | 9291 | 9292 | 9293 | 9294 | 9295 | 9296 | 9297 | 9298 | 9299 | 9300,/market-processing/chili-processing-865-guide | /market-processing/chili-processing-865-beginner | /market-processing/chili-processing-865-problems | /market-processing/chili-processing-865-cost | /market-processing/chili-processing-865-compare | /market-processing/chili-processing-865-calendar | /market-processing/chili-processing-865-mistakes | /market-processing/chili-processing-865-faq | /market-processing/chili-processing-865-decision | /market-processing/chili-processing-865-answer | /market-processing/chili-processing-881-guide | /market-processing/chili-processing-881-beginner | /market-processing/chili-processing-881-problems | /market-processing/chili-processing-881-cost | /market-processing/chili-processing-881-compare | /market-processing/chili-processing-881-calendar | /market-processing/chili-processing-881-mistakes | /market-processing/chili-processing-881-faq | /market-processing/chili-processing-881-decision | /market-processing/chili-processing-881-answer | /market-processing/chili-processing-897-guide | /market-processing/chili-processing-897-beginner | /market-processing/chili-processing-897-problems | /market-processing/chili-processing-897-cost | /market-processing/chili-processing-897-compare | /market-processing/chili-processing-897-calendar | /market-processing/chili-processing-897-mistakes | /market-processing/chili-processing-897-faq | /market-processing/chili-processing-897-decision | /market-processing/chili-processing-897-answer | /market-processing/chili-processing-913-guide | /market-processing/chili-processing-913-beginner | /market-processing/chili-processing-913-problems | /market-processing/chili-processing-913-cost | /market-processing/chili-processing-913-compare | /market-processing/chili-processing-913-calendar | /market-processing/chili-processing-913-mistakes | /market-processing/chili-processing-913-faq | /market-processing/chili-processing-913-decision | /market-processing/chili-processing-913-answer | /market-processing/chili-processing-929-guide | /market-processing/chili-processing-929-beginner | /market-processing/chili-processing-929-problems | /market-processing/chili-processing-929-cost | /market-processing/chili-processing-929-compare | /market-processing/chili-processing-929-calendar | /market-processing/chili-processing-929-mistakes | /market-processing/chili-processing-929-faq | /market-processing/chili-processing-929-decision | /market-processing/chili-processing-929-answer,P2:50,pending,0,
แปรรูปมะม่วง,เครื่องสไลด์มะม่วง เครื่องอบแห้ง,ตลาด แปรรูป และการขาย,แปรรูปผลผลิต,แปรรูปมะม่วง,แปรรูปมะม่วง,50,8641 | 8642 | 8643 | 8644 | 8645 | 8646 | 8647 | 8648 | 8649 | 8650 | 8801 | 8802 | 8803 | 8804 | 8805 | 8806 | 8807 | 8808 | 8809 | 8810 | 8961 | 8962 | 8963 | 8964 | 8965 | 8966 | 8967 | 8968 | 8969 | 8970 | 9121 | 9122 | 9123 | 9124 | 9125 | 9126 | 9127 | 9128 | 9129 | 9130 | 9281 | 9282 | 9283 | 9284 | 9285 | 9286 | 9287 | 9288 | 9289 | 9290,/market-processing/mango-processing-864-guide | /market-processing/mango-processing-864-beginner | /market-processing/mango-processing-864-problems | /market-processing/mango-processing-864-cost | /market-processing/mango-processing-864-compare | /market-processing/mango-processing-864-calendar | /market-processing/mango-processing-864-mistakes | /market-processing/mango-processing-864-faq | /market-processing/mango-processing-864-decision | /market-processing/mango-processing-864-answer | /market-processing/mango-processing-880-guide | /market-processing/mango-processing-880-beginner | /market-processing/mango-processing-880-problems | /market-processing/mango-processing-880-cost | /market-processing/mango-processing-880-compare | /market-processing/mango-processing-880-calendar | /market-processing/mango-processing-880-mistakes | /market-processing/mango-processing-880-faq | /market-processing/mango-processing-880-decision | /market-processing/mango-processing-880-answer | /market-processing/mango-processing-896-guide | /market-processing/mango-processing-896-beginner | /market-processing/mango-processing-896-problems | /market-processing/mango-processing-896-cost | /market-processing/mango-processing-896-compare | /market-processing/mango-processing-896-calendar | /market-processing/mango-processing-896-mistakes | /market-processing/mango-processing-896-faq | /market-processing/mango-processing-896-decision | /market-processing/mango-processing-896-answer | /market-processing/mango-processing-912-guide | /market-processing/mango-processing-912-beginner | /market-processing/mango-processing-912-problems | /market-processing/mango-processing-912-cost | /market-processing/mango-processing-912-compare | /market-processing/mango-processing-912-calendar | /market-processing/mango-processing-912-mistakes | /market-processing/mango-processing-912-faq | /market-processing/mango-processing-912-decision | /market-processing/mango-processing-912-answer | /market-processing/mango-processing-928-guide | /market-processing/mango-processing-928-beginner | /market-processing/mango-processing-928-problems | /market-processing/mango-processing-928-cost | /market-processing/mango-processing-928-compare | /market-processing/mango-processing-928-calendar | /market-processing/mango-processing-928-mistakes | /market-processing/mango-processing-928-faq | /market-processing/mango-processing-928-decision | /market-processing/mango-processing-928-answer,P2:50,pending,0,
แปรรูปสมุนไพร,เครื่องบดสมุนไพร เครื่องอบแห้ง,ตลาด แปรรูป และการขาย,แปรรูปสมุนไพร,แปรรูปสมุนไพร,แปรรูปสมุนไพร,50,8731 | 8732 | 8733 | 8734 | 8735 | 8736 | 8737 | 8738 | 8739 | 8740 | 8891 | 8892 | 8893 | 8894 | 8895 | 8896 | 8897 | 8898 | 8899 | 8900 | 9051 | 9052 | 9053 | 9054 | 9055 | 9056 | 9057 | 9058 | 9059 | 9060 | 9211 | 9212 | 9213 | 9214 | 9215 | 9216 | 9217 | 9218 | 9219 | 9220 | 9371 | 9372 | 9373 | 9374 | 9375 | 9376 | 9377 | 9378 | 9379 | 9380,/market-processing/herb-processing-873-guide | /market-processing/herb-processing-873-beginner | /market-processing/herb-processing-873-problems | /market-processing/herb-processing-873-cost | /market-processing/herb-processing-873-compare | /market-processing/herb-processing-873-calendar | /market-processing/herb-processing-873-mistakes | /market-processing/herb-processing-873-faq | /market-processing/herb-processing-873-decision | /market-processing/herb-processing-873-answer | /market-processing/herb-processing-889-guide | /market-processing/herb-processing-889-beginner | /market-processing/herb-processing-889-problems | /market-processing/herb-processing-889-cost | /market-processing/herb-processing-889-compare | /market-processing/herb-processing-889-calendar | /market-processing/herb-processing-889-mistakes | /market-processing/herb-processing-889-faq | /market-processing/herb-processing-889-decision | /market-processing/herb-processing-889-answer | /market-processing/herb-processing-905-guide | /market-processing/herb-processing-905-beginner | /market-processing/herb-processing-905-problems | /market-processing/herb-processing-905-cost | /market-processing/herb-processing-905-compare | /market-processing/herb-processing-905-calendar | /market-processing/herb-processing-905-mistakes | /market-processing/herb-processing-905-faq | /market-processing/herb-processing-905-decision | /market-processing/herb-processing-905-answer | /market-processing/herb-processing-921-guide | /market-processing/herb-processing-921-beginner | /market-processing/herb-processing-921-problems | /market-processing/herb-processing-921-cost | /market-processing/herb-processing-921-compare | /market-processing/herb-processing-921-calendar | /market-processing/herb-processing-921-mistakes | /market-processing/herb-processing-921-faq | /market-processing/herb-processing-921-decision | /market-processing/herb-processing-921-answer | /market-processing/herb-processing-937-guide | /market-processing/herb-processing-937-beginner | /market-processing/herb-processing-937-problems | /market-processing/herb-processing-937-cost | /market-processing/herb-processing-937-compare | /market-processing/herb-processing-937-calendar | /market-processing/herb-processing-937-mistakes | /market-processing/herb-processing-937-faq | /market-processing/herb-processing-937-decision | /market-processing/herb-processing-937-answer,P2:50,pending,0,
ผักพร้อมปรุง,ถุงแพ็คผัก เครื่องซีล,ตลาด แปรรูป และการขาย,แปรรูปและพร้อมขาย,ผักพร้อมปรุง,ผักพร้อมปรุง,50,8721 | 8722 | 8723 | 8724 | 8725 | 8726 | 8727 | 8728 | 8729 | 8730 | 8881 | 8882 | 8883 | 8884 | 8885 | 8886 | 8887 | 8888 | 8889 | 8890 | 9041 | 9042 | 9043 | 9044 | 9045 | 9046 | 9047 | 9048 | 9049 | 9050 | 9201 | 9202 | 9203 | 9204 | 9205 | 9206 | 9207 | 9208 | 9209 | 9210 | 9361 | 9362 | 9363 | 9364 | 9365 | 9366 | 9367 | 9368 | 9369 | 9370,/market-processing/ready-to-cook-vegetables-872-guide | /market-processing/ready-to-cook-vegetables-872-beginner | /market-processing/ready-to-cook-vegetables-872-problems | /market-processing/ready-to-cook-vegetables-872-cost | /market-processing/ready-to-cook-vegetables-872-compare | /market-processing/ready-to-cook-vegetables-872-calendar | /market-processing/ready-to-cook-vegetables-872-mistakes | /market-processing/ready-to-cook-vegetables-872-faq | /market-processing/ready-to-cook-vegetables-872-decision | /market-processing/ready-to-cook-vegetables-872-answer | /market-processing/ready-to-cook-vegetables-888-guide | /market-processing/ready-to-cook-vegetables-888-beginner | /market-processing/ready-to-cook-vegetables-888-problems | /market-processing/ready-to-cook-vegetables-888-cost | /market-processing/ready-to-cook-vegetables-888-compare | /market-processing/ready-to-cook-vegetables-888-calendar | /market-processing/ready-to-cook-vegetables-888-mistakes | /market-processing/ready-to-cook-vegetables-888-faq | /market-processing/ready-to-cook-vegetables-888-decision | /market-processing/ready-to-cook-vegetables-888-answer | /market-processing/ready-to-cook-vegetables-904-guide | /market-processing/ready-to-cook-vegetables-904-beginner | /market-processing/ready-to-cook-vegetables-904-problems | /market-processing/ready-to-cook-vegetables-904-cost | /market-processing/ready-to-cook-vegetables-904-compare | /market-processing/ready-to-cook-vegetables-904-calendar | /market-processing/ready-to-cook-vegetables-904-mistakes | /market-processing/ready-to-cook-vegetables-904-faq | /market-processing/ready-to-cook-vegetables-904-decision | /market-processing/ready-to-cook-vegetables-904-answer | /market-processing/ready-to-cook-vegetables-920-guide | /market-processing/ready-to-cook-vegetables-920-beginner | /market-processing/ready-to-cook-vegetables-920-problems | /market-processing/ready-to-cook-vegetables-920-cost | /market-processing/ready-to-cook-vegetables-920-compare | /market-processing/ready-to-cook-vegetables-920-calendar | /market-processing/ready-to-cook-vegetables-920-mistakes | /market-processing/ready-to-cook-vegetables-920-faq | /market-processing/ready-to-cook-vegetables-920-decision | /market-processing/ready-to-cook-vegetables-920-answer | /market-processing/ready-to-cook-vegetables-936-guide | /market-processing/ready-to-cook-vegetables-936-beginner | /market-processing/ready-to-cook-vegetables-936-problems | /market-processing/ready-to-cook-vegetables-936-cost | /market-processing/ready-to-cook-vegetables-936-compare | /market-processing/ready-to-cook-vegetables-936-calendar | /market-processing/ready-to-cook-vegetables-936-mistakes | /market-processing/ready-to-cook-vegetables-936-faq | /market-processing/ready-to-cook-vegetables-936-decision | /market-processing/ready-to-cook-vegetables-936-answer,P2:50,pending,0,
พรีออเดอร์สินค้าเกษตร,เครื่องพิมพ์ใบเสร็จ พกพา,ตลาด แปรรูป และการขาย,ขายออนไลน์,พรีออเดอร์สินค้าเกษตร,พรีออเดอร์สินค้าเกษตร,50,8751 | 8752 | 8753 | 8754 | 8755 | 8756 | 8757 | 8758 | 8759 | 8760 | 8911 | 8912 | 8913 | 8914 | 8915 | 8916 | 8917 | 8918 | 8919 | 8920 | 9071 | 9072 | 9073 | 9074 | 9075 | 9076 | 9077 | 9078 | 9079 | 9080 | 9231 | 9232 | 9233 | 9234 | 9235 | 9236 | 9237 | 9238 | 9239 | 9240 | 9391 | 9392 | 9393 | 9394 | 9395 | 9396 | 9397 | 9398 | 9399 | 9400,/market-processing/preorder-farm-products-875-guide | /market-processing/preorder-farm-products-875-beginner | /market-processing/preorder-farm-products-875-problems | /market-processing/preorder-farm-products-875-cost | /market-processing/preorder-farm-products-875-compare | /market-processing/preorder-farm-products-875-calendar | /market-processing/preorder-farm-products-875-mistakes | /market-processing/preorder-farm-products-875-faq | /market-processing/preorder-farm-products-875-decision | /market-processing/preorder-farm-products-875-answer | /market-processing/preorder-farm-products-891-guide | /market-processing/preorder-farm-products-891-beginner | /market-processing/preorder-farm-products-891-problems | /market-processing/preorder-farm-products-891-cost | /market-processing/preorder-farm-products-891-compare | /market-processing/preorder-farm-products-891-calendar | /market-processing/preorder-farm-products-891-mistakes | /market-processing/preorder-farm-products-891-faq | /market-processing/preorder-farm-products-891-decision | /market-processing/preorder-farm-products-891-answer | /market-processing/preorder-farm-products-907-guide | /market-processing/preorder-farm-products-907-beginner | /market-processing/preorder-farm-products-907-problems | /market-processing/preorder-farm-products-907-cost | /market-processing/preorder-farm-products-907-compare | /market-processing/preorder-farm-products-907-calendar | /market-processing/preorder-farm-products-907-mistakes | /market-processing/preorder-farm-products-907-faq | /market-processing/preorder-farm-products-907-decision | /market-processing/preorder-farm-products-907-answer | /market-processing/preorder-farm-products-923-guide | /market-processing/preorder-farm-products-923-beginner | /market-processing/preorder-farm-products-923-problems | /market-processing/preorder-farm-products-923-cost | /market-processing/preorder-farm-products-923-compare | /market-processing/preorder-farm-products-923-calendar | /market-processing/preorder-farm-products-923-mistakes | /market-processing/preorder-farm-products-923-faq | /market-processing/preorder-farm-products-923-decision | /market-processing/preorder-farm-products-923-answer | /market-processing/preorder-farm-products-939-guide | /market-processing/preorder-farm-products-939-beginner | /market-processing/preorder-farm-products-939-problems | /market-processing/preorder-farm-products-939-cost | /market-processing/preorder-farm-products-939-compare | /market-processing/preorder-farm-products-939-calendar | /market-processing/preorder-farm-products-939-mistakes | /market-processing/preorder-farm-products-939-faq | /market-processing/preorder-farm-products-939-decision | /market-processing/preorder-farm-products-939-answer,P2:50,pending,0,
มาตรฐานสินค้าเกษตร,ฉลากสินค้าเกษตร สติ๊กเกอร์,ตลาด แปรรูป และการขาย,มาตรฐานและคุณภาพ,มาตรฐานสินค้าเกษตร,มาตรฐานสินค้าเกษตร,50,8711 | 8712 | 8713 | 8714 | 8715 | 8716 | 8717 | 8718 | 8719 | 8720 | 8871 | 8872 | 8873 | 8874 | 8875 | 8876 | 8877 | 8878 | 8879 | 8880 | 9031 | 9032 | 9033 | 9034 | 9035 | 9036 | 9037 | 9038 | 9039 | 9040 | 9191 | 9192 | 9193 | 9194 | 9195 | 9196 | 9197 | 9198 | 9199 | 9200 | 9351 | 9352 | 9353 | 9354 | 9355 | 9356 | 9357 | 9358 | 9359 | 9360,/market-processing/agri-product-standards-871-guide | /market-processing/agri-product-standards-871-beginner | /market-processing/agri-product-standards-871-problems | /market-processing/agri-product-standards-871-cost | /market-processing/agri-product-standards-871-compare | /market-processing/agri-product-standards-871-calendar | /market-processing/agri-product-standards-871-mistakes | /market-processing/agri-product-standards-871-faq | /market-processing/agri-product-standards-871-decision | /market-processing/agri-product-standards-871-answer | /market-processing/agri-product-standards-887-guide | /market-processing/agri-product-standards-887-beginner | /market-processing/agri-product-standards-887-problems | /market-processing/agri-product-standards-887-cost | /market-processing/agri-product-standards-887-compare | /market-processing/agri-product-standards-887-calendar | /market-processing/agri-product-standards-887-mistakes | /market-processing/agri-product-standards-887-faq | /market-processing/agri-product-standards-887-decision | /market-processing/agri-product-standards-887-answer | /market-processing/agri-product-standards-903-guide | /market-processing/agri-product-standards-903-beginner | /market-processing/agri-product-standards-903-problems | /market-processing/agri-product-standards-903-cost | /market-processing/agri-product-standards-903-compare | /market-processing/agri-product-standards-903-calendar | /market-processing/agri-product-standards-903-mistakes | /market-processing/agri-product-standards-903-faq | /market-processing/agri-product-standards-903-decision | /market-processing/agri-product-standards-903-answer | /market-processing/agri-product-standards-919-guide | /market-processing/agri-product-standards-919-beginner | /market-processing/agri-product-standards-919-problems | /market-processing/agri-product-standards-919-cost | /market-processing/agri-product-standards-919-compare | /market-processing/agri-product-standards-919-calendar | /market-processing/agri-product-standards-919-mistakes | /market-processing/agri-product-standards-919-faq | /market-processing/agri-product-standards-919-decision | /market-processing/agri-product-standards-919-answer | /market-processing/agri-product-standards-935-guide | /market-processing/agri-product-standards-935-beginner | /market-processing/agri-product-standards-935-problems | /market-processing/agri-product-standards-935-cost | /market-processing/agri-product-standards-935-compare | /market-processing/agri-product-standards-935-calendar | /market-processing/agri-product-standards-935-mistakes | /market-processing/agri-product-standards-935-faq | /market-processing/agri-product-standards-935-decision | /market-processing/agri-product-standards-935-answer,P2:50,pending,0,
รวมกลุ่มเกษตรกร,สมุดบัญชีกลุ่มเกษตรกร,ตลาด แปรรูป และการขาย,ตลาดและสหกรณ์,รวมกลุ่มเกษตรกร,รวมกลุ่มเกษตรกร,50,8701 | 8702 | 8703 | 8704 | 8705 | 8706 | 8707 | 8708 | 8709 | 8710 | 8861 | 8862 | 8863 | 8864 | 8865 | 8866 | 8867 | 8868 | 8869 | 8870 | 9021 | 9022 | 9023 | 9024 | 9025 | 9026 | 9027 | 9028 | 9029 | 9030 | 9181 | 9182 | 9183 | 9184 | 9185 | 9186 | 9187 | 9188 | 9189 | 9190 | 9341 | 9342 | 9343 | 9344 | 9345 | 9346 | 9347 | 9348 | 9349 | 9350,/market-processing/farmer-group-selling-870-guide | /market-processing/farmer-group-selling-870-beginner | /market-processing/farmer-group-selling-870-problems | /market-processing/farmer-group-selling-870-cost | /market-processing/farmer-group-selling-870-compare | /market-processing/farmer-group-selling-870-calendar | /market-processing/farmer-group-selling-870-mistakes | /market-processing/farmer-group-selling-870-faq | /market-processing/farmer-group-selling-870-decision | /market-processing/farmer-group-selling-870-answer | /market-processing/farmer-group-selling-886-guide | /market-processing/farmer-group-selling-886-beginner | /market-processing/farmer-group-selling-886-problems | /market-processing/farmer-group-selling-886-cost | /market-processing/farmer-group-selling-886-compare | /market-processing/farmer-group-selling-886-calendar | /market-processing/farmer-group-selling-886-mistakes | /market-processing/farmer-group-selling-886-faq | /market-processing/farmer-group-selling-886-decision | /market-processing/farmer-group-selling-886-answer | /market-processing/farmer-group-selling-902-guide | /market-processing/farmer-group-selling-902-beginner | /market-processing/farmer-group-selling-902-problems | /market-processing/farmer-group-selling-902-cost | /market-processing/farmer-group-selling-902-compare | /market-processing/farmer-group-selling-902-calendar | /market-processing/farmer-group-selling-902-mistakes | /market-processing/farmer-group-selling-902-faq | /market-processing/farmer-group-selling-902-decision | /market-processing/farmer-group-selling-902-answer | /market-processing/farmer-group-selling-918-guide | /market-processing/farmer-group-selling-918-beginner | /market-processing/farmer-group-selling-918-problems | /market-processing/farmer-group-selling-918-cost | /market-processing/farmer-group-selling-918-compare | /market-processing/farmer-group-selling-918-calendar | /market-processing/farmer-group-selling-918-mistakes | /market-processing/farmer-group-selling-918-faq | /market-processing/farmer-group-selling-918-decision | /market-processing/farmer-group-selling-918-answer | /market-processing/farmer-group-selling-934-guide | /market-processing/farmer-group-selling-934-beginner | /market-processing/farmer-group-selling-934-problems | /market-processing/farmer-group-selling-934-cost | /market-processing/farmer-group-selling-934-compare | /market-processing/farmer-group-selling-934-calendar | /market-processing/farmer-group-selling-934-mistakes | /market-processing/farmer-group-selling-934-faq | /market-processing/farmer-group-selling-934-decision | /market-processing/farmer-group-selling-934-answer,P2:50,pending,0,
ราคาสินค้าเกษตรตก,เครื่องแปรรูปผลผลิตเกษตร,ตลาด แปรรูป และการขาย,ราคาและความเสี่ยง,ราคาสินค้าเกษตรตก,ราคาสินค้าเกษตรตก,50,8741 | 8742 | 8743 | 8744 | 8745 | 8746 | 8747 | 8748 | 8749 | 8750 | 8901 | 8902 | 8903 | 8904 | 8905 | 8906 | 8907 | 8908 | 8909 | 8910 | 9061 | 9062 | 9063 | 9064 | 9065 | 9066 | 9067 | 9068 | 9069 | 9070 | 9221 | 9222 | 9223 | 9224 | 9225 | 9226 | 9227 | 9228 | 9229 | 9230 | 9381 | 9382 | 9383 | 9384 | 9385 | 9386 | 9387 | 9388 | 9389 | 9390,/market-processing/price-drop-risk-874-guide | /market-processing/price-drop-risk-874-beginner | /market-processing/price-drop-risk-874-problems | /market-processing/price-drop-risk-874-cost | /market-processing/price-drop-risk-874-compare | /market-processing/price-drop-risk-874-calendar | /market-processing/price-drop-risk-874-mistakes | /market-processing/price-drop-risk-874-faq | /market-processing/price-drop-risk-874-decision | /market-processing/price-drop-risk-874-answer | /market-processing/price-drop-risk-890-guide | /market-processing/price-drop-risk-890-beginner | /market-processing/price-drop-risk-890-problems | /market-processing/price-drop-risk-890-cost | /market-processing/price-drop-risk-890-compare | /market-processing/price-drop-risk-890-calendar | /market-processing/price-drop-risk-890-mistakes | /market-processing/price-drop-risk-890-faq | /market-processing/price-drop-risk-890-decision | /market-processing/price-drop-risk-890-answer | /market-processing/price-drop-risk-906-guide | /market-processing/price-drop-risk-906-beginner | /market-processing/price-drop-risk-906-problems | /market-processing/price-drop-risk-906-cost | /market-processing/price-drop-risk-906-compare | /market-processing/price-drop-risk-906-calendar | /market-processing/price-drop-risk-906-mistakes | /market-processing/price-drop-risk-906-faq | /market-processing/price-drop-risk-906-decision | /market-processing/price-drop-risk-906-answer | /market-processing/price-drop-risk-922-guide | /market-processing/price-drop-risk-922-beginner | /market-processing/price-drop-risk-922-problems | /market-processing/price-drop-risk-922-cost | /market-processing/price-drop-risk-922-compare | /market-processing/price-drop-risk-922-calendar | /market-processing/price-drop-risk-922-mistakes | /market-processing/price-drop-risk-922-faq | /market-processing/price-drop-risk-922-decision | /market-processing/price-drop-risk-922-answer | /market-processing/price-drop-risk-938-guide | /market-processing/price-drop-risk-938-beginner | /market-processing/price-drop-risk-938-problems | /market-processing/price-drop-risk-938-cost | /market-processing/price-drop-risk-938-compare | /market-processing/price-drop-risk-938-calendar | /market-processing/price-drop-risk-938-mistakes | /market-processing/price-drop-risk-938-faq | /market-processing/price-drop-risk-938-decision | /market-processing/price-drop-risk-938-answer,P2:50,pending,0,
กล้องฟาร์ม,,เทคโนโลยี อุปกรณ์ และเครื่องมือ,ความปลอดภัยฟาร์ม,กล้องฟาร์ม,กล้องฟาร์ม,30,9481 | 9482 | 9483 | 9484 | 9485 | 9486 | 9487 | 9488 | 9489 | 9490 | 9581 | 9582 | 9583 | 9584 | 9585 | 9586 | 9587 | 9588 | 9589 | 9590 | 9681 | 9682 | 9683 | 9684 | 9685 | 9686 | 9687 | 9688 | 9689 | 9690,/agri-tech-tools/farm-cctv-948-guide | /agri-tech-tools/farm-cctv-948-beginner | /agri-tech-tools/farm-cctv-948-problems | /agri-tech-tools/farm-cctv-948-cost | /agri-tech-tools/farm-cctv-948-compare | /agri-tech-tools/farm-cctv-948-calendar | /agri-tech-tools/farm-cctv-948-mistakes | /agri-tech-tools/farm-cctv-948-faq | /agri-tech-tools/farm-cctv-948-decision | /agri-tech-tools/farm-cctv-948-answer | /agri-tech-tools/farm-cctv-958-guide | /agri-tech-tools/farm-cctv-958-beginner | /agri-tech-tools/farm-cctv-958-problems | /agri-tech-tools/farm-cctv-958-cost | /agri-tech-tools/farm-cctv-958-compare | /agri-tech-tools/farm-cctv-958-calendar | /agri-tech-tools/farm-cctv-958-mistakes | /agri-tech-tools/farm-cctv-958-faq | /agri-tech-tools/farm-cctv-958-decision | /agri-tech-tools/farm-cctv-958-answer | /agri-tech-tools/farm-cctv-968-guide | /agri-tech-tools/farm-cctv-968-beginner | /agri-tech-tools/farm-cctv-968-problems | /agri-tech-tools/farm-cctv-968-cost | /agri-tech-tools/farm-cctv-968-compare | /agri-tech-tools/farm-cctv-968-calendar | /agri-tech-tools/farm-cctv-968-mistakes | /agri-tech-tools/farm-cctv-968-faq | /agri-tech-tools/farm-cctv-968-decision | /agri-tech-tools/farm-cctv-968-answer,P3:30,processed_existing_catalog,1,กล้องฟาร์ม
เครื่องพ่นยาแบตเตอรี่,,เทคโนโลยี อุปกรณ์ และเครื่องมือ,เครื่องมือฟาร์ม,เครื่องพ่นยาแบตเตอรี่,เครื่องพ่นยาแบตเตอรี่,30,9471 | 9472 | 9473 | 9474 | 9475 | 9476 | 9477 | 9478 | 9479 | 9480 | 9571 | 9572 | 9573 | 9574 | 9575 | 9576 | 9577 | 9578 | 9579 | 9580 | 9671 | 9672 | 9673 | 9674 | 9675 | 9676 | 9677 | 9678 | 9679 | 9680,/agri-tech-tools/battery-sprayer-947-guide | /agri-tech-tools/battery-sprayer-947-beginner | /agri-tech-tools/battery-sprayer-947-problems | /agri-tech-tools/battery-sprayer-947-cost | /agri-tech-tools/battery-sprayer-947-compare | /agri-tech-tools/battery-sprayer-947-calendar | /agri-tech-tools/battery-sprayer-947-mistakes | /agri-tech-tools/battery-sprayer-947-faq | /agri-tech-tools/battery-sprayer-947-decision | /agri-tech-tools/battery-sprayer-947-answer | /agri-tech-tools/battery-sprayer-957-guide | /agri-tech-tools/battery-sprayer-957-beginner | /agri-tech-tools/battery-sprayer-957-problems | /agri-tech-tools/battery-sprayer-957-cost | /agri-tech-tools/battery-sprayer-957-compare | /agri-tech-tools/battery-sprayer-957-calendar | /agri-tech-tools/battery-sprayer-957-mistakes | /agri-tech-tools/battery-sprayer-957-faq | /agri-tech-tools/battery-sprayer-957-decision | /agri-tech-tools/battery-sprayer-957-answer | /agri-tech-tools/battery-sprayer-967-guide | /agri-tech-tools/battery-sprayer-967-beginner | /agri-tech-tools/battery-sprayer-967-problems | /agri-tech-tools/battery-sprayer-967-cost | /agri-tech-tools/battery-sprayer-967-compare | /agri-tech-tools/battery-sprayer-967-calendar | /agri-tech-tools/battery-sprayer-967-mistakes | /agri-tech-tools/battery-sprayer-967-faq | /agri-tech-tools/battery-sprayer-967-decision | /agri-tech-tools/battery-sprayer-967-answer,P3:30,processed_existing_catalog,1,เครื่องพ่นยาแบตเตอรี่
เครื่องย่อยกิ่งไม้,,เทคโนโลยี อุปกรณ์ และเครื่องมือ,เครื่องมือฟาร์ม,เครื่องย่อยกิ่งไม้,เครื่องย่อยกิ่งไม้,30,9461 | 9462 | 9463 | 9464 | 9465 | 9466 | 9467 | 9468 | 9469 | 9470 | 9561 | 9562 | 9563 | 9564 | 9565 | 9566 | 9567 | 9568 | 9569 | 9570 | 9661 | 9662 | 9663 | 9664 | 9665 | 9666 | 9667 | 9668 | 9669 | 9670,/agri-tech-tools/wood-chipper-farm-946-guide | /agri-tech-tools/wood-chipper-farm-946-beginner | /agri-tech-tools/wood-chipper-farm-946-problems | /agri-tech-tools/wood-chipper-farm-946-cost | /agri-tech-tools/wood-chipper-farm-946-compare | /agri-tech-tools/wood-chipper-farm-946-calendar | /agri-tech-tools/wood-chipper-farm-946-mistakes | /agri-tech-tools/wood-chipper-farm-946-faq | /agri-tech-tools/wood-chipper-farm-946-decision | /agri-tech-tools/wood-chipper-farm-946-answer | /agri-tech-tools/wood-chipper-farm-956-guide | /agri-tech-tools/wood-chipper-farm-956-beginner | /agri-tech-tools/wood-chipper-farm-956-problems | /agri-tech-tools/wood-chipper-farm-956-cost | /agri-tech-tools/wood-chipper-farm-956-compare | /agri-tech-tools/wood-chipper-farm-956-calendar | /agri-tech-tools/wood-chipper-farm-956-mistakes | /agri-tech-tools/wood-chipper-farm-956-faq | /agri-tech-tools/wood-chipper-farm-956-decision | /agri-tech-tools/wood-chipper-farm-956-answer | /agri-tech-tools/wood-chipper-farm-966-guide | /agri-tech-tools/wood-chipper-farm-966-beginner | /agri-tech-tools/wood-chipper-farm-966-problems | /agri-tech-tools/wood-chipper-farm-966-cost | /agri-tech-tools/wood-chipper-farm-966-compare | /agri-tech-tools/wood-chipper-farm-966-calendar | /agri-tech-tools/wood-chipper-farm-966-mistakes | /agri-tech-tools/wood-chipper-farm-966-faq | /agri-tech-tools/wood-chipper-farm-966-decision | /agri-tech-tools/wood-chipper-farm-966-answer,P3:30,processed_existing_catalog,1,เครื่องย่อยกิ่งไม้
เซ็นเซอร์ความชื้นดิน,,เทคโนโลยี อุปกรณ์ และเครื่องมือ,Smart Farm,เซ็นเซอร์ความชื้นดิน,เซ็นเซอร์ความชื้นดิน,30,9431 | 9432 | 9433 | 9434 | 9435 | 9436 | 9437 | 9438 | 9439 | 9440 | 9531 | 9532 | 9533 | 9534 | 9535 | 9536 | 9537 | 9538 | 9539 | 9540 | 9631 | 9632 | 9633 | 9634 | 9635 | 9636 | 9637 | 9638 | 9639 | 9640,/agri-tech-tools/soil-moisture-sensor-943-guide | /agri-tech-tools/soil-moisture-sensor-943-beginner | /agri-tech-tools/soil-moisture-sensor-943-problems | /agri-tech-tools/soil-moisture-sensor-943-cost | /agri-tech-tools/soil-moisture-sensor-943-compare | /agri-tech-tools/soil-moisture-sensor-943-calendar | /agri-tech-tools/soil-moisture-sensor-943-mistakes | /agri-tech-tools/soil-moisture-sensor-943-faq | /agri-tech-tools/soil-moisture-sensor-943-decision | /agri-tech-tools/soil-moisture-sensor-943-answer | /agri-tech-tools/soil-moisture-sensor-953-guide | /agri-tech-tools/soil-moisture-sensor-953-beginner | /agri-tech-tools/soil-moisture-sensor-953-problems | /agri-tech-tools/soil-moisture-sensor-953-cost | /agri-tech-tools/soil-moisture-sensor-953-compare | /agri-tech-tools/soil-moisture-sensor-953-calendar | /agri-tech-tools/soil-moisture-sensor-953-mistakes | /agri-tech-tools/soil-moisture-sensor-953-faq | /agri-tech-tools/soil-moisture-sensor-953-decision | /agri-tech-tools/soil-moisture-sensor-953-answer | /agri-tech-tools/soil-moisture-sensor-963-guide | /agri-tech-tools/soil-moisture-sensor-963-beginner | /agri-tech-tools/soil-moisture-sensor-963-problems | /agri-tech-tools/soil-moisture-sensor-963-cost | /agri-tech-tools/soil-moisture-sensor-963-compare | /agri-tech-tools/soil-moisture-sensor-963-calendar | /agri-tech-tools/soil-moisture-sensor-963-mistakes | /agri-tech-tools/soil-moisture-sensor-963-faq | /agri-tech-tools/soil-moisture-sensor-963-decision | /agri-tech-tools/soil-moisture-sensor-963-answer,P3:30,processed_existing_catalog,1,เซ็นเซอร์ความชื้นดิน
โดรนเกษตร,,เทคโนโลยี อุปกรณ์ และเครื่องมือ,โดรนและอุปกรณ์,โดรนเกษตร,โดรนเกษตร,30,9401 | 9402 | 9403 | 9404 | 9405 | 9406 | 9407 | 9408 | 9409 | 9410 | 9501 | 9502 | 9503 | 9504 | 9505 | 9506 | 9507 | 9508 | 9509 | 9510 | 9601 | 9602 | 9603 | 9604 | 9605 | 9606 | 9607 | 9608 | 9609 | 9610,/agri-tech-tools/agri-drone-940-guide | /agri-tech-tools/agri-drone-940-beginner | /agri-tech-tools/agri-drone-940-problems | /agri-tech-tools/agri-drone-940-cost | /agri-tech-tools/agri-drone-940-compare | /agri-tech-tools/agri-drone-940-calendar | /agri-tech-tools/agri-drone-940-mistakes | /agri-tech-tools/agri-drone-940-faq | /agri-tech-tools/agri-drone-940-decision | /agri-tech-tools/agri-drone-940-answer | /agri-tech-tools/agri-drone-950-guide | /agri-tech-tools/agri-drone-950-beginner | /agri-tech-tools/agri-drone-950-problems | /agri-tech-tools/agri-drone-950-cost | /agri-tech-tools/agri-drone-950-compare | /agri-tech-tools/agri-drone-950-calendar | /agri-tech-tools/agri-drone-950-mistakes | /agri-tech-tools/agri-drone-950-faq | /agri-tech-tools/agri-drone-950-decision | /agri-tech-tools/agri-drone-950-answer | /agri-tech-tools/agri-drone-960-guide | /agri-tech-tools/agri-drone-960-beginner | /agri-tech-tools/agri-drone-960-problems | /agri-tech-tools/agri-drone-960-cost | /agri-tech-tools/agri-drone-960-compare | /agri-tech-tools/agri-drone-960-calendar | /agri-tech-tools/agri-drone-960-mistakes | /agri-tech-tools/agri-drone-960-faq | /agri-tech-tools/agri-drone-960-decision | /agri-tech-tools/agri-drone-960-answer,P3:30,processed_existing_catalog,1,โดรนเกษตร
บัญชีฟาร์ม Google Sheets,สมุดบัญชีฟาร์ม,เทคโนโลยี อุปกรณ์ และเครื่องมือ,เครื่องมือดิจิทัล,บัญชีฟาร์ม Google Sheets,บัญชีฟาร์ม Google Sheets,30,9441 | 9442 | 9443 | 9444 | 9445 | 9446 | 9447 | 9448 | 9449 | 9450 | 9541 | 9542 | 9543 | 9544 | 9545 | 9546 | 9547 | 9548 | 9549 | 9550 | 9641 | 9642 | 9643 | 9644 | 9645 | 9646 | 9647 | 9648 | 9649 | 9650,/agri-tech-tools/farm-google-sheets-944-guide | /agri-tech-tools/farm-google-sheets-944-beginner | /agri-tech-tools/farm-google-sheets-944-problems | /agri-tech-tools/farm-google-sheets-944-cost | /agri-tech-tools/farm-google-sheets-944-compare | /agri-tech-tools/farm-google-sheets-944-calendar | /agri-tech-tools/farm-google-sheets-944-mistakes | /agri-tech-tools/farm-google-sheets-944-faq | /agri-tech-tools/farm-google-sheets-944-decision | /agri-tech-tools/farm-google-sheets-944-answer | /agri-tech-tools/farm-google-sheets-954-guide | /agri-tech-tools/farm-google-sheets-954-beginner | /agri-tech-tools/farm-google-sheets-954-problems | /agri-tech-tools/farm-google-sheets-954-cost | /agri-tech-tools/farm-google-sheets-954-compare | /agri-tech-tools/farm-google-sheets-954-calendar | /agri-tech-tools/farm-google-sheets-954-mistakes | /agri-tech-tools/farm-google-sheets-954-faq | /agri-tech-tools/farm-google-sheets-954-decision | /agri-tech-tools/farm-google-sheets-954-answer | /agri-tech-tools/farm-google-sheets-964-guide | /agri-tech-tools/farm-google-sheets-964-beginner | /agri-tech-tools/farm-google-sheets-964-problems | /agri-tech-tools/farm-google-sheets-964-cost | /agri-tech-tools/farm-google-sheets-964-compare | /agri-tech-tools/farm-google-sheets-964-calendar | /agri-tech-tools/farm-google-sheets-964-mistakes | /agri-tech-tools/farm-google-sheets-964-faq | /agri-tech-tools/farm-google-sheets-964-decision | /agri-tech-tools/farm-google-sheets-964-answer,P3:30,pending,0,
ปั๊มน้ำโซลาร์เซลล์,,เทคโนโลยี อุปกรณ์ และเครื่องมือ,พลังงานและน้ำ,ปั๊มน้ำโซลาร์เซลล์,ปั๊มน้ำโซลาร์เซลล์,30,9411 | 9412 | 9413 | 9414 | 9415 | 9416 | 9417 | 9418 | 9419 | 9420 | 9511 | 9512 | 9513 | 9514 | 9515 | 9516 | 9517 | 9518 | 9519 | 9520 | 9611 | 9612 | 9613 | 9614 | 9615 | 9616 | 9617 | 9618 | 9619 | 9620,/agri-tech-tools/solar-water-pump-941-guide | /agri-tech-tools/solar-water-pump-941-beginner | /agri-tech-tools/solar-water-pump-941-problems | /agri-tech-tools/solar-water-pump-941-cost | /agri-tech-tools/solar-water-pump-941-compare | /agri-tech-tools/solar-water-pump-941-calendar | /agri-tech-tools/solar-water-pump-941-mistakes | /agri-tech-tools/solar-water-pump-941-faq | /agri-tech-tools/solar-water-pump-941-decision | /agri-tech-tools/solar-water-pump-941-answer | /agri-tech-tools/solar-water-pump-951-guide | /agri-tech-tools/solar-water-pump-951-beginner | /agri-tech-tools/solar-water-pump-951-problems | /agri-tech-tools/solar-water-pump-951-cost | /agri-tech-tools/solar-water-pump-951-compare | /agri-tech-tools/solar-water-pump-951-calendar | /agri-tech-tools/solar-water-pump-951-mistakes | /agri-tech-tools/solar-water-pump-951-faq | /agri-tech-tools/solar-water-pump-951-decision | /agri-tech-tools/solar-water-pump-951-answer | /agri-tech-tools/solar-water-pump-961-guide | /agri-tech-tools/solar-water-pump-961-beginner | /agri-tech-tools/solar-water-pump-961-problems | /agri-tech-tools/solar-water-pump-961-cost | /agri-tech-tools/solar-water-pump-961-compare | /agri-tech-tools/solar-water-pump-961-calendar | /agri-tech-tools/solar-water-pump-961-mistakes | /agri-tech-tools/solar-water-pump-961-faq | /agri-tech-tools/solar-water-pump-961-decision | /agri-tech-tools/solar-water-pump-961-answer,P3:30,processed_existing_catalog,1,ปั๊มน้ำโซลาร์เซลล์
โรงเรือนปลูกผัก,,เทคโนโลยี อุปกรณ์ และเครื่องมือ,โรงเรือน,โรงเรือนปลูกผัก,โรงเรือนปลูกผัก,30,9421 | 9422 | 9423 | 9424 | 9425 | 9426 | 9427 | 9428 | 9429 | 9430 | 9521 | 9522 | 9523 | 9524 | 9525 | 9526 | 9527 | 9528 | 9529 | 9530 | 9621 | 9622 | 9623 | 9624 | 9625 | 9626 | 9627 | 9628 | 9629 | 9630,/agri-tech-tools/vegetable-greenhouse-942-guide | /agri-tech-tools/vegetable-greenhouse-942-beginner | /agri-tech-tools/vegetable-greenhouse-942-problems | /agri-tech-tools/vegetable-greenhouse-942-cost | /agri-tech-tools/vegetable-greenhouse-942-compare | /agri-tech-tools/vegetable-greenhouse-942-calendar | /agri-tech-tools/vegetable-greenhouse-942-mistakes | /agri-tech-tools/vegetable-greenhouse-942-faq | /agri-tech-tools/vegetable-greenhouse-942-decision | /agri-tech-tools/vegetable-greenhouse-942-answer | /agri-tech-tools/vegetable-greenhouse-952-guide | /agri-tech-tools/vegetable-greenhouse-952-beginner | /agri-tech-tools/vegetable-greenhouse-952-problems | /agri-tech-tools/vegetable-greenhouse-952-cost | /agri-tech-tools/vegetable-greenhouse-952-compare | /agri-tech-tools/vegetable-greenhouse-952-calendar | /agri-tech-tools/vegetable-greenhouse-952-mistakes | /agri-tech-tools/vegetable-greenhouse-952-faq | /agri-tech-tools/vegetable-greenhouse-952-decision | /agri-tech-tools/vegetable-greenhouse-952-answer | /agri-tech-tools/vegetable-greenhouse-962-guide | /agri-tech-tools/vegetable-greenhouse-962-beginner | /agri-tech-tools/vegetable-greenhouse-962-problems | /agri-tech-tools/vegetable-greenhouse-962-cost | /agri-tech-tools/vegetable-greenhouse-962-compare | /agri-tech-tools/vegetable-greenhouse-962-calendar | /agri-tech-tools/vegetable-greenhouse-962-mistakes | /agri-tech-tools/vegetable-greenhouse-962-faq | /agri-tech-tools/vegetable-greenhouse-962-decision | /agri-tech-tools/vegetable-greenhouse-962-answer,P3:30,processed_existing_catalog,1,โรงเรือนปลูกผัก
แอปเกษตร,,เทคโนโลยี อุปกรณ์ และเครื่องมือ,เครื่องมือดิจิทัล,แอปเกษตร,แอปเกษตร,30,9491 | 9492 | 9493 | 9494 | 9495 | 9496 | 9497 | 9498 | 9499 | 9500 | 9591 | 9592 | 9593 | 9594 | 9595 | 9596 | 9597 | 9598 | 9599 | 9600 | 9691 | 9692 | 9693 | 9694 | 9695 | 9696 | 9697 | 9698 | 9699 | 9700,/agri-tech-tools/agri-apps-949-guide | /agri-tech-tools/agri-apps-949-beginner | /agri-tech-tools/agri-apps-949-problems | /agri-tech-tools/agri-apps-949-cost | /agri-tech-tools/agri-apps-949-compare | /agri-tech-tools/agri-apps-949-calendar | /agri-tech-tools/agri-apps-949-mistakes | /agri-tech-tools/agri-apps-949-faq | /agri-tech-tools/agri-apps-949-decision | /agri-tech-tools/agri-apps-949-answer | /agri-tech-tools/agri-apps-959-guide | /agri-tech-tools/agri-apps-959-beginner | /agri-tech-tools/agri-apps-959-problems | /agri-tech-tools/agri-apps-959-cost | /agri-tech-tools/agri-apps-959-compare | /agri-tech-tools/agri-apps-959-calendar | /agri-tech-tools/agri-apps-959-mistakes | /agri-tech-tools/agri-apps-959-faq | /agri-tech-tools/agri-apps-959-decision | /agri-tech-tools/agri-apps-959-answer | /agri-tech-tools/agri-apps-969-guide | /agri-tech-tools/agri-apps-969-beginner | /agri-tech-tools/agri-apps-969-problems | /agri-tech-tools/agri-apps-969-cost | /agri-tech-tools/agri-apps-969-compare | /agri-tech-tools/agri-apps-969-calendar | /agri-tech-tools/agri-apps-969-mistakes | /agri-tech-tools/agri-apps-969-faq | /agri-tech-tools/agri-apps-969-decision | /agri-tech-tools/agri-apps-969-answer,P3:30,processed_existing_catalog,1,แอปเกษตร
LINE OA เกษตร,เครื่องพิมพ์ใบปะหน้า,เทคโนโลยี อุปกรณ์ และเครื่องมือ,ขายออนไลน์,LINE OA เกษตร,LINE OA เกษตร,30,9451 | 9452 | 9453 | 9454 | 9455 | 9456 | 9457 | 9458 | 9459 | 9460 | 9551 | 9552 | 9553 | 9554 | 9555 | 9556 | 9557 | 9558 | 9559 | 9560 | 9651 | 9652 | 9653 | 9654 | 9655 | 9656 | 9657 | 9658 | 9659 | 9660,/agri-tech-tools/line-oa-farm-945-guide | /agri-tech-tools/line-oa-farm-945-beginner | /agri-tech-tools/line-oa-farm-945-problems | /agri-tech-tools/line-oa-farm-945-cost | /agri-tech-tools/line-oa-farm-945-compare | /agri-tech-tools/line-oa-farm-945-calendar | /agri-tech-tools/line-oa-farm-945-mistakes | /agri-tech-tools/line-oa-farm-945-faq | /agri-tech-tools/line-oa-farm-945-decision | /agri-tech-tools/line-oa-farm-945-answer | /agri-tech-tools/line-oa-farm-955-guide | /agri-tech-tools/line-oa-farm-955-beginner | /agri-tech-tools/line-oa-farm-955-problems | /agri-tech-tools/line-oa-farm-955-cost | /agri-tech-tools/line-oa-farm-955-compare | /agri-tech-tools/line-oa-farm-955-calendar | /agri-tech-tools/line-oa-farm-955-mistakes | /agri-tech-tools/line-oa-farm-955-faq | /agri-tech-tools/line-oa-farm-955-decision | /agri-tech-tools/line-oa-farm-955-answer | /agri-tech-tools/line-oa-farm-965-guide | /agri-tech-tools/line-oa-farm-965-beginner | /agri-tech-tools/line-oa-farm-965-problems | /agri-tech-tools/line-oa-farm-965-cost | /agri-tech-tools/line-oa-farm-965-compare | /agri-tech-tools/line-oa-farm-965-calendar | /agri-tech-tools/line-oa-farm-965-mistakes | /agri-tech-tools/line-oa-farm-965-faq | /agri-tech-tools/line-oa-farm-965-decision | /agri-tech-tools/line-oa-farm-965-answer,P3:30,pending,0,
กบ,,ประมง / สัตว์น้ำ,สัตว์น้ำทางเลือก,กบ,ต้นทุนเลี้ยงกบ | บ่อเลี้ยงกบ | วิธีเลี้ยงกบ | อาหารกบ,40,4241 | 4242 | 4243 | 4244 | 4245 | 4246 | 4247 | 4248 | 4249 | 4250 | 4251 | 4252 | 4253 | 4254 | 4255 | 4256 | 4257 | 4258 | 4259 | 4260 | 4261 | 4262 | 4263 | 4264 | 4265 | 4266 | 4267 | 4268 | 4269 | 4270 | 4271 | 4272 | 4273 | 4274 | 4275 | 4276 | 4277 | 4278 | 4279 | 4280,/fishery/how-to-raise-frog-guide | /fishery/how-to-raise-frog-beginner | /fishery/how-to-raise-frog-problems | /fishery/how-to-raise-frog-cost | /fishery/how-to-raise-frog-compare | /fishery/how-to-raise-frog-calendar | /fishery/how-to-raise-frog-mistakes | /fishery/how-to-raise-frog-faq | /fishery/how-to-raise-frog-decision | /fishery/how-to-raise-frog-answer | /fishery/pond-frog-guide | /fishery/pond-frog-beginner | /fishery/pond-frog-problems | /fishery/pond-frog-cost | /fishery/pond-frog-compare | /fishery/pond-frog-calendar | /fishery/pond-frog-mistakes | /fishery/pond-frog-faq | /fishery/pond-frog-decision | /fishery/pond-frog-answer | /fishery/feed-frog-guide | /fishery/feed-frog-beginner | /fishery/feed-frog-problems | /fishery/feed-frog-cost | /fishery/feed-frog-compare | /fishery/feed-frog-calendar | /fishery/feed-frog-mistakes | /fishery/feed-frog-faq | /fishery/feed-frog-decision | /fishery/feed-frog-answer | /fishery/cost-frog-guide | /fishery/cost-frog-beginner | /fishery/cost-frog-problems | /fishery/cost-frog-cost | /fishery/cost-frog-compare | /fishery/cost-frog-calendar | /fishery/cost-frog-mistakes | /fishery/cost-frog-faq | /fishery/cost-frog-decision | /fishery/cost-frog-answer,P1:20 | P2:20,processed_existing_catalog,3,อาหาร กบ | บ่อผ้าใบ กบ | อาหารกบ
กุ้งก้ามกราม,,ประมง / สัตว์น้ำ,กุ้ง,กุ้งก้ามกราม,ต้นทุนเลี้ยงกุ้งก้ามกราม | บ่อเลี้ยงกุ้งก้ามกราม | วิธีเลี้ยงกุ้งก้ามกราม | อาหารกุ้งก้ามกราม,40,4281 | 4282 | 4283 | 4284 | 4285 | 4286 | 4287 | 4288 | 4289 | 4290 | 4291 | 4292 | 4293 | 4294 | 4295 | 4296 | 4297 | 4298 | 4299 | 4300 | 4301 | 4302 | 4303 | 4304 | 4305 | 4306 | 4307 | 4308 | 4309 | 4310 | 4311 | 4312 | 4313 | 4314 | 4315 | 4316 | 4317 | 4318 | 4319 | 4320,/fishery/how-to-raise-giant-river-prawn-guide | /fishery/how-to-raise-giant-river-prawn-beginner | /fishery/how-to-raise-giant-river-prawn-problems | /fishery/how-to-raise-giant-river-prawn-cost | /fishery/how-to-raise-giant-river-prawn-compare | /fishery/how-to-raise-giant-river-prawn-calendar | /fishery/how-to-raise-giant-river-prawn-mistakes | /fishery/how-to-raise-giant-river-prawn-faq | /fishery/how-to-raise-giant-river-prawn-decision | /fishery/how-to-raise-giant-river-prawn-answer | /fishery/pond-giant-river-prawn-guide | /fishery/pond-giant-river-prawn-beginner | /fishery/pond-giant-river-prawn-problems | /fishery/pond-giant-river-prawn-cost | /fishery/pond-giant-river-prawn-compare | /fishery/pond-giant-river-prawn-calendar | /fishery/pond-giant-river-prawn-mistakes | /fishery/pond-giant-river-prawn-faq | /fishery/pond-giant-river-prawn-decision | /fishery/pond-giant-river-prawn-answer | /fishery/feed-giant-river-prawn-guide | /fishery/feed-giant-river-prawn-beginner | /fishery/feed-giant-river-prawn-problems | /fishery/feed-giant-river-prawn-cost | /fishery/feed-giant-river-prawn-compare | /fishery/feed-giant-river-prawn-calendar | /fishery/feed-giant-river-prawn-mistakes | /fishery/feed-giant-river-prawn-faq | /fishery/feed-giant-river-prawn-decision | /fishery/feed-giant-river-prawn-answer | /fishery/cost-giant-river-prawn-guide | /fishery/cost-giant-river-prawn-beginner | /fishery/cost-giant-river-prawn-problems | /fishery/cost-giant-river-prawn-cost | /fishery/cost-giant-river-prawn-compare | /fishery/cost-giant-river-prawn-calendar | /fishery/cost-giant-river-prawn-mistakes | /fishery/cost-giant-river-prawn-faq | /fishery/cost-giant-river-prawn-decision | /fishery/cost-giant-river-prawn-answer,P1:20 | P2:20,processed_existing_catalog,2,อาหาร กุ้งก้ามกราม | อาหารกุ้งก้ามกราม
กุ้งขาว,,ประมง / สัตว์น้ำ,กุ้ง,กุ้งขาว,ต้นทุนเลี้ยงกุ้งขาว | บ่อเลี้ยงกุ้งขาว | วิธีเลี้ยงกุ้งขาว | อาหารกุ้งขาว,40,4321 | 4322 | 4323 | 4324 | 4325 | 4326 | 4327 | 4328 | 4329 | 4330 | 4331 | 4332 | 4333 | 4334 | 4335 | 4336 | 4337 | 4338 | 4339 | 4340 | 4341 | 4342 | 4343 | 4344 | 4345 | 4346 | 4347 | 4348 | 4349 | 4350 | 4351 | 4352 | 4353 | 4354 | 4355 | 4356 | 4357 | 4358 | 4359 | 4360,/fishery/how-to-raise-white-shrimp-guide | /fishery/how-to-raise-white-shrimp-beginner | /fishery/how-to-raise-white-shrimp-problems | /fishery/how-to-raise-white-shrimp-cost | /fishery/how-to-raise-white-shrimp-compare | /fishery/how-to-raise-white-shrimp-calendar | /fishery/how-to-raise-white-shrimp-mistakes | /fishery/how-to-raise-white-shrimp-faq | /fishery/how-to-raise-white-shrimp-decision | /fishery/how-to-raise-white-shrimp-answer | /fishery/pond-white-shrimp-guide | /fishery/pond-white-shrimp-beginner | /fishery/pond-white-shrimp-problems | /fishery/pond-white-shrimp-cost | /fishery/pond-white-shrimp-compare | /fishery/pond-white-shrimp-calendar | /fishery/pond-white-shrimp-mistakes | /fishery/pond-white-shrimp-faq | /fishery/pond-white-shrimp-decision | /fishery/pond-white-shrimp-answer | /fishery/feed-white-shrimp-guide | /fishery/feed-white-shrimp-beginner | /fishery/feed-white-shrimp-problems | /fishery/feed-white-shrimp-cost | /fishery/feed-white-shrimp-compare | /fishery/feed-white-shrimp-calendar | /fishery/feed-white-shrimp-mistakes | /fishery/feed-white-shrimp-faq | /fishery/feed-white-shrimp-decision | /fishery/feed-white-shrimp-answer | /fishery/cost-white-shrimp-guide | /fishery/cost-white-shrimp-beginner | /fishery/cost-white-shrimp-problems | /fishery/cost-white-shrimp-cost | /fishery/cost-white-shrimp-compare | /fishery/cost-white-shrimp-calendar | /fishery/cost-white-shrimp-mistakes | /fishery/cost-white-shrimp-faq | /fishery/cost-white-shrimp-decision | /fishery/cost-white-shrimp-answer,P1:20 | P2:20,processed_existing_catalog,1,อาหาร กุ้งขาว
ปลากะพง,,ประมง / สัตว์น้ำ,ปลาเศรษฐกิจ,ปลากะพง,ต้นทุนเลี้ยงปลากะพง | บ่อเลี้ยงปลากะพง | วิธีเลี้ยงปลากะพง | อาหารปลากะพง,40,4161 | 4162 | 4163 | 4164 | 4165 | 4166 | 4167 | 4168 | 4169 | 4170 | 4171 | 4172 | 4173 | 4174 | 4175 | 4176 | 4177 | 4178 | 4179 | 4180 | 4181 | 4182 | 4183 | 4184 | 4185 | 4186 | 4187 | 4188 | 4189 | 4190 | 4191 | 4192 | 4193 | 4194 | 4195 | 4196 | 4197 | 4198 | 4199 | 4200,/fishery/how-to-raise-seabass-guide | /fishery/how-to-raise-seabass-beginner | /fishery/how-to-raise-seabass-problems | /fishery/how-to-raise-seabass-cost | /fishery/how-to-raise-seabass-compare | /fishery/how-to-raise-seabass-calendar | /fishery/how-to-raise-seabass-mistakes | /fishery/how-to-raise-seabass-faq | /fishery/how-to-raise-seabass-decision | /fishery/how-to-raise-seabass-answer | /fishery/pond-seabass-guide | /fishery/pond-seabass-beginner | /fishery/pond-seabass-problems | /fishery/pond-seabass-cost | /fishery/pond-seabass-compare | /fishery/pond-seabass-calendar | /fishery/pond-seabass-mistakes | /fishery/pond-seabass-faq | /fishery/pond-seabass-decision | /fishery/pond-seabass-answer | /fishery/feed-seabass-guide | /fishery/feed-seabass-beginner | /fishery/feed-seabass-problems | /fishery/feed-seabass-cost | /fishery/feed-seabass-compare | /fishery/feed-seabass-calendar | /fishery/feed-seabass-mistakes | /fishery/feed-seabass-faq | /fishery/feed-seabass-decision | /fishery/feed-seabass-answer | /fishery/cost-seabass-guide | /fishery/cost-seabass-beginner | /fishery/cost-seabass-problems | /fishery/cost-seabass-cost | /fishery/cost-seabass-compare | /fishery/cost-seabass-calendar | /fishery/cost-seabass-mistakes | /fishery/cost-seabass-faq | /fishery/cost-seabass-decision | /fishery/cost-seabass-answer,P1:20 | P2:20,processed_existing_catalog,1,อาหาร ปลากะพง
ปลาคาร์พ,,ประมง / สัตว์น้ำ,ปลาและบ่อประดับ,ปลาคาร์พ,ต้นทุนเลี้ยงปลาคาร์พ | บ่อเลี้ยงปลาคาร์พ | วิธีเลี้ยงปลาคาร์พ | อาหารปลาคาร์พ,40,4201 | 4202 | 4203 | 4204 | 4205 | 4206 | 4207 | 4208 | 4209 | 4210 | 4211 | 4212 | 4213 | 4214 | 4215 | 4216 | 4217 | 4218 | 4219 | 4220 | 4221 | 4222 | 4223 | 4224 | 4225 | 4226 | 4227 | 4228 | 4229 | 4230 | 4231 | 4232 | 4233 | 4234 | 4235 | 4236 | 4237 | 4238 | 4239 | 4240,/fishery/how-to-raise-carp-guide | /fishery/how-to-raise-carp-beginner | /fishery/how-to-raise-carp-problems | /fishery/how-to-raise-carp-cost | /fishery/how-to-raise-carp-compare | /fishery/how-to-raise-carp-calendar | /fishery/how-to-raise-carp-mistakes | /fishery/how-to-raise-carp-faq | /fishery/how-to-raise-carp-decision | /fishery/how-to-raise-carp-answer | /fishery/pond-carp-guide | /fishery/pond-carp-beginner | /fishery/pond-carp-problems | /fishery/pond-carp-cost | /fishery/pond-carp-compare | /fishery/pond-carp-calendar | /fishery/pond-carp-mistakes | /fishery/pond-carp-faq | /fishery/pond-carp-decision | /fishery/pond-carp-answer | /fishery/feed-carp-guide | /fishery/feed-carp-beginner | /fishery/feed-carp-problems | /fishery/feed-carp-cost | /fishery/feed-carp-compare | /fishery/feed-carp-calendar | /fishery/feed-carp-mistakes | /fishery/feed-carp-faq | /fishery/feed-carp-decision | /fishery/feed-carp-answer | /fishery/cost-carp-guide | /fishery/cost-carp-beginner | /fishery/cost-carp-problems | /fishery/cost-carp-cost | /fishery/cost-carp-compare | /fishery/cost-carp-calendar | /fishery/cost-carp-mistakes | /fishery/cost-carp-faq | /fishery/cost-carp-decision | /fishery/cost-carp-answer,P1:20 | P2:20,processed_existing_catalog,2,อาหาร ปลาคาร์พ | บ่อผ้าใบ ปลาคาร์พ
ปลาช่อน,,ประมง / สัตว์น้ำ,ปลาเศรษฐกิจ,ปลาช่อน,ต้นทุนเลี้ยงปลาช่อน | บ่อเลี้ยงปลาช่อน | วิธีเลี้ยงปลาช่อน | อาหารปลาช่อน,40,4081 | 4082 | 4083 | 4084 | 4085 | 4086 | 4087 | 4088 | 4089 | 4090 | 4091 | 4092 | 4093 | 4094 | 4095 | 4096 | 4097 | 4098 | 4099 | 4100 | 4101 | 4102 | 4103 | 4104 | 4105 | 4106 | 4107 | 4108 | 4109 | 4110 | 4111 | 4112 | 4113 | 4114 | 4115 | 4116 | 4117 | 4118 | 4119 | 4120,/fishery/how-to-raise-snakehead-guide | /fishery/how-to-raise-snakehead-beginner | /fishery/how-to-raise-snakehead-problems | /fishery/how-to-raise-snakehead-cost | /fishery/how-to-raise-snakehead-compare | /fishery/how-to-raise-snakehead-calendar | /fishery/how-to-raise-snakehead-mistakes | /fishery/how-to-raise-snakehead-faq | /fishery/how-to-raise-snakehead-decision | /fishery/how-to-raise-snakehead-answer | /fishery/pond-snakehead-guide | /fishery/pond-snakehead-beginner | /fishery/pond-snakehead-problems | /fishery/pond-snakehead-cost | /fishery/pond-snakehead-compare | /fishery/pond-snakehead-calendar | /fishery/pond-snakehead-mistakes | /fishery/pond-snakehead-faq | /fishery/pond-snakehead-decision | /fishery/pond-snakehead-answer | /fishery/feed-snakehead-guide | /fishery/feed-snakehead-beginner | /fishery/feed-snakehead-problems | /fishery/feed-snakehead-cost | /fishery/feed-snakehead-compare | /fishery/feed-snakehead-calendar | /fishery/feed-snakehead-mistakes | /fishery/feed-snakehead-faq | /fishery/feed-snakehead-decision | /fishery/feed-snakehead-answer | /fishery/cost-snakehead-guide | /fishery/cost-snakehead-beginner | /fishery/cost-snakehead-problems | /fishery/cost-snakehead-cost | /fishery/cost-snakehead-compare | /fishery/cost-snakehead-calendar | /fishery/cost-snakehead-mistakes | /fishery/cost-snakehead-faq | /fishery/cost-snakehead-decision | /fishery/cost-snakehead-answer,P1:20 | P2:20,processed_existing_catalog,1,อาหาร ปลาช่อน
ปลาดุก,,ประมง / สัตว์น้ำ,ปลาเศรษฐกิจ,ปลาดุก,ต้นทุนเลี้ยงปลาดุก | บ่อเลี้ยงปลาดุก | วิธีเลี้ยงปลาดุก | อาหารปลาดุก,40,4001 | 4002 | 4003 | 4004 | 4005 | 4006 | 4007 | 4008 | 4009 | 4010 | 4011 | 4012 | 4013 | 4014 | 4015 | 4016 | 4017 | 4018 | 4019 | 4020 | 4021 | 4022 | 4023 | 4024 | 4025 | 4026 | 4027 | 4028 | 4029 | 4030 | 4031 | 4032 | 4033 | 4034 | 4035 | 4036 | 4037 | 4038 | 4039 | 4040,/fishery/how-to-raise-catfish-guide | /fishery/how-to-raise-catfish-beginner | /fishery/how-to-raise-catfish-problems | /fishery/how-to-raise-catfish-cost | /fishery/how-to-raise-catfish-compare | /fishery/how-to-raise-catfish-calendar | /fishery/how-to-raise-catfish-mistakes | /fishery/how-to-raise-catfish-faq | /fishery/how-to-raise-catfish-decision | /fishery/how-to-raise-catfish-answer | /fishery/pond-catfish-guide | /fishery/pond-catfish-beginner | /fishery/pond-catfish-problems | /fishery/pond-catfish-cost | /fishery/pond-catfish-compare | /fishery/pond-catfish-calendar | /fishery/pond-catfish-mistakes | /fishery/pond-catfish-faq | /fishery/pond-catfish-decision | /fishery/pond-catfish-answer | /fishery/feed-catfish-guide | /fishery/feed-catfish-beginner | /fishery/feed-catfish-problems | /fishery/feed-catfish-cost | /fishery/feed-catfish-compare | /fishery/feed-catfish-calendar | /fishery/feed-catfish-mistakes | /fishery/feed-catfish-faq | /fishery/feed-catfish-decision | /fishery/feed-catfish-answer | /fishery/cost-catfish-guide | /fishery/cost-catfish-beginner | /fishery/cost-catfish-problems | /fishery/cost-catfish-cost | /fishery/cost-catfish-compare | /fishery/cost-catfish-calendar | /fishery/cost-catfish-mistakes | /fishery/cost-catfish-faq | /fishery/cost-catfish-decision | /fishery/cost-catfish-answer,P1:20 | P2:20,processed_existing_catalog,3,อาหาร ปลาดุก | บ่อผ้าใบ ปลาดุก | อาหารปลาดุก
ปลาตะเพียน,,ประมง / สัตว์น้ำ,ปลาเศรษฐกิจ,ปลาตะเพียน,ต้นทุนเลี้ยงปลาตะเพียน | บ่อเลี้ยงปลาตะเพียน | วิธีเลี้ยงปลาตะเพียน | อาหารปลาตะเพียน,40,4121 | 4122 | 4123 | 4124 | 4125 | 4126 | 4127 | 4128 | 4129 | 4130 | 4131 | 4132 | 4133 | 4134 | 4135 | 4136 | 4137 | 4138 | 4139 | 4140 | 4141 | 4142 | 4143 | 4144 | 4145 | 4146 | 4147 | 4148 | 4149 | 4150 | 4151 | 4152 | 4153 | 4154 | 4155 | 4156 | 4157 | 4158 | 4159 | 4160,/fishery/how-to-raise-silver-barb-guide | /fishery/how-to-raise-silver-barb-beginner | /fishery/how-to-raise-silver-barb-problems | /fishery/how-to-raise-silver-barb-cost | /fishery/how-to-raise-silver-barb-compare | /fishery/how-to-raise-silver-barb-calendar | /fishery/how-to-raise-silver-barb-mistakes | /fishery/how-to-raise-silver-barb-faq | /fishery/how-to-raise-silver-barb-decision | /fishery/how-to-raise-silver-barb-answer | /fishery/pond-silver-barb-guide | /fishery/pond-silver-barb-beginner | /fishery/pond-silver-barb-problems | /fishery/pond-silver-barb-cost | /fishery/pond-silver-barb-compare | /fishery/pond-silver-barb-calendar | /fishery/pond-silver-barb-mistakes | /fishery/pond-silver-barb-faq | /fishery/pond-silver-barb-decision | /fishery/pond-silver-barb-answer | /fishery/feed-silver-barb-guide | /fishery/feed-silver-barb-beginner | /fishery/feed-silver-barb-problems | /fishery/feed-silver-barb-cost | /fishery/feed-silver-barb-compare | /fishery/feed-silver-barb-calendar | /fishery/feed-silver-barb-mistakes | /fishery/feed-silver-barb-faq | /fishery/feed-silver-barb-decision | /fishery/feed-silver-barb-answer | /fishery/cost-silver-barb-guide | /fishery/cost-silver-barb-beginner | /fishery/cost-silver-barb-problems | /fishery/cost-silver-barb-cost | /fishery/cost-silver-barb-compare | /fishery/cost-silver-barb-calendar | /fishery/cost-silver-barb-mistakes | /fishery/cost-silver-barb-faq | /fishery/cost-silver-barb-decision | /fishery/cost-silver-barb-answer,P1:20 | P2:20,processed_existing_catalog,2,อาหาร ปลาตะเพียน | อาหารปลาตะเพียน
ปลานิล,,ประมง / สัตว์น้ำ,ปลาเศรษฐกิจ,ปลานิล,ต้นทุนเลี้ยงปลานิล | บ่อเลี้ยงปลานิล | วิธีเลี้ยงปลานิล | อาหารปลานิล,40,4041 | 4042 | 4043 | 4044 | 4045 | 4046 | 4047 | 4048 | 4049 | 4050 | 4051 | 4052 | 4053 | 4054 | 4055 | 4056 | 4057 | 4058 | 4059 | 4060 | 4061 | 4062 | 4063 | 4064 | 4065 | 4066 | 4067 | 4068 | 4069 | 4070 | 4071 | 4072 | 4073 | 4074 | 4075 | 4076 | 4077 | 4078 | 4079 | 4080,/fishery/how-to-raise-tilapia-guide | /fishery/how-to-raise-tilapia-beginner | /fishery/how-to-raise-tilapia-problems | /fishery/how-to-raise-tilapia-cost | /fishery/how-to-raise-tilapia-compare | /fishery/how-to-raise-tilapia-calendar | /fishery/how-to-raise-tilapia-mistakes | /fishery/how-to-raise-tilapia-faq | /fishery/how-to-raise-tilapia-decision | /fishery/how-to-raise-tilapia-answer | /fishery/pond-tilapia-guide | /fishery/pond-tilapia-beginner | /fishery/pond-tilapia-problems | /fishery/pond-tilapia-cost | /fishery/pond-tilapia-compare | /fishery/pond-tilapia-calendar | /fishery/pond-tilapia-mistakes | /fishery/pond-tilapia-faq | /fishery/pond-tilapia-decision | /fishery/pond-tilapia-answer | /fishery/feed-tilapia-guide | /fishery/feed-tilapia-beginner | /fishery/feed-tilapia-problems | /fishery/feed-tilapia-cost | /fishery/feed-tilapia-compare | /fishery/feed-tilapia-calendar | /fishery/feed-tilapia-mistakes | /fishery/feed-tilapia-faq | /fishery/feed-tilapia-decision | /fishery/feed-tilapia-answer | /fishery/cost-tilapia-guide | /fishery/cost-tilapia-beginner | /fishery/cost-tilapia-problems | /fishery/cost-tilapia-cost | /fishery/cost-tilapia-compare | /fishery/cost-tilapia-calendar | /fishery/cost-tilapia-mistakes | /fishery/cost-tilapia-faq | /fishery/cost-tilapia-decision | /fishery/cost-tilapia-answer,P1:20 | P2:20,processed_existing_catalog,1,อาหาร ปลานิล
ปูนา,,ประมง / สัตว์น้ำ,สัตว์น้ำพื้นบ้าน,ปูนา,ต้นทุนเลี้ยงปูนา | บ่อเลี้ยงปูนา | วิธีเลี้ยงปูนา | อาหารปูนา,40,4361 | 4362 | 4363 | 4364 | 4365 | 4366 | 4367 | 4368 | 4369 | 4370 | 4371 | 4372 | 4373 | 4374 | 4375 | 4376 | 4377 | 4378 | 4379 | 4380 | 4381 | 4382 | 4383 | 4384 | 4385 | 4386 | 4387 | 4388 | 4389 | 4390 | 4391 | 4392 | 4393 | 4394 | 4395 | 4396 | 4397 | 4398 | 4399 | 4400,/fishery/how-to-raise-rice-field-crab-guide | /fishery/how-to-raise-rice-field-crab-beginner | /fishery/how-to-raise-rice-field-crab-problems | /fishery/how-to-raise-rice-field-crab-cost | /fishery/how-to-raise-rice-field-crab-compare | /fishery/how-to-raise-rice-field-crab-calendar | /fishery/how-to-raise-rice-field-crab-mistakes | /fishery/how-to-raise-rice-field-crab-faq | /fishery/how-to-raise-rice-field-crab-decision | /fishery/how-to-raise-rice-field-crab-answer | /fishery/pond-rice-field-crab-guide | /fishery/pond-rice-field-crab-beginner | /fishery/pond-rice-field-crab-problems | /fishery/pond-rice-field-crab-cost | /fishery/pond-rice-field-crab-compare | /fishery/pond-rice-field-crab-calendar | /fishery/pond-rice-field-crab-mistakes | /fishery/pond-rice-field-crab-faq | /fishery/pond-rice-field-crab-decision | /fishery/pond-rice-field-crab-answer | /fishery/feed-rice-field-crab-guide | /fishery/feed-rice-field-crab-beginner | /fishery/feed-rice-field-crab-problems | /fishery/feed-rice-field-crab-cost | /fishery/feed-rice-field-crab-compare | /fishery/feed-rice-field-crab-calendar | /fishery/feed-rice-field-crab-mistakes | /fishery/feed-rice-field-crab-faq | /fishery/feed-rice-field-crab-decision | /fishery/feed-rice-field-crab-answer | /fishery/cost-rice-field-crab-guide | /fishery/cost-rice-field-crab-beginner | /fishery/cost-rice-field-crab-problems | /fishery/cost-rice-field-crab-cost | /fishery/cost-rice-field-crab-compare | /fishery/cost-rice-field-crab-calendar | /fishery/cost-rice-field-crab-mistakes | /fishery/cost-rice-field-crab-faq | /fishery/cost-rice-field-crab-decision | /fishery/cost-rice-field-crab-answer,P1:20 | P2:20,processed_existing_catalog,2,อาหาร ปูนา | บ่อผ้าใบ ปูนา
พื้นฐานประมง,,ประมง / สัตว์น้ำ,น้ำและบ่อ | ประมงผสมผสาน | ระบบเลี้ยงสัตว์น้ำ,พื้นฐานประมง,คุณภาพน้ำบ่อปลา | จำนวนปลาต่อบ่อ | บ่อปลาในสวนผสม | ไบโอฟล็อค | เลี้ยงปลาในบ่อผ้าใบ,420,4481 | 4482 | 4483 | 4484 | 4485 | 4486 | 4487 | 4488 | 4489 | 4490 | 4491 | 4492 | 4493 | 4494 | 4495 | 4496 | 4497 | 4498 | 4499 | 4500 | 4501 | 4502 | 4503 | 4504 | 4505 | 4506 | 4507 | 4508 | 4509 | 4510 | 4511 | 4512 | 4513 | 4514 | 4515 | 4516 | 4517 | 4518 | 4519 | 4520 | 4521 | 4522 | 4523 | 4524 | 4525 | 4526 | 4527 | 4528 | 4529 | 4530 | 4531 | 4532 | 4533 | 4534 | 4535 | 4536 | 4537 | 4538 | 4539 | 4540 | 4541 | 4542 | 4543 | 4544 | 4545 | 4546 | 4547 | 4548 | 4549 | 4550 | 4551 | 4552 | 4553 | 4554 | 4555 | 4556 | 4557 | 4558 | 4559 | 4560 | 4561 | 4562 | 4563 | 4564 | 4565 | 4566 | 4567 | 4568 | 4569 | 4570 | 4571 | 4572 | 4573 | 4574 | 4575 | 4576 | 4577 | 4578 | 4579 | 4580 | 4581 | 4582 | 4583 | 4584 | 4585 | 4586 | 4587 | 4588 | 4589 | 4590 | 4591 | 4592 | 4593 | 4594 | 4595 | 4596 | 4597 | 4598 | 4599 | 4600 | 4601 | 4602 | 4603 | 4604 | 4605 | 4606 | 4607 | 4608 | 4609 | 4610 | 4611 | 4612 | 4613 | 4614 | 4615 | 4616 | 4617 | 4618 | 4619 | 4620 | 4621 | 4622 | 4623 | 4624 | 4625 | 4626 | 4627 | 4628 | 4629 | 4630 | 4631 | 4632 | 4633 | 4634 | 4635 | 4636 | 4637 | 4638 | 4639 | 4640 | 4641 | 4642 | 4643 | 4644 | 4645 | 4646 | 4647 | 4648 | 4649 | 4650 | 4651 | 4652 | 4653 | 4654 | 4655 | 4656 | 4657 | 4658 | 4659 | 4660 | 4661 | 4662 | 4663 | 4664 | 4665 | 4666 | 4667 | 4668 | 4669 | 4670 | 4671 | 4672 | 4673 | 4674 | 4675 | 4676 | 4677 | 4678 | 4679 | 4680 | 4681 | 4682 | 4683 | 4684 | 4685 | 4686 | 4687 | 4688 | 4689 | 4690 | 4691 | 4692 | 4693 | 4694 | 4695 | 4696 | 4697 | 4698 | 4699 | 4700 | 4701 | 4702 | 4703 | 4704 | 4705 | 4706 | 4707 | 4708 | 4709 | 4710 | 4711 | 4712 | 4713 | 4714 | 4715 | 4716 | 4717 | 4718 | 4719 | 4720 | 4721 | 4722 | 4723 | 4724 | 4725 | 4726 | 4727 | 4728 | 4729 | 4730 | 4731 | 4732 | 4733 | 4734 | 4735 | 4736 | 4737 | 4738 | 4739 | 4740 | 4741 | 4742 | 4743 | 4744 | 4745 | 4746 | 4747 | 4748 | 4749 | 4750 | 4751 | 4752 | 4753 | 4754 | 4755 | 4756 | 4757 | 4758 | 4759 | 4760 | 4761 | 4762 | 4763 | 4764 | 4765 | 4766 | 4767 | 4768 | 4769 | 4770 | 4771 | 4772 | 4773 | 4774 | 4775 | 4776 | 4777 | 4778 | 4779 | 4780 | 4781 | 4782 | 4783 | 4784 | 4785 | 4786 | 4787 | 4788 | 4789 | 4790 | 4791 | 4792 | 4793 | 4794 | 4795 | 4796 | 4797 | 4798 | 4799 | 4800 | 4801 | 4802 | 4803 | 4804 | 4805 | 4806 | 4807 | 4808 | 4809 | 4810 | 4811 | 4812 | 4813 | 4814 | 4815 | 4816 | 4817 | 4818 | 4819 | 4820 | 4821 | 4822 | 4823 | 4824 | 4825 | 4826 | 4827 | 4828 | 4829 | 4830 | 4831 | 4832 | 4833 | 4834 | 4835 | 4836 | 4837 | 4838 | 4839 | 4840 | 4841 | 4842 | 4843 | 4844 | 4845 | 4846 | 4847 | 4848 | 4849 | 4850 | 4851 | 4852 | 4853 | 4854 | 4855 | 4856 | 4857 | 4858 | 4859 | 4860 | 4861 | 4862 | 4863 | 4864 | 4865 | 4866 | 4867 | 4868 | 4869 | 4870 | 4871 | 4872 | 4873 | 4874 | 4875 | 4876 | 4877 | 4878 | 4879 | 4880 | 4881 | 4882 | 4883 | 4884 | 4885 | 4886 | 4887 | 4888 | 4889 | 4890 | 4891 | 4892 | 4893 | 4894 | 4895 | 4896 | 4897 | 4898 | 4899 | 4900,/fishery/fish-pond-mixed-farm-49-guide | /fishery/fish-pond-mixed-farm-49-beginner | /fishery/fish-pond-mixed-farm-49-problems | /fishery/fish-pond-mixed-farm-49-cost | /fishery/fish-pond-mixed-farm-49-compare | /fishery/fish-pond-mixed-farm-49-calendar | /fishery/fish-pond-mixed-farm-49-mistakes | /fishery/fish-pond-mixed-farm-49-faq | /fishery/fish-pond-mixed-farm-49-decision | /fishery/fish-pond-mixed-farm-49-answer | /fishery/water-quality-pond-50-guide | /fishery/water-quality-pond-50-beginner | /fishery/water-quality-pond-50-problems | /fishery/water-quality-pond-50-cost | /fishery/water-quality-pond-50-compare | /fishery/water-quality-pond-50-calendar | /fishery/water-quality-pond-50-mistakes | /fishery/water-quality-pond-50-faq | /fishery/water-quality-pond-50-decision | /fishery/water-quality-pond-50-answer | /fishery/biofloc-small-farm-51-guide | /fishery/biofloc-small-farm-51-beginner | /fishery/biofloc-small-farm-51-problems | /fishery/biofloc-small-farm-51-cost | /fishery/biofloc-small-farm-51-compare | /fishery/biofloc-small-farm-51-calendar | /fishery/biofloc-small-farm-51-mistakes | /fishery/biofloc-small-farm-51-faq | /fishery/biofloc-small-farm-51-decision | /fishery/biofloc-small-farm-51-answer | /fishery/canvas-pond-fish-52-guide | /fishery/canvas-pond-fish-52-beginner | /fishery/canvas-pond-fish-52-problems | /fishery/canvas-pond-fish-52-cost | /fishery/canvas-pond-fish-52-compare | /fishery/canvas-pond-fish-52-calendar | /fishery/canvas-pond-fish-52-mistakes | /fishery/canvas-pond-fish-52-faq | /fishery/canvas-pond-fish-52-decision | /fishery/canvas-pond-fish-52-answer | /fishery/stocking-density-53-guide | /fishery/stocking-density-53-beginner | /fishery/stocking-density-53-problems | /fishery/stocking-density-53-cost | /fishery/stocking-density-53-compare | /fishery/stocking-density-53-calendar | /fishery/stocking-density-53-mistakes | /fishery/stocking-density-53-faq | /fishery/stocking-density-53-decision | /fishery/stocking-density-53-answer | /fishery/fish-pond-mixed-farm-54-guide | /fishery/fish-pond-mixed-farm-54-beginner | /fishery/fish-pond-mixed-farm-54-problems | /fishery/fish-pond-mixed-farm-54-cost | /fishery/fish-pond-mixed-farm-54-compare | /fishery/fish-pond-mixed-farm-54-calendar | /fishery/fish-pond-mixed-farm-54-mistakes | /fishery/fish-pond-mixed-farm-54-faq | /fishery/fish-pond-mixed-farm-54-decision | /fishery/fish-pond-mixed-farm-54-answer | /fishery/water-quality-pond-55-guide | /fishery/water-quality-pond-55-beginner | /fishery/water-quality-pond-55-problems | /fishery/water-quality-pond-55-cost | /fishery/water-quality-pond-55-compare | /fishery/water-quality-pond-55-calendar | /fishery/water-quality-pond-55-mistakes | /fishery/water-quality-pond-55-faq | /fishery/water-quality-pond-55-decision | /fishery/water-quality-pond-55-answer | /fishery/biofloc-small-farm-56-guide | /fishery/biofloc-small-farm-56-beginner | /fishery/biofloc-small-farm-56-problems | /fishery/biofloc-small-farm-56-cost | /fishery/biofloc-small-farm-56-compare | /fishery/biofloc-small-farm-56-calendar | /fishery/biofloc-small-farm-56-mistakes | /fishery/biofloc-small-farm-56-faq | /fishery/biofloc-small-farm-56-decision | /fishery/biofloc-small-farm-56-answer | /fishery/canvas-pond-fish-57-guide | /fishery/canvas-pond-fish-57-beginner | /fishery/canvas-pond-fish-57-problems | /fishery/canvas-pond-fish-57-cost | /fishery/canvas-pond-fish-57-compare | /fishery/canvas-pond-fish-57-calendar | /fishery/canvas-pond-fish-57-mistakes | /fishery/canvas-pond-fish-57-faq | /fishery/canvas-pond-fish-57-decision | /fishery/canvas-pond-fish-57-answer | /fishery/stocking-density-58-guide | /fishery/stocking-density-58-beginner | /fishery/stocking-density-58-problems | /fishery/stocking-density-58-cost | /fishery/stocking-density-58-compare | /fishery/stocking-density-58-calendar | /fishery/stocking-density-58-mistakes | /fishery/stocking-density-58-faq | /fishery/stocking-density-58-decision | /fishery/stocking-density-58-answer | /fishery/fish-pond-mixed-farm-59-guide | /fishery/fish-pond-mixed-farm-59-beginner | /fishery/fish-pond-mixed-farm-59-problems | /fishery/fish-pond-mixed-farm-59-cost | /fishery/fish-pond-mixed-farm-59-compare | /fishery/fish-pond-mixed-farm-59-calendar | /fishery/fish-pond-mixed-farm-59-mistakes | /fishery/fish-pond-mixed-farm-59-faq | /fishery/fish-pond-mixed-farm-59-decision | /fishery/fish-pond-mixed-farm-59-answer | /fishery/water-quality-pond-60-guide | /fishery/water-quality-pond-60-beginner | /fishery/water-quality-pond-60-problems | /fishery/water-quality-pond-60-cost | /fishery/water-quality-pond-60-compare | /fishery/water-quality-pond-60-calendar | /fishery/water-quality-pond-60-mistakes | /fishery/water-quality-pond-60-faq | /fishery/water-quality-pond-60-decision | /fishery/water-quality-pond-60-answer | /fishery/biofloc-small-farm-61-guide | /fishery/biofloc-small-farm-61-beginner | /fishery/biofloc-small-farm-61-problems | /fishery/biofloc-small-farm-61-cost | /fishery/biofloc-small-farm-61-compare | /fishery/biofloc-small-farm-61-calendar | /fishery/biofloc-small-farm-61-mistakes | /fishery/biofloc-small-farm-61-faq | /fishery/biofloc-small-farm-61-decision | /fishery/biofloc-small-farm-61-answer | /fishery/canvas-pond-fish-62-guide | /fishery/canvas-pond-fish-62-beginner | /fishery/canvas-pond-fish-62-problems | /fishery/canvas-pond-fish-62-cost | /fishery/canvas-pond-fish-62-compare | /fishery/canvas-pond-fish-62-calendar | /fishery/canvas-pond-fish-62-mistakes | /fishery/canvas-pond-fish-62-faq | /fishery/canvas-pond-fish-62-decision | /fishery/canvas-pond-fish-62-answer | /fishery/stocking-density-63-guide | /fishery/stocking-density-63-beginner | /fishery/stocking-density-63-problems | /fishery/stocking-density-63-cost | /fishery/stocking-density-63-compare | /fishery/stocking-density-63-calendar | /fishery/stocking-density-63-mistakes | /fishery/stocking-density-63-faq | /fishery/stocking-density-63-decision | /fishery/stocking-density-63-answer | /fishery/fish-pond-mixed-farm-64-guide | /fishery/fish-pond-mixed-farm-64-beginner | /fishery/fish-pond-mixed-farm-64-problems | /fishery/fish-pond-mixed-farm-64-cost | /fishery/fish-pond-mixed-farm-64-compare | /fishery/fish-pond-mixed-farm-64-calendar | /fishery/fish-pond-mixed-farm-64-mistakes | /fishery/fish-pond-mixed-farm-64-faq | /fishery/fish-pond-mixed-farm-64-decision | /fishery/fish-pond-mixed-farm-64-answer | /fishery/water-quality-pond-65-guide | /fishery/water-quality-pond-65-beginner | /fishery/water-quality-pond-65-problems | /fishery/water-quality-pond-65-cost | /fishery/water-quality-pond-65-compare | /fishery/water-quality-pond-65-calendar | /fishery/water-quality-pond-65-mistakes | /fishery/water-quality-pond-65-faq | /fishery/water-quality-pond-65-decision | /fishery/water-quality-pond-65-answer | /fishery/biofloc-small-farm-66-guide | /fishery/biofloc-small-farm-66-beginner | /fishery/biofloc-small-farm-66-problems | /fishery/biofloc-small-farm-66-cost | /fishery/biofloc-small-farm-66-compare | /fishery/biofloc-small-farm-66-calendar | /fishery/biofloc-small-farm-66-mistakes | /fishery/biofloc-small-farm-66-faq | /fishery/biofloc-small-farm-66-decision | /fishery/biofloc-small-farm-66-answer | /fishery/canvas-pond-fish-67-guide | /fishery/canvas-pond-fish-67-beginner | /fishery/canvas-pond-fish-67-problems | /fishery/canvas-pond-fish-67-cost | /fishery/canvas-pond-fish-67-compare | /fishery/canvas-pond-fish-67-calendar | /fishery/canvas-pond-fish-67-mistakes | /fishery/canvas-pond-fish-67-faq | /fishery/canvas-pond-fish-67-decision | /fishery/canvas-pond-fish-67-answer | /fishery/stocking-density-68-guide | /fishery/stocking-density-68-beginner | /fishery/stocking-density-68-problems | /fishery/stocking-density-68-cost | /fishery/stocking-density-68-compare | /fishery/stocking-density-68-calendar | /fishery/stocking-density-68-mistakes | /fishery/stocking-density-68-faq | /fishery/stocking-density-68-decision | /fishery/stocking-density-68-answer | /fishery/fish-pond-mixed-farm-69-guide | /fishery/fish-pond-mixed-farm-69-beginner | /fishery/fish-pond-mixed-farm-69-problems | /fishery/fish-pond-mixed-farm-69-cost | /fishery/fish-pond-mixed-farm-69-compare | /fishery/fish-pond-mixed-farm-69-calendar | /fishery/fish-pond-mixed-farm-69-mistakes | /fishery/fish-pond-mixed-farm-69-faq | /fishery/fish-pond-mixed-farm-69-decision | /fishery/fish-pond-mixed-farm-69-answer | /fishery/water-quality-pond-70-guide | /fishery/water-quality-pond-70-beginner | /fishery/water-quality-pond-70-problems | /fishery/water-quality-pond-70-cost | /fishery/water-quality-pond-70-compare | /fishery/water-quality-pond-70-calendar | /fishery/water-quality-pond-70-mistakes | /fishery/water-quality-pond-70-faq | /fishery/water-quality-pond-70-decision | /fishery/water-quality-pond-70-answer | /fishery/biofloc-small-farm-71-guide | /fishery/biofloc-small-farm-71-beginner | /fishery/biofloc-small-farm-71-problems | /fishery/biofloc-small-farm-71-cost | /fishery/biofloc-small-farm-71-compare | /fishery/biofloc-small-farm-71-calendar | /fishery/biofloc-small-farm-71-mistakes | /fishery/biofloc-small-farm-71-faq | /fishery/biofloc-small-farm-71-decision | /fishery/biofloc-small-farm-71-answer | /fishery/canvas-pond-fish-72-guide | /fishery/canvas-pond-fish-72-beginner | /fishery/canvas-pond-fish-72-problems | /fishery/canvas-pond-fish-72-cost | /fishery/canvas-pond-fish-72-compare | /fishery/canvas-pond-fish-72-calendar | /fishery/canvas-pond-fish-72-mistakes | /fishery/canvas-pond-fish-72-faq | /fishery/canvas-pond-fish-72-decision | /fishery/canvas-pond-fish-72-answer | /fishery/stocking-density-73-guide | /fishery/stocking-density-73-beginner | /fishery/stocking-density-73-problems | /fishery/stocking-density-73-cost | /fishery/stocking-density-73-compare | /fishery/stocking-density-73-calendar | /fishery/stocking-density-73-mistakes | /fishery/stocking-density-73-faq | /fishery/stocking-density-73-decision | /fishery/stocking-density-73-answer | /fishery/fish-pond-mixed-farm-74-guide | /fishery/fish-pond-mixed-farm-74-beginner | /fishery/fish-pond-mixed-farm-74-problems | /fishery/fish-pond-mixed-farm-74-cost | /fishery/fish-pond-mixed-farm-74-compare | /fishery/fish-pond-mixed-farm-74-calendar | /fishery/fish-pond-mixed-farm-74-mistakes | /fishery/fish-pond-mixed-farm-74-faq | /fishery/fish-pond-mixed-farm-74-decision | /fishery/fish-pond-mixed-farm-74-answer | /fishery/water-quality-pond-75-guide | /fishery/water-quality-pond-75-beginner | /fishery/water-quality-pond-75-problems | /fishery/water-quality-pond-75-cost | /fishery/water-quality-pond-75-compare | /fishery/water-quality-pond-75-calendar | /fishery/water-quality-pond-75-mistakes | /fishery/water-quality-pond-75-faq | /fishery/water-quality-pond-75-decision | /fishery/water-quality-pond-75-answer | /fishery/biofloc-small-farm-76-guide | /fishery/biofloc-small-farm-76-beginner | /fishery/biofloc-small-farm-76-problems | /fishery/biofloc-small-farm-76-cost | /fishery/biofloc-small-farm-76-compare | /fishery/biofloc-small-farm-76-calendar | /fishery/biofloc-small-farm-76-mistakes | /fishery/biofloc-small-farm-76-faq | /fishery/biofloc-small-farm-76-decision | /fishery/biofloc-small-farm-76-answer | /fishery/canvas-pond-fish-77-guide | /fishery/canvas-pond-fish-77-beginner | /fishery/canvas-pond-fish-77-problems | /fishery/canvas-pond-fish-77-cost | /fishery/canvas-pond-fish-77-compare | /fishery/canvas-pond-fish-77-calendar | /fishery/canvas-pond-fish-77-mistakes | /fishery/canvas-pond-fish-77-faq | /fishery/canvas-pond-fish-77-decision | /fishery/canvas-pond-fish-77-answer | /fishery/stocking-density-78-guide | /fishery/stocking-density-78-beginner | /fishery/stocking-density-78-problems | /fishery/stocking-density-78-cost | /fishery/stocking-density-78-compare | /fishery/stocking-density-78-calendar | /fishery/stocking-density-78-mistakes | /fishery/stocking-density-78-faq | /fishery/stocking-density-78-decision | /fishery/stocking-density-78-answer | /fishery/fish-pond-mixed-farm-79-guide | /fishery/fish-pond-mixed-farm-79-beginner | /fishery/fish-pond-mixed-farm-79-problems | /fishery/fish-pond-mixed-farm-79-cost | /fishery/fish-pond-mixed-farm-79-compare | /fishery/fish-pond-mixed-farm-79-calendar | /fishery/fish-pond-mixed-farm-79-mistakes | /fishery/fish-pond-mixed-farm-79-faq | /fishery/fish-pond-mixed-farm-79-decision | /fishery/fish-pond-mixed-farm-79-answer | /fishery/water-quality-pond-80-guide | /fishery/water-quality-pond-80-beginner | /fishery/water-quality-pond-80-problems | /fishery/water-quality-pond-80-cost | /fishery/water-quality-pond-80-compare | /fishery/water-quality-pond-80-calendar | /fishery/water-quality-pond-80-mistakes | /fishery/water-quality-pond-80-faq | /fishery/water-quality-pond-80-decision | /fishery/water-quality-pond-80-answer | /fishery/biofloc-small-farm-81-guide | /fishery/biofloc-small-farm-81-beginner | /fishery/biofloc-small-farm-81-problems | /fishery/biofloc-small-farm-81-cost | /fishery/biofloc-small-farm-81-compare | /fishery/biofloc-small-farm-81-calendar | /fishery/biofloc-small-farm-81-mistakes | /fishery/biofloc-small-farm-81-faq | /fishery/biofloc-small-farm-81-decision | /fishery/biofloc-small-farm-81-answer | /fishery/canvas-pond-fish-82-guide | /fishery/canvas-pond-fish-82-beginner | /fishery/canvas-pond-fish-82-problems | /fishery/canvas-pond-fish-82-cost | /fishery/canvas-pond-fish-82-compare | /fishery/canvas-pond-fish-82-calendar | /fishery/canvas-pond-fish-82-mistakes | /fishery/canvas-pond-fish-82-faq | /fishery/canvas-pond-fish-82-decision | /fishery/canvas-pond-fish-82-answer | /fishery/stocking-density-83-guide | /fishery/stocking-density-83-beginner | /fishery/stocking-density-83-problems | /fishery/stocking-density-83-cost | /fishery/stocking-density-83-compare | /fishery/stocking-density-83-calendar | /fishery/stocking-density-83-mistakes | /fishery/stocking-density-83-faq | /fishery/stocking-density-83-decision | /fishery/stocking-density-83-answer | /fishery/fish-pond-mixed-farm-84-guide | /fishery/fish-pond-mixed-farm-84-beginner | /fishery/fish-pond-mixed-farm-84-problems | /fishery/fish-pond-mixed-farm-84-cost | /fishery/fish-pond-mixed-farm-84-compare | /fishery/fish-pond-mixed-farm-84-calendar | /fishery/fish-pond-mixed-farm-84-mistakes | /fishery/fish-pond-mixed-farm-84-faq | /fishery/fish-pond-mixed-farm-84-decision | /fishery/fish-pond-mixed-farm-84-answer | /fishery/water-quality-pond-85-guide | /fishery/water-quality-pond-85-beginner | /fishery/water-quality-pond-85-problems | /fishery/water-quality-pond-85-cost | /fishery/water-quality-pond-85-compare | /fishery/water-quality-pond-85-calendar | /fishery/water-quality-pond-85-mistakes | /fishery/water-quality-pond-85-faq | /fishery/water-quality-pond-85-decision | /fishery/water-quality-pond-85-answer | /fishery/biofloc-small-farm-86-guide | /fishery/biofloc-small-farm-86-beginner | /fishery/biofloc-small-farm-86-problems | /fishery/biofloc-small-farm-86-cost | /fishery/biofloc-small-farm-86-compare | /fishery/biofloc-small-farm-86-calendar | /fishery/biofloc-small-farm-86-mistakes | /fishery/biofloc-small-farm-86-faq | /fishery/biofloc-small-farm-86-decision | /fishery/biofloc-small-farm-86-answer | /fishery/canvas-pond-fish-87-guide | /fishery/canvas-pond-fish-87-beginner | /fishery/canvas-pond-fish-87-problems | /fishery/canvas-pond-fish-87-cost | /fishery/canvas-pond-fish-87-compare | /fishery/canvas-pond-fish-87-calendar | /fishery/canvas-pond-fish-87-mistakes | /fishery/canvas-pond-fish-87-faq | /fishery/canvas-pond-fish-87-decision | /fishery/canvas-pond-fish-87-answer | /fishery/stocking-density-88-guide | /fishery/stocking-density-88-beginner | /fishery/stocking-density-88-problems | /fishery/stocking-density-88-cost | /fishery/stocking-density-88-compare | /fishery/stocking-density-88-calendar | /fishery/stocking-density-88-mistakes | /fishery/stocking-density-88-faq | /fishery/stocking-density-88-decision | /fishery/stocking-density-88-answer | /fishery/fish-pond-mixed-farm-89-guide | /fishery/fish-pond-mixed-farm-89-beginner | /fishery/fish-pond-mixed-farm-89-problems | /fishery/fish-pond-mixed-farm-89-cost | /fishery/fish-pond-mixed-farm-89-compare | /fishery/fish-pond-mixed-farm-89-calendar | /fishery/fish-pond-mixed-farm-89-mistakes | /fishery/fish-pond-mixed-farm-89-faq | /fishery/fish-pond-mixed-farm-89-decision | /fishery/fish-pond-mixed-farm-89-answer | /fishery/water-quality-pond-90-guide | /fishery/water-quality-pond-90-beginner | /fishery/water-quality-pond-90-problems | /fishery/water-quality-pond-90-cost | /fishery/water-quality-pond-90-compare | /fishery/water-quality-pond-90-calendar | /fishery/water-quality-pond-90-mistakes | /fishery/water-quality-pond-90-faq | /fishery/water-quality-pond-90-decision | /fishery/water-quality-pond-90-answer,P2:420,processed_existing_catalog,4,บ่อปลาในสวนผสม | คุณภาพน้ำบ่อปลา | ไบโอฟล็อค | อาหาร ปลาในบ่อผ้าใบ
หอยขม,,ประมง / สัตว์น้ำ,หอย,หอยขม,ต้นทุนเลี้ยงหอยขม | บ่อเลี้ยงหอยขม | วิธีเลี้ยงหอยขม | อาหารหอยขม,40,4401 | 4402 | 4403 | 4404 | 4405 | 4406 | 4407 | 4408 | 4409 | 4410 | 4411 | 4412 | 4413 | 4414 | 4415 | 4416 | 4417 | 4418 | 4419 | 4420 | 4421 | 4422 | 4423 | 4424 | 4425 | 4426 | 4427 | 4428 | 4429 | 4430 | 4431 | 4432 | 4433 | 4434 | 4435 | 4436 | 4437 | 4438 | 4439 | 4440,/fishery/how-to-raise-freshwater-snail-guide | /fishery/how-to-raise-freshwater-snail-beginner | /fishery/how-to-raise-freshwater-snail-problems | /fishery/how-to-raise-freshwater-snail-cost | /fishery/how-to-raise-freshwater-snail-compare | /fishery/how-to-raise-freshwater-snail-calendar | /fishery/how-to-raise-freshwater-snail-mistakes | /fishery/how-to-raise-freshwater-snail-faq | /fishery/how-to-raise-freshwater-snail-decision | /fishery/how-to-raise-freshwater-snail-answer | /fishery/pond-freshwater-snail-guide | /fishery/pond-freshwater-snail-beginner | /fishery/pond-freshwater-snail-problems | /fishery/pond-freshwater-snail-cost | /fishery/pond-freshwater-snail-compare | /fishery/pond-freshwater-snail-calendar | /fishery/pond-freshwater-snail-mistakes | /fishery/pond-freshwater-snail-faq | /fishery/pond-freshwater-snail-decision | /fishery/pond-freshwater-snail-answer | /fishery/feed-freshwater-snail-guide | /fishery/feed-freshwater-snail-beginner | /fishery/feed-freshwater-snail-problems | /fishery/feed-freshwater-snail-cost | /fishery/feed-freshwater-snail-compare | /fishery/feed-freshwater-snail-calendar | /fishery/feed-freshwater-snail-mistakes | /fishery/feed-freshwater-snail-faq | /fishery/feed-freshwater-snail-decision | /fishery/feed-freshwater-snail-answer | /fishery/cost-freshwater-snail-guide | /fishery/cost-freshwater-snail-beginner | /fishery/cost-freshwater-snail-problems | /fishery/cost-freshwater-snail-cost | /fishery/cost-freshwater-snail-compare | /fishery/cost-freshwater-snail-calendar | /fishery/cost-freshwater-snail-mistakes | /fishery/cost-freshwater-snail-faq | /fishery/cost-freshwater-snail-decision | /fishery/cost-freshwater-snail-answer,P1:20 | P2:20,processed_existing_catalog,2,อาหาร หอยขม | อาหารหอยขม
หอยเชอรี่เพื่ออาหารสัตว์,,ประมง / สัตว์น้ำ,สัตว์น้ำ/อาหารสัตว์,หอยเชอรี่เพื่ออาหารสัตว์,ต้นทุนเลี้ยงหอยเชอรี่เพื่ออาหารสัตว์ | บ่อเลี้ยงหอยเชอรี่เพื่ออาหารสัตว์ | วิธีเลี้ยงหอยเชอรี่เพื่ออาหารสัตว์ | อาหารหอยเชอรี่เพื่ออาหารสัตว์,40,4441 | 4442 | 4443 | 4444 | 4445 | 4446 | 4447 | 4448 | 4449 | 4450 | 4451 | 4452 | 4453 | 4454 | 4455 | 4456 | 4457 | 4458 | 4459 | 4460 | 4461 | 4462 | 4463 | 4464 | 4465 | 4466 | 4467 | 4468 | 4469 | 4470 | 4471 | 4472 | 4473 | 4474 | 4475 | 4476 | 4477 | 4478 | 4479 | 4480,/fishery/how-to-raise-golden-apple-snail-feed-guide | /fishery/how-to-raise-golden-apple-snail-feed-beginner | /fishery/how-to-raise-golden-apple-snail-feed-problems | /fishery/how-to-raise-golden-apple-snail-feed-cost | /fishery/how-to-raise-golden-apple-snail-feed-compare | /fishery/how-to-raise-golden-apple-snail-feed-calendar | /fishery/how-to-raise-golden-apple-snail-feed-mistakes | /fishery/how-to-raise-golden-apple-snail-feed-faq | /fishery/how-to-raise-golden-apple-snail-feed-decision | /fishery/how-to-raise-golden-apple-snail-feed-answer | /fishery/pond-golden-apple-snail-feed-guide | /fishery/pond-golden-apple-snail-feed-beginner | /fishery/pond-golden-apple-snail-feed-problems | /fishery/pond-golden-apple-snail-feed-cost | /fishery/pond-golden-apple-snail-feed-compare | /fishery/pond-golden-apple-snail-feed-calendar | /fishery/pond-golden-apple-snail-feed-mistakes | /fishery/pond-golden-apple-snail-feed-faq | /fishery/pond-golden-apple-snail-feed-decision | /fishery/pond-golden-apple-snail-feed-answer | /fishery/feed-golden-apple-snail-feed-guide | /fishery/feed-golden-apple-snail-feed-beginner | /fishery/feed-golden-apple-snail-feed-problems | /fishery/feed-golden-apple-snail-feed-cost | /fishery/feed-golden-apple-snail-feed-compare | /fishery/feed-golden-apple-snail-feed-calendar | /fishery/feed-golden-apple-snail-feed-mistakes | /fishery/feed-golden-apple-snail-feed-faq | /fishery/feed-golden-apple-snail-feed-decision | /fishery/feed-golden-apple-snail-feed-answer | /fishery/cost-golden-apple-snail-feed-guide | /fishery/cost-golden-apple-snail-feed-beginner | /fishery/cost-golden-apple-snail-feed-problems | /fishery/cost-golden-apple-snail-feed-cost | /fishery/cost-golden-apple-snail-feed-compare | /fishery/cost-golden-apple-snail-feed-calendar | /fishery/cost-golden-apple-snail-feed-mistakes | /fishery/cost-golden-apple-snail-feed-faq | /fishery/cost-golden-apple-snail-feed-decision | /fishery/cost-golden-apple-snail-feed-answer,P1:20 | P2:20,processed_existing_catalog,1,อาหาร หอยเชอรี่เพื่ออาหารสัตว์
กระชาย,,ปลูกพืช,สมุนไพรและพืชสุขภาพ,กระชาย,ดูแลกระชาย | ปฏิทินปลูกกระชาย | พันธุ์กระชาย | วิธีปลูกกระชาย,40,1281 | 1282 | 1283 | 1284 | 1285 | 1286 | 1287 | 1288 | 1289 | 1290 | 1291 | 1292 | 1293 | 1294 | 1295 | 1296 | 1297 | 1298 | 1299 | 1300 | 1301 | 1302 | 1303 | 1304 | 1305 | 1306 | 1307 | 1308 | 1309 | 1310 | 1311 | 1312 | 1313 | 1314 | 1315 | 1316 | 1317 | 1318 | 1319 | 1320,/plants/how-to-grow-fingerroot-guide | /plants/how-to-grow-fingerroot-beginner | /plants/how-to-grow-fingerroot-problems | /plants/how-to-grow-fingerroot-cost | /plants/how-to-grow-fingerroot-compare | /plants/how-to-grow-fingerroot-calendar | /plants/how-to-grow-fingerroot-mistakes | /plants/how-to-grow-fingerroot-faq | /plants/how-to-grow-fingerroot-decision | /plants/how-to-grow-fingerroot-answer | /plants/calendar-fingerroot-guide | /plants/calendar-fingerroot-beginner | /plants/calendar-fingerroot-problems | /plants/calendar-fingerroot-cost | /plants/calendar-fingerroot-compare | /plants/calendar-fingerroot-calendar | /plants/calendar-fingerroot-mistakes | /plants/calendar-fingerroot-faq | /plants/calendar-fingerroot-decision | /plants/calendar-fingerroot-answer | /plants/choose-variety-fingerroot-guide | /plants/choose-variety-fingerroot-beginner | /plants/choose-variety-fingerroot-problems | /plants/choose-variety-fingerroot-cost | /plants/choose-variety-fingerroot-compare | /plants/choose-variety-fingerroot-calendar | /plants/choose-variety-fingerroot-mistakes | /plants/choose-variety-fingerroot-faq | /plants/choose-variety-fingerroot-decision | /plants/choose-variety-fingerroot-answer | /plants/care-fingerroot-guide | /plants/care-fingerroot-beginner | /plants/care-fingerroot-problems | /plants/care-fingerroot-cost | /plants/care-fingerroot-compare | /plants/care-fingerroot-calendar | /plants/care-fingerroot-mistakes | /plants/care-fingerroot-faq | /plants/care-fingerroot-decision | /plants/care-fingerroot-answer,P1:10 | P2:30,processed_existing_catalog,2,เมล็ดพันธุ์ กระชาย
กระเทียม,,ปลูกพืช,ผักสวนครัวและสมุนไพร,กระเทียม,ดูแลกระเทียม | ปฏิทินปลูกกระเทียม | พันธุ์กระเทียม | วิธีปลูกกระเทียม,40,1321 | 1322 | 1323 | 1324 | 1325 | 1326 | 1327 | 1328 | 1329 | 1330 | 1331 | 1332 | 1333 | 1334 | 1335 | 1336 | 1337 | 1338 | 1339 | 1340 | 1341 | 1342 | 1343 | 1344 | 1345 | 1346 | 1347 | 1348 | 1349 | 1350 | 1351 | 1352 | 1353 | 1354 | 1355 | 1356 | 1357 | 1358 | 1359 | 1360,/plants/how-to-grow-garlic-guide | /plants/how-to-grow-garlic-beginner | /plants/how-to-grow-garlic-problems | /plants/how-to-grow-garlic-cost | /plants/how-to-grow-garlic-compare | /plants/how-to-grow-garlic-calendar | /plants/how-to-grow-garlic-mistakes | /plants/how-to-grow-garlic-faq | /plants/how-to-grow-garlic-decision | /plants/how-to-grow-garlic-answer | /plants/calendar-garlic-guide | /plants/calendar-garlic-beginner | /plants/calendar-garlic-problems | /plants/calendar-garlic-cost | /plants/calendar-garlic-compare | /plants/calendar-garlic-calendar | /plants/calendar-garlic-mistakes | /plants/calendar-garlic-faq | /plants/calendar-garlic-decision | /plants/calendar-garlic-answer | /plants/choose-variety-garlic-guide | /plants/choose-variety-garlic-beginner | /plants/choose-variety-garlic-problems | /plants/choose-variety-garlic-cost | /plants/choose-variety-garlic-compare | /plants/choose-variety-garlic-calendar | /plants/choose-variety-garlic-mistakes | /plants/choose-variety-garlic-faq | /plants/choose-variety-garlic-decision | /plants/choose-variety-garlic-answer | /plants/care-garlic-guide | /plants/care-garlic-beginner | /plants/care-garlic-problems | /plants/care-garlic-cost | /plants/care-garlic-compare | /plants/care-garlic-calendar | /plants/care-garlic-mistakes | /plants/care-garlic-faq | /plants/care-garlic-decision | /plants/care-garlic-answer,P1:10 | P2:30,processed_existing_catalog,1,เมล็ดพันธุ์ กระเทียม
กล้วยน้ำว้า,,ปลูกพืช,ไม้ผล,กล้วยน้ำว้า,ดูแลกล้วยน้ำว้า | ปฏิทินปลูกกล้วยน้ำว้า | พันธุ์กล้วยน้ำว้า | วิธีปลูกกล้วยน้ำว้า,40,1761 | 1762 | 1763 | 1764 | 1765 | 1766 | 1767 | 1768 | 1769 | 1770 | 1771 | 1772 | 1773 | 1774 | 1775 | 1776 | 1777 | 1778 | 1779 | 1780 | 1781 | 1782 | 1783 | 1784 | 1785 | 1786 | 1787 | 1788 | 1789 | 1790 | 1791 | 1792 | 1793 | 1794 | 1795 | 1796 | 1797 | 1798 | 1799 | 1800,/plants/how-to-grow-banana-guide | /plants/how-to-grow-banana-beginner | /plants/how-to-grow-banana-problems | /plants/how-to-grow-banana-cost | /plants/how-to-grow-banana-compare | /plants/how-to-grow-banana-calendar | /plants/how-to-grow-banana-mistakes | /plants/how-to-grow-banana-faq | /plants/how-to-grow-banana-decision | /plants/how-to-grow-banana-answer | /plants/calendar-banana-guide | /plants/calendar-banana-beginner | /plants/calendar-banana-problems | /plants/calendar-banana-cost | /plants/calendar-banana-compare | /plants/calendar-banana-calendar | /plants/calendar-banana-mistakes | /plants/calendar-banana-faq | /plants/calendar-banana-decision | /plants/calendar-banana-answer | /plants/choose-variety-banana-guide | /plants/choose-variety-banana-beginner | /plants/choose-variety-banana-problems | /plants/choose-variety-banana-cost | /plants/choose-variety-banana-compare | /plants/choose-variety-banana-calendar | /plants/choose-variety-banana-mistakes | /plants/choose-variety-banana-faq | /plants/choose-variety-banana-decision | /plants/choose-variety-banana-answer | /plants/care-banana-guide | /plants/care-banana-beginner | /plants/care-banana-problems | /plants/care-banana-cost | /plants/care-banana-compare | /plants/care-banana-calendar | /plants/care-banana-mistakes | /plants/care-banana-faq | /plants/care-banana-decision | /plants/care-banana-answer,P1:10 | P2:30,processed_existing_catalog,2,เมล็ดพันธุ์ กล้วยน้ำว้า | ปุ๋ย กล้วยน้ำว้า
กะเพรา,,ปลูกพืช,ผักสวนครัวและสมุนไพร,กะเพรา,ดูแลกะเพรา | ปฏิทินปลูกกะเพรา | พันธุ์กะเพรา | วิธีปลูกกะเพรา,40,1041 | 1042 | 1043 | 1044 | 1045 | 1046 | 1047 | 1048 | 1049 | 1050 | 1051 | 1052 | 1053 | 1054 | 1055 | 1056 | 1057 | 1058 | 1059 | 1060 | 1061 | 1062 | 1063 | 1064 | 1065 | 1066 | 1067 | 1068 | 1069 | 1070 | 1071 | 1072 | 1073 | 1074 | 1075 | 1076 | 1077 | 1078 | 1079 | 1080,/plants/how-to-grow-holy-basil-guide | /plants/how-to-grow-holy-basil-beginner | /plants/how-to-grow-holy-basil-problems | /plants/how-to-grow-holy-basil-cost | /plants/how-to-grow-holy-basil-compare | /plants/how-to-grow-holy-basil-calendar | /plants/how-to-grow-holy-basil-mistakes | /plants/how-to-grow-holy-basil-faq | /plants/how-to-grow-holy-basil-decision | /plants/how-to-grow-holy-basil-answer | /plants/calendar-holy-basil-guide | /plants/calendar-holy-basil-beginner | /plants/calendar-holy-basil-problems | /plants/calendar-holy-basil-cost | /plants/calendar-holy-basil-compare | /plants/calendar-holy-basil-calendar | /plants/calendar-holy-basil-mistakes | /plants/calendar-holy-basil-faq | /plants/calendar-holy-basil-decision | /plants/calendar-holy-basil-answer | /plants/choose-variety-holy-basil-guide | /plants/choose-variety-holy-basil-beginner | /plants/choose-variety-holy-basil-problems | /plants/choose-variety-holy-basil-cost | /plants/choose-variety-holy-basil-compare | /plants/choose-variety-holy-basil-calendar | /plants/choose-variety-holy-basil-mistakes | /plants/choose-variety-holy-basil-faq | /plants/choose-variety-holy-basil-decision | /plants/choose-variety-holy-basil-answer | /plants/care-holy-basil-guide | /plants/care-holy-basil-beginner | /plants/care-holy-basil-problems | /plants/care-holy-basil-cost | /plants/care-holy-basil-compare | /plants/care-holy-basil-calendar | /plants/care-holy-basil-mistakes | /plants/care-holy-basil-faq | /plants/care-holy-basil-decision | /plants/care-holy-basil-answer,P1:10 | P2:30,processed_existing_catalog,2,เมล็ดพันธุ์ กะเพรา | ปุ๋ย กะเพรา
กาแฟ,,ปลูกพืช,พืชเศรษฐกิจเฉพาะทาง,กาแฟ,ดูแลกาแฟ | ปฏิทินปลูกกาแฟ | พันธุ์กาแฟ | วิธีปลูกกาแฟ,40,2081 | 2082 | 2083 | 2084 | 2085 | 2086 | 2087 | 2088 | 2089 | 2090 | 2091 | 2092 | 2093 | 2094 | 2095 | 2096 | 2097 | 2098 | 2099 | 2100 | 2101 | 2102 | 2103 | 2104 | 2105 | 2106 | 2107 | 2108 | 2109 | 2110 | 2111 | 2112 | 2113 | 2114 | 2115 | 2116 | 2117 | 2118 | 2119 | 2120,/plants/how-to-grow-coffee-guide | /plants/how-to-grow-coffee-beginner | /plants/how-to-grow-coffee-problems | /plants/how-to-grow-coffee-cost | /plants/how-to-grow-coffee-compare | /plants/how-to-grow-coffee-calendar | /plants/how-to-grow-coffee-mistakes | /plants/how-to-grow-coffee-faq | /plants/how-to-grow-coffee-decision | /plants/how-to-grow-coffee-answer | /plants/calendar-coffee-guide | /plants/calendar-coffee-beginner | /plants/calendar-coffee-problems | /plants/calendar-coffee-cost | /plants/calendar-coffee-compare | /plants/calendar-coffee-calendar | /plants/calendar-coffee-mistakes | /plants/calendar-coffee-faq | /plants/calendar-coffee-decision | /plants/calendar-coffee-answer | /plants/choose-variety-coffee-guide | /plants/choose-variety-coffee-beginner | /plants/choose-variety-coffee-problems | /plants/choose-variety-coffee-cost | /plants/choose-variety-coffee-compare | /plants/choose-variety-coffee-calendar | /plants/choose-variety-coffee-mistakes | /plants/choose-variety-coffee-faq | /plants/choose-variety-coffee-decision | /plants/choose-variety-coffee-answer | /plants/care-coffee-guide | /plants/care-coffee-beginner | /plants/care-coffee-problems | /plants/care-coffee-cost | /plants/care-coffee-compare | /plants/care-coffee-calendar | /plants/care-coffee-mistakes | /plants/care-coffee-faq | /plants/care-coffee-decision | /plants/care-coffee-answer,P1:10 | P2:30,processed_existing_catalog,2,เมล็ดพันธุ์ กาแฟ | ปุ๋ย กาแฟ
โกโก้,,ปลูกพืช,พืชเศรษฐกิจเฉพาะทาง,โกโก้,ดูแลโกโก้ | ปฏิทินปลูกโกโก้ | พันธุ์โกโก้ | วิธีปลูกโกโก้,40,2121 | 2122 | 2123 | 2124 | 2125 | 2126 | 2127 | 2128 | 2129 | 2130 | 2131 | 2132 | 2133 | 2134 | 2135 | 2136 | 2137 | 2138 | 2139 | 2140 | 2141 | 2142 | 2143 | 2144 | 2145 | 2146 | 2147 | 2148 | 2149 | 2150 | 2151 | 2152 | 2153 | 2154 | 2155 | 2156 | 2157 | 2158 | 2159 | 2160,/plants/how-to-grow-cacao-guide | /plants/how-to-grow-cacao-beginner | /plants/how-to-grow-cacao-problems | /plants/how-to-grow-cacao-cost | /plants/how-to-grow-cacao-compare | /plants/how-to-grow-cacao-calendar | /plants/how-to-grow-cacao-mistakes | /plants/how-to-grow-cacao-faq | /plants/how-to-grow-cacao-decision | /plants/how-to-grow-cacao-answer | /plants/calendar-cacao-guide | /plants/calendar-cacao-beginner | /plants/calendar-cacao-problems | /plants/calendar-cacao-cost | /plants/calendar-cacao-compare | /plants/calendar-cacao-calendar | /plants/calendar-cacao-mistakes | /plants/calendar-cacao-faq | /plants/calendar-cacao-decision | /plants/calendar-cacao-answer | /plants/choose-variety-cacao-guide | /plants/choose-variety-cacao-beginner | /plants/choose-variety-cacao-problems | /plants/choose-variety-cacao-cost | /plants/choose-variety-cacao-compare | /plants/choose-variety-cacao-calendar | /plants/choose-variety-cacao-mistakes | /plants/choose-variety-cacao-faq | /plants/choose-variety-cacao-decision | /plants/choose-variety-cacao-answer | /plants/care-cacao-guide | /plants/care-cacao-beginner | /plants/care-cacao-problems | /plants/care-cacao-cost | /plants/care-cacao-compare | /plants/care-cacao-calendar | /plants/care-cacao-mistakes | /plants/care-cacao-faq | /plants/care-cacao-decision | /plants/care-cacao-answer,P1:10 | P2:30,processed_existing_catalog,2,เมล็ดพันธุ์ โกโก้ | ปุ๋ย โกโก้
ขมิ้นชัน,,ปลูกพืช,สมุนไพรและพืชสุขภาพ,ขมิ้นชัน,ดูแลขมิ้นชัน | ปฏิทินปลูกขมิ้นชัน | พันธุ์ขมิ้นชัน | วิธีปลูกขมิ้นชัน,40,1241 | 1242 | 1243 | 1244 | 1245 | 1246 | 1247 | 1248 | 1249 | 1250 | 1251 | 1252 | 1253 | 1254 | 1255 | 1256 | 1257 | 1258 | 1259 | 1260 | 1261 | 1262 | 1263 | 1264 | 1265 | 1266 | 1267 | 1268 | 1269 | 1270 | 1271 | 1272 | 1273 | 1274 | 1275 | 1276 | 1277 | 1278 | 1279 | 1280,/plants/how-to-grow-turmeric-guide | /plants/how-to-grow-turmeric-beginner | /plants/how-to-grow-turmeric-problems | /plants/how-to-grow-turmeric-cost | /plants/how-to-grow-turmeric-compare | /plants/how-to-grow-turmeric-calendar | /plants/how-to-grow-turmeric-mistakes | /plants/how-to-grow-turmeric-faq | /plants/how-to-grow-turmeric-decision | /plants/how-to-grow-turmeric-answer | /plants/calendar-turmeric-guide | /plants/calendar-turmeric-beginner | /plants/calendar-turmeric-problems | /plants/calendar-turmeric-cost | /plants/calendar-turmeric-compare | /plants/calendar-turmeric-calendar | /plants/calendar-turmeric-mistakes | /plants/calendar-turmeric-faq | /plants/calendar-turmeric-decision | /plants/calendar-turmeric-answer | /plants/choose-variety-turmeric-guide | /plants/choose-variety-turmeric-beginner | /plants/choose-variety-turmeric-problems | /plants/choose-variety-turmeric-cost | /plants/choose-variety-turmeric-compare | /plants/choose-variety-turmeric-calendar | /plants/choose-variety-turmeric-mistakes | /plants/choose-variety-turmeric-faq | /plants/choose-variety-turmeric-decision | /plants/choose-variety-turmeric-answer | /plants/care-turmeric-guide | /plants/care-turmeric-beginner | /plants/care-turmeric-problems | /plants/care-turmeric-cost | /plants/care-turmeric-compare | /plants/care-turmeric-calendar | /plants/care-turmeric-mistakes | /plants/care-turmeric-faq | /plants/care-turmeric-decision | /plants/care-turmeric-answer,P1:10 | P2:30,processed_existing_catalog,3,เมล็ดพันธุ์ ขมิ้นชัน | ปุ๋ย ขมิ้นชัน
ข่า,,ปลูกพืช,ผักสวนครัวและสมุนไพร,ข่า,ดูแลข่า | ปฏิทินปลูกข่า | พันธุ์ข่า | วิธีปลูกข่า,40,1161 | 1162 | 1163 | 1164 | 1165 | 1166 | 1167 | 1168 | 1169 | 1170 | 1171 | 1172 | 1173 | 1174 | 1175 | 1176 | 1177 | 1178 | 1179 | 1180 | 1181 | 1182 | 1183 | 1184 | 1185 | 1186 | 1187 | 1188 | 1189 | 1190 | 1191 | 1192 | 1193 | 1194 | 1195 | 1196 | 1197 | 1198 | 1199 | 1200,/plants/how-to-grow-galangal-guide | /plants/how-to-grow-galangal-beginner | /plants/how-to-grow-galangal-problems | /plants/how-to-grow-galangal-cost | /plants/how-to-grow-galangal-compare | /plants/how-to-grow-galangal-calendar | /plants/how-to-grow-galangal-mistakes | /plants/how-to-grow-galangal-faq | /plants/how-to-grow-galangal-decision | /plants/how-to-grow-galangal-answer | /plants/calendar-galangal-guide | /plants/calendar-galangal-beginner | /plants/calendar-galangal-problems | /plants/calendar-galangal-cost | /plants/calendar-galangal-compare | /plants/calendar-galangal-calendar | /plants/calendar-galangal-mistakes | /plants/calendar-galangal-faq | /plants/calendar-galangal-decision | /plants/calendar-galangal-answer | /plants/choose-variety-galangal-guide | /plants/choose-variety-galangal-beginner | /plants/choose-variety-galangal-problems | /plants/choose-variety-galangal-cost | /plants/choose-variety-galangal-compare | /plants/choose-variety-galangal-calendar | /plants/choose-variety-galangal-mistakes | /plants/choose-variety-galangal-faq | /plants/choose-variety-galangal-decision | /plants/choose-variety-galangal-answer | /plants/care-galangal-guide | /plants/care-galangal-beginner | /plants/care-galangal-problems | /plants/care-galangal-cost | /plants/care-galangal-compare | /plants/care-galangal-calendar | /plants/care-galangal-mistakes | /plants/care-galangal-faq | /plants/care-galangal-decision | /plants/care-galangal-answer,P1:10 | P2:30,processed_existing_catalog,2,เมล็ดพันธุ์ ข่า | ปุ๋ย ข่า
ข้าวโพดเลี้ยงสัตว์,,ปลูกพืช,พืชไร่และพืชเศรษฐกิจ,ข้าวโพดเลี้ยงสัตว์,ดูแลข้าวโพดเลี้ยงสัตว์ | ปฏิทินปลูกข้าวโพดเลี้ยงสัตว์ | พันธุ์ข้าวโพดเลี้ยงสัตว์ | วิธีปลูกข้าวโพดเลี้ยงสัตว์,40,121 | 122 | 123 | 124 | 125 | 126 | 127 | 128 | 129 | 130 | 131 | 132 | 133 | 134 | 135 | 136 | 137 | 138 | 139 | 140 | 141 | 142 | 143 | 144 | 145 | 146 | 147 | 148 | 149 | 150 | 151 | 152 | 153 | 154 | 155 | 156 | 157 | 158 | 159 | 160,/plants/how-to-grow-feed-corn-guide | /plants/how-to-grow-feed-corn-beginner | /plants/how-to-grow-feed-corn-problems | /plants/how-to-grow-feed-corn-cost | /plants/how-to-grow-feed-corn-compare | /plants/how-to-grow-feed-corn-calendar | /plants/how-to-grow-feed-corn-mistakes | /plants/how-to-grow-feed-corn-faq | /plants/how-to-grow-feed-corn-decision | /plants/how-to-grow-feed-corn-answer | /plants/calendar-feed-corn-guide | /plants/calendar-feed-corn-beginner | /plants/calendar-feed-corn-problems | /plants/calendar-feed-corn-cost | /plants/calendar-feed-corn-compare | /plants/calendar-feed-corn-calendar | /plants/calendar-feed-corn-mistakes | /plants/calendar-feed-corn-faq | /plants/calendar-feed-corn-decision | /plants/calendar-feed-corn-answer | /plants/choose-variety-feed-corn-guide | /plants/choose-variety-feed-corn-beginner | /plants/choose-variety-feed-corn-problems | /plants/choose-variety-feed-corn-cost | /plants/choose-variety-feed-corn-compare | /plants/choose-variety-feed-corn-calendar | /plants/choose-variety-feed-corn-mistakes | /plants/choose-variety-feed-corn-faq | /plants/choose-variety-feed-corn-decision | /plants/choose-variety-feed-corn-answer | /plants/care-feed-corn-guide | /plants/care-feed-corn-beginner | /plants/care-feed-corn-problems | /plants/care-feed-corn-cost | /plants/care-feed-corn-compare | /plants/care-feed-corn-calendar | /plants/care-feed-corn-mistakes | /plants/care-feed-corn-faq | /plants/care-feed-corn-decision | /plants/care-feed-corn-answer,P1:10 | P2:30,processed_existing_catalog,4,เมล็ดพันธุ์ ข้าวโพดเลี้ยงสัตว์ | ปุ๋ย ข้าวโพดเลี้ยงสัตว์
ข้าวโพดหวาน,,ปลูกพืช,พืชไร่และพืชเศรษฐกิจ,ข้าวโพดหวาน,ดูแลข้าวโพดหวาน | ปฏิทินปลูกข้าวโพดหวาน | พันธุ์ข้าวโพดหวาน | วิธีปลูกข้าวโพดหวาน,40,161 | 162 | 163 | 164 | 165 | 166 | 167 | 168 | 169 | 170 | 171 | 172 | 173 | 174 | 175 | 176 | 177 | 178 | 179 | 180 | 181 | 182 | 183 | 184 | 185 | 186 | 187 | 188 | 189 | 190 | 191 | 192 | 193 | 194 | 195 | 196 | 197 | 198 | 199 | 200,/plants/how-to-grow-sweet-corn-guide | /plants/how-to-grow-sweet-corn-beginner | /plants/how-to-grow-sweet-corn-problems | /plants/how-to-grow-sweet-corn-cost | /plants/how-to-grow-sweet-corn-compare | /plants/how-to-grow-sweet-corn-calendar | /plants/how-to-grow-sweet-corn-mistakes | /plants/how-to-grow-sweet-corn-faq | /plants/how-to-grow-sweet-corn-decision | /plants/how-to-grow-sweet-corn-answer | /plants/calendar-sweet-corn-guide | /plants/calendar-sweet-corn-beginner | /plants/calendar-sweet-corn-problems | /plants/calendar-sweet-corn-cost | /plants/calendar-sweet-corn-compare | /plants/calendar-sweet-corn-calendar | /plants/calendar-sweet-corn-mistakes | /plants/calendar-sweet-corn-faq | /plants/calendar-sweet-corn-decision | /plants/calendar-sweet-corn-answer | /plants/choose-variety-sweet-corn-guide | /plants/choose-variety-sweet-corn-beginner | /plants/choose-variety-sweet-corn-problems | /plants/choose-variety-sweet-corn-cost | /plants/choose-variety-sweet-corn-compare | /plants/choose-variety-sweet-corn-calendar | /plants/choose-variety-sweet-corn-mistakes | /plants/choose-variety-sweet-corn-faq | /plants/choose-variety-sweet-corn-decision | /plants/choose-variety-sweet-corn-answer | /plants/care-sweet-corn-guide | /plants/care-sweet-corn-beginner | /plants/care-sweet-corn-problems | /plants/care-sweet-corn-cost | /plants/care-sweet-corn-compare | /plants/care-sweet-corn-calendar | /plants/care-sweet-corn-mistakes | /plants/care-sweet-corn-faq | /plants/care-sweet-corn-decision | /plants/care-sweet-corn-answer,P1:10 | P2:30,processed_existing_catalog,4,เมล็ดพันธุ์ ข้าวโพดหวาน | ปุ๋ย ข้าวโพดหวาน
ข้าวไรซ์เบอร์รี่,,ปลูกพืช,ข้าวและนาข้าว,ข้าวไรซ์เบอร์รี่,ดูแลข้าวไรซ์เบอร์รี่ | ปฏิทินปลูกข้าวไรซ์เบอร์รี่ | พันธุ์ข้าวไรซ์เบอร์รี่ | วิธีปลูกข้าวไรซ์เบอร์รี่,40,81 | 82 | 83 | 84 | 85 | 86 | 87 | 88 | 89 | 90 | 91 | 92 | 93 | 94 | 95 | 96 | 97 | 98 | 99 | 100 | 101 | 102 | 103 | 104 | 105 | 106 | 107 | 108 | 109 | 110 | 111 | 112 | 113 | 114 | 115 | 116 | 117 | 118 | 119 | 120,/plants/how-to-grow-riceberry-guide | /plants/how-to-grow-riceberry-beginner | /plants/how-to-grow-riceberry-problems | /plants/how-to-grow-riceberry-cost | /plants/how-to-grow-riceberry-compare | /plants/how-to-grow-riceberry-calendar | /plants/how-to-grow-riceberry-mistakes | /plants/how-to-grow-riceberry-faq | /plants/how-to-grow-riceberry-decision | /plants/how-to-grow-riceberry-answer | /plants/calendar-riceberry-guide | /plants/calendar-riceberry-beginner | /plants/calendar-riceberry-problems | /plants/calendar-riceberry-cost | /plants/calendar-riceberry-compare | /plants/calendar-riceberry-calendar | /plants/calendar-riceberry-mistakes | /plants/calendar-riceberry-faq | /plants/calendar-riceberry-decision | /plants/calendar-riceberry-answer | /plants/choose-variety-riceberry-guide | /plants/choose-variety-riceberry-beginner | /plants/choose-variety-riceberry-problems | /plants/choose-variety-riceberry-cost | /plants/choose-variety-riceberry-compare | /plants/choose-variety-riceberry-calendar | /plants/choose-variety-riceberry-mistakes | /plants/choose-variety-riceberry-faq | /plants/choose-variety-riceberry-decision | /plants/choose-variety-riceberry-answer | /plants/care-riceberry-guide | /plants/care-riceberry-beginner | /plants/care-riceberry-problems | /plants/care-riceberry-cost | /plants/care-riceberry-compare | /plants/care-riceberry-calendar | /plants/care-riceberry-mistakes | /plants/care-riceberry-faq | /plants/care-riceberry-decision | /plants/care-riceberry-answer,P1:10 | P2:30,processed_existing_catalog,2,เมล็ดพันธุ์ ข้าวไรซ์เบอร์รี่
ข้าวหอมมะลิ,,ปลูกพืช,ข้าวและนาข้าว,ข้าวหอมมะลิ,ดูแลข้าวหอมมะลิ | ปฏิทินปลูกข้าวหอมมะลิ | พันธุ์ข้าวหอมมะลิ | วิธีปลูกข้าวหอมมะลิ,40,1 | 2 | 3 | 4 | 5 | 6 | 7 | 8 | 9 | 10 | 11 | 12 | 13 | 14 | 15 | 16 | 17 | 18 | 19 | 20 | 21 | 22 | 23 | 24 | 25 | 26 | 27 | 28 | 29 | 30 | 31 | 32 | 33 | 34 | 35 | 36 | 37 | 38 | 39 | 40,/plants/how-to-grow-rice-jasmine-guide | /plants/how-to-grow-rice-jasmine-beginner | /plants/how-to-grow-rice-jasmine-problems | /plants/how-to-grow-rice-jasmine-cost | /plants/how-to-grow-rice-jasmine-compare | /plants/how-to-grow-rice-jasmine-calendar | /plants/how-to-grow-rice-jasmine-mistakes | /plants/how-to-grow-rice-jasmine-faq | /plants/how-to-grow-rice-jasmine-decision | /plants/how-to-grow-rice-jasmine-answer | /plants/calendar-rice-jasmine-guide | /plants/calendar-rice-jasmine-beginner | /plants/calendar-rice-jasmine-problems | /plants/calendar-rice-jasmine-cost | /plants/calendar-rice-jasmine-compare | /plants/calendar-rice-jasmine-calendar | /plants/calendar-rice-jasmine-mistakes | /plants/calendar-rice-jasmine-faq | /plants/calendar-rice-jasmine-decision | /plants/calendar-rice-jasmine-answer | /plants/choose-variety-rice-jasmine-guide | /plants/choose-variety-rice-jasmine-beginner | /plants/choose-variety-rice-jasmine-problems | /plants/choose-variety-rice-jasmine-cost | /plants/choose-variety-rice-jasmine-compare | /plants/choose-variety-rice-jasmine-calendar | /plants/choose-variety-rice-jasmine-mistakes | /plants/choose-variety-rice-jasmine-faq | /plants/choose-variety-rice-jasmine-decision | /plants/choose-variety-rice-jasmine-answer | /plants/care-rice-jasmine-guide | /plants/care-rice-jasmine-beginner | /plants/care-rice-jasmine-problems | /plants/care-rice-jasmine-cost | /plants/care-rice-jasmine-compare | /plants/care-rice-jasmine-calendar | /plants/care-rice-jasmine-mistakes | /plants/care-rice-jasmine-faq | /plants/care-rice-jasmine-decision | /plants/care-rice-jasmine-answer,P1:10 | P2:30,processed_existing_catalog,5,เมล็ดพันธุ์ ข้าวหอมมะลิ | ปุ๋ย ข้าวหอมมะลิ
ข้าวเหนียว,,ปลูกพืช,ข้าวและนาข้าว,ข้าวเหนียว,ดูแลข้าวเหนียว | ปฏิทินปลูกข้าวเหนียว | พันธุ์ข้าวเหนียว | วิธีปลูกข้าวเหนียว,40,41 | 42 | 43 | 44 | 45 | 46 | 47 | 48 | 49 | 50 | 51 | 52 | 53 | 54 | 55 | 56 | 57 | 58 | 59 | 60 | 61 | 62 | 63 | 64 | 65 | 66 | 67 | 68 | 69 | 70 | 71 | 72 | 73 | 74 | 75 | 76 | 77 | 78 | 79 | 80,/plants/how-to-grow-sticky-rice-guide | /plants/how-to-grow-sticky-rice-beginner | /plants/how-to-grow-sticky-rice-problems | /plants/how-to-grow-sticky-rice-cost | /plants/how-to-grow-sticky-rice-compare | /plants/how-to-grow-sticky-rice-calendar | /plants/how-to-grow-sticky-rice-mistakes | /plants/how-to-grow-sticky-rice-faq | /plants/how-to-grow-sticky-rice-decision | /plants/how-to-grow-sticky-rice-answer | /plants/calendar-sticky-rice-guide | /plants/calendar-sticky-rice-beginner | /plants/calendar-sticky-rice-problems | /plants/calendar-sticky-rice-cost | /plants/calendar-sticky-rice-compare | /plants/calendar-sticky-rice-calendar | /plants/calendar-sticky-rice-mistakes | /plants/calendar-sticky-rice-faq | /plants/calendar-sticky-rice-decision | /plants/calendar-sticky-rice-answer | /plants/choose-variety-sticky-rice-guide | /plants/choose-variety-sticky-rice-beginner | /plants/choose-variety-sticky-rice-problems | /plants/choose-variety-sticky-rice-cost | /plants/choose-variety-sticky-rice-compare | /plants/choose-variety-sticky-rice-calendar | /plants/choose-variety-sticky-rice-mistakes | /plants/choose-variety-sticky-rice-faq | /plants/choose-variety-sticky-rice-decision | /plants/choose-variety-sticky-rice-answer | /plants/care-sticky-rice-guide | /plants/care-sticky-rice-beginner | /plants/care-sticky-rice-problems | /plants/care-sticky-rice-cost | /plants/care-sticky-rice-compare | /plants/care-sticky-rice-calendar | /plants/care-sticky-rice-mistakes | /plants/care-sticky-rice-faq | /plants/care-sticky-rice-decision | /plants/care-sticky-rice-answer,P1:10 | P2:30,processed_existing_catalog,4,เมล็ดพันธุ์ ข้าวเหนียว | ปุ๋ย ข้าวเหนียว
ขิง,,ปลูกพืช,สมุนไพรและพืชสุขภาพ,ขิง,ดูแลขิง | ปฏิทินปลูกขิง | พันธุ์ขิง | วิธีปลูกขิง,40,1201 | 1202 | 1203 | 1204 | 1205 | 1206 | 1207 | 1208 | 1209 | 1210 | 1211 | 1212 | 1213 | 1214 | 1215 | 1216 | 1217 | 1218 | 1219 | 1220 | 1221 | 1222 | 1223 | 1224 | 1225 | 1226 | 1227 | 1228 | 1229 | 1230 | 1231 | 1232 | 1233 | 1234 | 1235 | 1236 | 1237 | 1238 | 1239 | 1240,/plants/how-to-grow-ginger-guide | /plants/how-to-grow-ginger-beginner | /plants/how-to-grow-ginger-problems | /plants/how-to-grow-ginger-cost | /plants/how-to-grow-ginger-compare | /plants/how-to-grow-ginger-calendar | /plants/how-to-grow-ginger-mistakes | /plants/how-to-grow-ginger-faq | /plants/how-to-grow-ginger-decision | /plants/how-to-grow-ginger-answer | /plants/calendar-ginger-guide | /plants/calendar-ginger-beginner | /plants/calendar-ginger-problems | /plants/calendar-ginger-cost | /plants/calendar-ginger-compare | /plants/calendar-ginger-calendar | /plants/calendar-ginger-mistakes | /plants/calendar-ginger-faq | /plants/calendar-ginger-decision | /plants/calendar-ginger-answer | /plants/choose-variety-ginger-guide | /plants/choose-variety-ginger-beginner | /plants/choose-variety-ginger-problems | /plants/choose-variety-ginger-cost | /plants/choose-variety-ginger-compare | /plants/choose-variety-ginger-calendar | /plants/choose-variety-ginger-mistakes | /plants/choose-variety-ginger-faq | /plants/choose-variety-ginger-decision | /plants/choose-variety-ginger-answer | /plants/care-ginger-guide | /plants/care-ginger-beginner | /plants/care-ginger-problems | /plants/care-ginger-cost | /plants/care-ginger-compare | /plants/care-ginger-calendar | /plants/care-ginger-mistakes | /plants/care-ginger-faq | /plants/care-ginger-decision | /plants/care-ginger-answer,P1:10 | P2:30,processed_existing_catalog,1,เมล็ดพันธุ์ ขิง
คะน้า,,ปลูกพืช,ผักกินใบ,คะน้า,ดูแลคะน้า | ปฏิทินปลูกคะน้า | พันธุ์คะน้า | วิธีปลูกคะน้า,40,841 | 842 | 843 | 844 | 845 | 846 | 847 | 848 | 849 | 850 | 851 | 852 | 853 | 854 | 855 | 856 | 857 | 858 | 859 | 860 | 861 | 862 | 863 | 864 | 865 | 866 | 867 | 868 | 869 | 870 | 871 | 872 | 873 | 874 | 875 | 876 | 877 | 878 | 879 | 880,/plants/how-to-grow-kale-guide | /plants/how-to-grow-kale-beginner | /plants/how-to-grow-kale-problems | /plants/how-to-grow-kale-cost | /plants/how-to-grow-kale-compare | /plants/how-to-grow-kale-calendar | /plants/how-to-grow-kale-mistakes | /plants/how-to-grow-kale-faq | /plants/how-to-grow-kale-decision | /plants/how-to-grow-kale-answer | /plants/calendar-kale-guide | /plants/calendar-kale-beginner | /plants/calendar-kale-problems | /plants/calendar-kale-cost | /plants/calendar-kale-compare | /plants/calendar-kale-calendar | /plants/calendar-kale-mistakes | /plants/calendar-kale-faq | /plants/calendar-kale-decision | /plants/calendar-kale-answer | /plants/choose-variety-kale-guide | /plants/choose-variety-kale-beginner | /plants/choose-variety-kale-problems | /plants/choose-variety-kale-cost | /plants/choose-variety-kale-compare | /plants/choose-variety-kale-calendar | /plants/choose-variety-kale-mistakes | /plants/choose-variety-kale-faq | /plants/choose-variety-kale-decision | /plants/choose-variety-kale-answer | /plants/care-kale-guide | /plants/care-kale-beginner | /plants/care-kale-problems | /plants/care-kale-cost | /plants/care-kale-compare | /plants/care-kale-calendar | /plants/care-kale-mistakes | /plants/care-kale-faq | /plants/care-kale-decision | /plants/care-kale-answer,P1:10 | P2:30,processed_existing_catalog,2,เมล็ดพันธุ์ คะน้า | ปุ๋ย คะน้า
งา,,ปลูกพืช,พืชไร่และพืชเศรษฐกิจ,งา,ดูแลงา | ปฏิทินปลูกงา | พันธุ์งา | วิธีปลูกงา,40,481 | 482 | 483 | 484 | 485 | 486 | 487 | 488 | 489 | 490 | 491 | 492 | 493 | 494 | 495 | 496 | 497 | 498 | 499 | 500 | 501 | 502 | 503 | 504 | 505 | 506 | 507 | 508 | 509 | 510 | 511 | 512 | 513 | 514 | 515 | 516 | 517 | 518 | 519 | 520,/plants/how-to-grow-sesame-guide | /plants/how-to-grow-sesame-beginner | /plants/how-to-grow-sesame-problems | /plants/how-to-grow-sesame-cost | /plants/how-to-grow-sesame-compare | /plants/how-to-grow-sesame-calendar | /plants/how-to-grow-sesame-mistakes | /plants/how-to-grow-sesame-faq | /plants/how-to-grow-sesame-decision | /plants/how-to-grow-sesame-answer | /plants/calendar-sesame-guide | /plants/calendar-sesame-beginner | /plants/calendar-sesame-problems | /plants/calendar-sesame-cost | /plants/calendar-sesame-compare | /plants/calendar-sesame-calendar | /plants/calendar-sesame-mistakes | /plants/calendar-sesame-faq | /plants/calendar-sesame-decision | /plants/calendar-sesame-answer | /plants/choose-variety-sesame-guide | /plants/choose-variety-sesame-beginner | /plants/choose-variety-sesame-problems | /plants/choose-variety-sesame-cost | /plants/choose-variety-sesame-compare | /plants/choose-variety-sesame-calendar | /plants/choose-variety-sesame-mistakes | /plants/choose-variety-sesame-faq | /plants/choose-variety-sesame-decision | /plants/choose-variety-sesame-answer | /plants/care-sesame-guide | /plants/care-sesame-beginner | /plants/care-sesame-problems | /plants/care-sesame-cost | /plants/care-sesame-compare | /plants/care-sesame-calendar | /plants/care-sesame-mistakes | /plants/care-sesame-faq | /plants/care-sesame-decision | /plants/care-sesame-answer,P1:10 | P2:30,processed_existing_catalog,4,เมล็ดพันธุ์ งา | ปุ๋ย งา
เงาะ,,ปลูกพืช,ไม้ผล,เงาะ,ดูแลเงาะ | ปฏิทินปลูกเงาะ | พันธุ์เงาะ | วิธีปลูกเงาะ,40,1681 | 1682 | 1683 | 1684 | 1685 | 1686 | 1687 | 1688 | 1689 | 1690 | 1691 | 1692 | 1693 | 1694 | 1695 | 1696 | 1697 | 1698 | 1699 | 1700 | 1701 | 1702 | 1703 | 1704 | 1705 | 1706 | 1707 | 1708 | 1709 | 1710 | 1711 | 1712 | 1713 | 1714 | 1715 | 1716 | 1717 | 1718 | 1719 | 1720,/plants/how-to-grow-rambutan-guide | /plants/how-to-grow-rambutan-beginner | /plants/how-to-grow-rambutan-problems | /plants/how-to-grow-rambutan-cost | /plants/how-to-grow-rambutan-compare | /plants/how-to-grow-rambutan-calendar | /plants/how-to-grow-rambutan-mistakes | /plants/how-to-grow-rambutan-faq | /plants/how-to-grow-rambutan-decision | /plants/how-to-grow-rambutan-answer | /plants/calendar-rambutan-guide | /plants/calendar-rambutan-beginner | /plants/calendar-rambutan-problems | /plants/calendar-rambutan-cost | /plants/calendar-rambutan-compare | /plants/calendar-rambutan-calendar | /plants/calendar-rambutan-mistakes | /plants/calendar-rambutan-faq | /plants/calendar-rambutan-decision | /plants/calendar-rambutan-answer | /plants/choose-variety-rambutan-guide | /plants/choose-variety-rambutan-beginner | /plants/choose-variety-rambutan-problems | /plants/choose-variety-rambutan-cost | /plants/choose-variety-rambutan-compare | /plants/choose-variety-rambutan-calendar | /plants/choose-variety-rambutan-mistakes | /plants/choose-variety-rambutan-faq | /plants/choose-variety-rambutan-decision | /plants/choose-variety-rambutan-answer | /plants/care-rambutan-guide | /plants/care-rambutan-beginner | /plants/care-rambutan-problems | /plants/care-rambutan-cost | /plants/care-rambutan-compare | /plants/care-rambutan-calendar | /plants/care-rambutan-mistakes | /plants/care-rambutan-faq | /plants/care-rambutan-decision | /plants/care-rambutan-answer,P1:10 | P2:30,processed_existing_catalog,2,เมล็ดพันธุ์ เงาะ | ปุ๋ย เงาะ
ตะไคร้,,ปลูกพืช,ผักสวนครัวและสมุนไพร,ตะไคร้,ดูแลตะไคร้ | ปฏิทินปลูกตะไคร้ | พันธุ์ตะไคร้ | วิธีปลูกตะไคร้,40,1121 | 1122 | 1123 | 1124 | 1125 | 1126 | 1127 | 1128 | 1129 | 1130 | 1131 | 1132 | 1133 | 1134 | 1135 | 1136 | 1137 | 1138 | 1139 | 1140 | 1141 | 1142 | 1143 | 1144 | 1145 | 1146 | 1147 | 1148 | 1149 | 1150 | 1151 | 1152 | 1153 | 1154 | 1155 | 1156 | 1157 | 1158 | 1159 | 1160,/plants/how-to-grow-lemongrass-guide | /plants/how-to-grow-lemongrass-beginner | /plants/how-to-grow-lemongrass-problems | /plants/how-to-grow-lemongrass-cost | /plants/how-to-grow-lemongrass-compare | /plants/how-to-grow-lemongrass-calendar | /plants/how-to-grow-lemongrass-mistakes | /plants/how-to-grow-lemongrass-faq | /plants/how-to-grow-lemongrass-decision | /plants/how-to-grow-lemongrass-answer | /plants/calendar-lemongrass-guide | /plants/calendar-lemongrass-beginner | /plants/calendar-lemongrass-problems | /plants/calendar-lemongrass-cost | /plants/calendar-lemongrass-compare | /plants/calendar-lemongrass-calendar | /plants/calendar-lemongrass-mistakes | /plants/calendar-lemongrass-faq | /plants/calendar-lemongrass-decision | /plants/calendar-lemongrass-answer | /plants/choose-variety-lemongrass-guide | /plants/choose-variety-lemongrass-beginner | /plants/choose-variety-lemongrass-problems | /plants/choose-variety-lemongrass-cost | /plants/choose-variety-lemongrass-compare | /plants/choose-variety-lemongrass-calendar | /plants/choose-variety-lemongrass-mistakes | /plants/choose-variety-lemongrass-faq | /plants/choose-variety-lemongrass-decision | /plants/choose-variety-lemongrass-answer | /plants/care-lemongrass-guide | /plants/care-lemongrass-beginner | /plants/care-lemongrass-problems | /plants/care-lemongrass-cost | /plants/care-lemongrass-compare | /plants/care-lemongrass-calendar | /plants/care-lemongrass-mistakes | /plants/care-lemongrass-faq | /plants/care-lemongrass-decision | /plants/care-lemongrass-answer,P1:10 | P2:30,processed_existing_catalog,2,เมล็ดพันธุ์ ตะไคร้ | ปุ๋ย ตะไคร้
แตงกวา,,ปลูกพืช,ผักสวนครัวและผักกินผล,แตงกวา,ดูแลแตงกวา | ปฏิทินปลูกแตงกวา | พันธุ์แตงกวา | วิธีปลูกแตงกวา,40,681 | 682 | 683 | 684 | 685 | 686 | 687 | 688 | 689 | 690 | 691 | 692 | 693 | 694 | 695 | 696 | 697 | 698 | 699 | 700 | 701 | 702 | 703 | 704 | 705 | 706 | 707 | 708 | 709 | 710 | 711 | 712 | 713 | 714 | 715 | 716 | 717 | 718 | 719 | 720,/plants/how-to-grow-cucumber-guide | /plants/how-to-grow-cucumber-beginner | /plants/how-to-grow-cucumber-problems | /plants/how-to-grow-cucumber-cost | /plants/how-to-grow-cucumber-compare | /plants/how-to-grow-cucumber-calendar | /plants/how-to-grow-cucumber-mistakes | /plants/how-to-grow-cucumber-faq | /plants/how-to-grow-cucumber-decision | /plants/how-to-grow-cucumber-answer | /plants/calendar-cucumber-guide | /plants/calendar-cucumber-beginner | /plants/calendar-cucumber-problems | /plants/calendar-cucumber-cost | /plants/calendar-cucumber-compare | /plants/calendar-cucumber-calendar | /plants/calendar-cucumber-mistakes | /plants/calendar-cucumber-faq | /plants/calendar-cucumber-decision | /plants/calendar-cucumber-answer | /plants/choose-variety-cucumber-guide | /plants/choose-variety-cucumber-beginner | /plants/choose-variety-cucumber-problems | /plants/choose-variety-cucumber-cost | /plants/choose-variety-cucumber-compare | /plants/choose-variety-cucumber-calendar | /plants/choose-variety-cucumber-mistakes | /plants/choose-variety-cucumber-faq | /plants/choose-variety-cucumber-decision | /plants/choose-variety-cucumber-answer | /plants/care-cucumber-guide | /plants/care-cucumber-beginner | /plants/care-cucumber-problems | /plants/care-cucumber-cost | /plants/care-cucumber-compare | /plants/care-cucumber-calendar | /plants/care-cucumber-mistakes | /plants/care-cucumber-faq | /plants/care-cucumber-decision | /plants/care-cucumber-answer,P1:10 | P2:30,processed_existing_catalog,4,เมล็ดพันธุ์ แตงกวา | ปุ๋ย แตงกวา
แตงโม,,ปลูกพืช,ผักสวนครัวและผักกินผล,แตงโม,ดูแลแตงโม | ปฏิทินปลูกแตงโม | พันธุ์แตงโม | วิธีปลูกแตงโม,40,761 | 762 | 763 | 764 | 765 | 766 | 767 | 768 | 769 | 770 | 771 | 772 | 773 | 774 | 775 | 776 | 777 | 778 | 779 | 780 | 781 | 782 | 783 | 784 | 785 | 786 | 787 | 788 | 789 | 790 | 791 | 792 | 793 | 794 | 795 | 796 | 797 | 798 | 799 | 800,/plants/how-to-grow-watermelon-guide | /plants/how-to-grow-watermelon-beginner | /plants/how-to-grow-watermelon-problems | /plants/how-to-grow-watermelon-cost | /plants/how-to-grow-watermelon-compare | /plants/how-to-grow-watermelon-calendar | /plants/how-to-grow-watermelon-mistakes | /plants/how-to-grow-watermelon-faq | /plants/how-to-grow-watermelon-decision | /plants/how-to-grow-watermelon-answer | /plants/calendar-watermelon-guide | /plants/calendar-watermelon-beginner | /plants/calendar-watermelon-problems | /plants/calendar-watermelon-cost | /plants/calendar-watermelon-compare | /plants/calendar-watermelon-calendar | /plants/calendar-watermelon-mistakes | /plants/calendar-watermelon-faq | /plants/calendar-watermelon-decision | /plants/calendar-watermelon-answer | /plants/choose-variety-watermelon-guide | /plants/choose-variety-watermelon-beginner | /plants/choose-variety-watermelon-problems | /plants/choose-variety-watermelon-cost | /plants/choose-variety-watermelon-compare | /plants/choose-variety-watermelon-calendar | /plants/choose-variety-watermelon-mistakes | /plants/choose-variety-watermelon-faq | /plants/choose-variety-watermelon-decision | /plants/choose-variety-watermelon-answer | /plants/care-watermelon-guide | /plants/care-watermelon-beginner | /plants/care-watermelon-problems | /plants/care-watermelon-cost | /plants/care-watermelon-compare | /plants/care-watermelon-calendar | /plants/care-watermelon-mistakes | /plants/care-watermelon-faq | /plants/care-watermelon-decision | /plants/care-watermelon-answer,P1:10 | P2:30,processed_existing_catalog,4,เมล็ดพันธุ์ แตงโม | ปุ๋ย แตงโม
ถั่วเขียว,,ปลูกพืช,พืชไร่และพืชเศรษฐกิจ,ถั่วเขียว,ดูแลถั่วเขียว | ปฏิทินปลูกถั่วเขียว | พันธุ์ถั่วเขียว | วิธีปลูกถั่วเขียว,40,401 | 402 | 403 | 404 | 405 | 406 | 407 | 408 | 409 | 410 | 411 | 412 | 413 | 414 | 415 | 416 | 417 | 418 | 419 | 420 | 421 | 422 | 423 | 424 | 425 | 426 | 427 | 428 | 429 | 430 | 431 | 432 | 433 | 434 | 435 | 436 | 437 | 438 | 439 | 440,/plants/how-to-grow-mungbean-guide | /plants/how-to-grow-mungbean-beginner | /plants/how-to-grow-mungbean-problems | /plants/how-to-grow-mungbean-cost | /plants/how-to-grow-mungbean-compare | /plants/how-to-grow-mungbean-calendar | /plants/how-to-grow-mungbean-mistakes | /plants/how-to-grow-mungbean-faq | /plants/how-to-grow-mungbean-decision | /plants/how-to-grow-mungbean-answer | /plants/calendar-mungbean-guide | /plants/calendar-mungbean-beginner | /plants/calendar-mungbean-problems | /plants/calendar-mungbean-cost | /plants/calendar-mungbean-compare | /plants/calendar-mungbean-calendar | /plants/calendar-mungbean-mistakes | /plants/calendar-mungbean-faq | /plants/calendar-mungbean-decision | /plants/calendar-mungbean-answer | /plants/choose-variety-mungbean-guide | /plants/choose-variety-mungbean-beginner | /plants/choose-variety-mungbean-problems | /plants/choose-variety-mungbean-cost | /plants/choose-variety-mungbean-compare | /plants/choose-variety-mungbean-calendar | /plants/choose-variety-mungbean-mistakes | /plants/choose-variety-mungbean-faq | /plants/choose-variety-mungbean-decision | /plants/choose-variety-mungbean-answer | /plants/care-mungbean-guide | /plants/care-mungbean-beginner | /plants/care-mungbean-problems | /plants/care-mungbean-cost | /plants/care-mungbean-compare | /plants/care-mungbean-calendar | /plants/care-mungbean-mistakes | /plants/care-mungbean-faq | /plants/care-mungbean-decision | /plants/care-mungbean-answer,P1:10 | P2:30,processed_existing_catalog,4,เมล็ดพันธุ์ ถั่วเขียว | ปุ๋ย ถั่วเขียว
ถั่วลิสง,,ปลูกพืช,พืชไร่และพืชเศรษฐกิจ,ถั่วลิสง,ดูแลถั่วลิสง | ปฏิทินปลูกถั่วลิสง | พันธุ์ถั่วลิสง | วิธีปลูกถั่วลิสง,40,441 | 442 | 443 | 444 | 445 | 446 | 447 | 448 | 449 | 450 | 451 | 452 | 453 | 454 | 455 | 456 | 457 | 458 | 459 | 460 | 461 | 462 | 463 | 464 | 465 | 466 | 467 | 468 | 469 | 470 | 471 | 472 | 473 | 474 | 475 | 476 | 477 | 478 | 479 | 480,/plants/how-to-grow-peanut-guide | /plants/how-to-grow-peanut-beginner | /plants/how-to-grow-peanut-problems | /plants/how-to-grow-peanut-cost | /plants/how-to-grow-peanut-compare | /plants/how-to-grow-peanut-calendar | /plants/how-to-grow-peanut-mistakes | /plants/how-to-grow-peanut-faq | /plants/how-to-grow-peanut-decision | /plants/how-to-grow-peanut-answer | /plants/calendar-peanut-guide | /plants/calendar-peanut-beginner | /plants/calendar-peanut-problems | /plants/calendar-peanut-cost | /plants/calendar-peanut-compare | /plants/calendar-peanut-calendar | /plants/calendar-peanut-mistakes | /plants/calendar-peanut-faq | /plants/calendar-peanut-decision | /plants/calendar-peanut-answer | /plants/choose-variety-peanut-guide | /plants/choose-variety-peanut-beginner | /plants/choose-variety-peanut-problems | /plants/choose-variety-peanut-cost | /plants/choose-variety-peanut-compare | /plants/choose-variety-peanut-calendar | /plants/choose-variety-peanut-mistakes | /plants/choose-variety-peanut-faq | /plants/choose-variety-peanut-decision | /plants/choose-variety-peanut-answer | /plants/care-peanut-guide | /plants/care-peanut-beginner | /plants/care-peanut-problems | /plants/care-peanut-cost | /plants/care-peanut-compare | /plants/care-peanut-calendar | /plants/care-peanut-mistakes | /plants/care-peanut-faq | /plants/care-peanut-decision | /plants/care-peanut-answer,P1:10 | P2:30,processed_existing_catalog,3,เมล็ดพันธุ์ ถั่วลิสง | ปุ๋ย ถั่วลิสง
ถั่วเหลือง,,ปลูกพืช,พืชไร่และพืชเศรษฐกิจ,ถั่วเหลือง,ดูแลถั่วเหลือง | ปฏิทินปลูกถั่วเหลือง | พันธุ์ถั่วเหลือง | วิธีปลูกถั่วเหลือง,40,361 | 362 | 363 | 364 | 365 | 366 | 367 | 368 | 369 | 370 | 371 | 372 | 373 | 374 | 375 | 376 | 377 | 378 | 379 | 380 | 381 | 382 | 383 | 384 | 385 | 386 | 387 | 388 | 389 | 390 | 391 | 392 | 393 | 394 | 395 | 396 | 397 | 398 | 399 | 400,/plants/how-to-grow-soybean-guide | /plants/how-to-grow-soybean-beginner | /plants/how-to-grow-soybean-problems | /plants/how-to-grow-soybean-cost | /plants/how-to-grow-soybean-compare | /plants/how-to-grow-soybean-calendar | /plants/how-to-grow-soybean-mistakes | /plants/how-to-grow-soybean-faq | /plants/how-to-grow-soybean-decision | /plants/how-to-grow-soybean-answer | /plants/calendar-soybean-guide | /plants/calendar-soybean-beginner | /plants/calendar-soybean-problems | /plants/calendar-soybean-cost | /plants/calendar-soybean-compare | /plants/calendar-soybean-calendar | /plants/calendar-soybean-mistakes | /plants/calendar-soybean-faq | /plants/calendar-soybean-decision | /plants/calendar-soybean-answer | /plants/choose-variety-soybean-guide | /plants/choose-variety-soybean-beginner | /plants/choose-variety-soybean-problems | /plants/choose-variety-soybean-cost | /plants/choose-variety-soybean-compare | /plants/choose-variety-soybean-calendar | /plants/choose-variety-soybean-mistakes | /plants/choose-variety-soybean-faq | /plants/choose-variety-soybean-decision | /plants/choose-variety-soybean-answer | /plants/care-soybean-guide | /plants/care-soybean-beginner | /plants/care-soybean-problems | /plants/care-soybean-cost | /plants/care-soybean-compare | /plants/care-soybean-calendar | /plants/care-soybean-mistakes | /plants/care-soybean-faq | /plants/care-soybean-decision | /plants/care-soybean-answer,P1:10 | P2:30,processed_existing_catalog,5,เมล็ดพันธุ์ ถั่วเหลือง | ปุ๋ย ถั่วเหลือง
ทุเรียน,,ปลูกพืช,ไม้ผล,ทุเรียน,ดูแลทุเรียน | ปฏิทินปลูกทุเรียน | พันธุ์ทุเรียน | วิธีปลูกทุเรียน,40,1521 | 1522 | 1523 | 1524 | 1525 | 1526 | 1527 | 1528 | 1529 | 1530 | 1531 | 1532 | 1533 | 1534 | 1535 | 1536 | 1537 | 1538 | 1539 | 1540 | 1541 | 1542 | 1543 | 1544 | 1545 | 1546 | 1547 | 1548 | 1549 | 1550 | 1551 | 1552 | 1553 | 1554 | 1555 | 1556 | 1557 | 1558 | 1559 | 1560,/plants/how-to-grow-durian-guide | /plants/how-to-grow-durian-beginner | /plants/how-to-grow-durian-problems | /plants/how-to-grow-durian-cost | /plants/how-to-grow-durian-compare | /plants/how-to-grow-durian-calendar | /plants/how-to-grow-durian-mistakes | /plants/how-to-grow-durian-faq | /plants/how-to-grow-durian-decision | /plants/how-to-grow-durian-answer | /plants/calendar-durian-guide | /plants/calendar-durian-beginner | /plants/calendar-durian-problems | /plants/calendar-durian-cost | /plants/calendar-durian-compare | /plants/calendar-durian-calendar | /plants/calendar-durian-mistakes | /plants/calendar-durian-faq | /plants/calendar-durian-decision | /plants/calendar-durian-answer | /plants/choose-variety-durian-guide | /plants/choose-variety-durian-beginner | /plants/choose-variety-durian-problems | /plants/choose-variety-durian-cost | /plants/choose-variety-durian-compare | /plants/choose-variety-durian-calendar | /plants/choose-variety-durian-mistakes | /plants/choose-variety-durian-faq | /plants/choose-variety-durian-decision | /plants/choose-variety-durian-answer | /plants/care-durian-guide | /plants/care-durian-beginner | /plants/care-durian-problems | /plants/care-durian-cost | /plants/care-durian-compare | /plants/care-durian-calendar | /plants/care-durian-mistakes | /plants/care-durian-faq | /plants/care-durian-decision | /plants/care-durian-answer,P1:10 | P2:30,processed_existing_catalog,2,เมล็ดพันธุ์ ทุเรียน | ปุ๋ย ทุเรียน
ปาล์มน้ำมัน,,ปลูกพืช,พืชไร่และพืชเศรษฐกิจ,ปาล์มน้ำมัน,ดูแลปาล์มน้ำมัน | ปฏิทินปลูกปาล์มน้ำมัน | พันธุ์ปาล์มน้ำมัน | วิธีปลูกปาล์มน้ำมัน,40,321 | 322 | 323 | 324 | 325 | 326 | 327 | 328 | 329 | 330 | 331 | 332 | 333 | 334 | 335 | 336 | 337 | 338 | 339 | 340 | 341 | 342 | 343 | 344 | 345 | 346 | 347 | 348 | 349 | 350 | 351 | 352 | 353 | 354 | 355 | 356 | 357 | 358 | 359 | 360,/plants/how-to-grow-oil-palm-guide | /plants/how-to-grow-oil-palm-beginner | /plants/how-to-grow-oil-palm-problems | /plants/how-to-grow-oil-palm-cost | /plants/how-to-grow-oil-palm-compare | /plants/how-to-grow-oil-palm-calendar | /plants/how-to-grow-oil-palm-mistakes | /plants/how-to-grow-oil-palm-faq | /plants/how-to-grow-oil-palm-decision | /plants/how-to-grow-oil-palm-answer | /plants/calendar-oil-palm-guide | /plants/calendar-oil-palm-beginner | /plants/calendar-oil-palm-problems | /plants/calendar-oil-palm-cost | /plants/calendar-oil-palm-compare | /plants/calendar-oil-palm-calendar | /plants/calendar-oil-palm-mistakes | /plants/calendar-oil-palm-faq | /plants/calendar-oil-palm-decision | /plants/calendar-oil-palm-answer | /plants/choose-variety-oil-palm-guide | /plants/choose-variety-oil-palm-beginner | /plants/choose-variety-oil-palm-problems | /plants/choose-variety-oil-palm-cost | /plants/choose-variety-oil-palm-compare | /plants/choose-variety-oil-palm-calendar | /plants/choose-variety-oil-palm-mistakes | /plants/choose-variety-oil-palm-faq | /plants/choose-variety-oil-palm-decision | /plants/choose-variety-oil-palm-answer | /plants/care-oil-palm-guide | /plants/care-oil-palm-beginner | /plants/care-oil-palm-problems | /plants/care-oil-palm-cost | /plants/care-oil-palm-compare | /plants/care-oil-palm-calendar | /plants/care-oil-palm-mistakes | /plants/care-oil-palm-faq | /plants/care-oil-palm-decision | /plants/care-oil-palm-answer,P1:10 | P2:30,processed_existing_catalog,5,เมล็ดพันธุ์ ปาล์มน้ำมัน | ปุ๋ย ปาล์มน้ำมัน
ผักกาดขาว,,ปลูกพืช,ผักกินใบ,ผักกาดขาว,ดูแลผักกาดขาว | ปฏิทินปลูกผักกาดขาว | พันธุ์ผักกาดขาว | วิธีปลูกผักกาดขาว,40,921 | 922 | 923 | 924 | 925 | 926 | 927 | 928 | 929 | 930 | 931 | 932 | 933 | 934 | 935 | 936 | 937 | 938 | 939 | 940 | 941 | 942 | 943 | 944 | 945 | 946 | 947 | 948 | 949 | 950 | 951 | 952 | 953 | 954 | 955 | 956 | 957 | 958 | 959 | 960,/plants/how-to-grow-chinese-cabbage-guide | /plants/how-to-grow-chinese-cabbage-beginner | /plants/how-to-grow-chinese-cabbage-problems | /plants/how-to-grow-chinese-cabbage-cost | /plants/how-to-grow-chinese-cabbage-compare | /plants/how-to-grow-chinese-cabbage-calendar | /plants/how-to-grow-chinese-cabbage-mistakes | /plants/how-to-grow-chinese-cabbage-faq | /plants/how-to-grow-chinese-cabbage-decision | /plants/how-to-grow-chinese-cabbage-answer | /plants/calendar-chinese-cabbage-guide | /plants/calendar-chinese-cabbage-beginner | /plants/calendar-chinese-cabbage-problems | /plants/calendar-chinese-cabbage-cost | /plants/calendar-chinese-cabbage-compare | /plants/calendar-chinese-cabbage-calendar | /plants/calendar-chinese-cabbage-mistakes | /plants/calendar-chinese-cabbage-faq | /plants/calendar-chinese-cabbage-decision | /plants/calendar-chinese-cabbage-answer | /plants/choose-variety-chinese-cabbage-guide | /plants/choose-variety-chinese-cabbage-beginner | /plants/choose-variety-chinese-cabbage-problems | /plants/choose-variety-chinese-cabbage-cost | /plants/choose-variety-chinese-cabbage-compare | /plants/choose-variety-chinese-cabbage-calendar | /plants/choose-variety-chinese-cabbage-mistakes | /plants/choose-variety-chinese-cabbage-faq | /plants/choose-variety-chinese-cabbage-decision | /plants/choose-variety-chinese-cabbage-answer | /plants/care-chinese-cabbage-guide | /plants/care-chinese-cabbage-beginner | /plants/care-chinese-cabbage-problems | /plants/care-chinese-cabbage-cost | /plants/care-chinese-cabbage-compare | /plants/care-chinese-cabbage-calendar | /plants/care-chinese-cabbage-mistakes | /plants/care-chinese-cabbage-faq | /plants/care-chinese-cabbage-decision | /plants/care-chinese-cabbage-answer,P1:10 | P2:30,processed_existing_catalog,3,เมล็ดพันธุ์ ผักกาดขาว | ปุ๋ย ผักกาดขาว
ผักชี,,ปลูกพืช,ผักสวนครัวและสมุนไพร,ผักชี,ดูแลผักชี | ปฏิทินปลูกผักชี | พันธุ์ผักชี | วิธีปลูกผักชี,40,1001 | 1002 | 1003 | 1004 | 1005 | 1006 | 1007 | 1008 | 1009 | 1010 | 1011 | 1012 | 1013 | 1014 | 1015 | 1016 | 1017 | 1018 | 1019 | 1020 | 1021 | 1022 | 1023 | 1024 | 1025 | 1026 | 1027 | 1028 | 1029 | 1030 | 1031 | 1032 | 1033 | 1034 | 1035 | 1036 | 1037 | 1038 | 1039 | 1040,/plants/how-to-grow-coriander-guide | /plants/how-to-grow-coriander-beginner | /plants/how-to-grow-coriander-problems | /plants/how-to-grow-coriander-cost | /plants/how-to-grow-coriander-compare | /plants/how-to-grow-coriander-calendar | /plants/how-to-grow-coriander-mistakes | /plants/how-to-grow-coriander-faq | /plants/how-to-grow-coriander-decision | /plants/how-to-grow-coriander-answer | /plants/calendar-coriander-guide | /plants/calendar-coriander-beginner | /plants/calendar-coriander-problems | /plants/calendar-coriander-cost | /plants/calendar-coriander-compare | /plants/calendar-coriander-calendar | /plants/calendar-coriander-mistakes | /plants/calendar-coriander-faq | /plants/calendar-coriander-decision | /plants/calendar-coriander-answer | /plants/choose-variety-coriander-guide | /plants/choose-variety-coriander-beginner | /plants/choose-variety-coriander-problems | /plants/choose-variety-coriander-cost | /plants/choose-variety-coriander-compare | /plants/choose-variety-coriander-calendar | /plants/choose-variety-coriander-mistakes | /plants/choose-variety-coriander-faq | /plants/choose-variety-coriander-decision | /plants/choose-variety-coriander-answer | /plants/care-coriander-guide | /plants/care-coriander-beginner | /plants/care-coriander-problems | /plants/care-coriander-cost | /plants/care-coriander-compare | /plants/care-coriander-calendar | /plants/care-coriander-mistakes | /plants/care-coriander-faq | /plants/care-coriander-decision | /plants/care-coriander-answer,P1:10 | P2:30,processed_existing_catalog,3,เมล็ดพันธุ์ ผักชี | ปุ๋ย ผักชี
ผักบุ้ง,,ปลูกพืช,ผักกินใบ,ผักบุ้ง,ดูแลผักบุ้ง | ปฏิทินปลูกผักบุ้ง | พันธุ์ผักบุ้ง | วิธีปลูกผักบุ้ง,40,881 | 882 | 883 | 884 | 885 | 886 | 887 | 888 | 889 | 890 | 891 | 892 | 893 | 894 | 895 | 896 | 897 | 898 | 899 | 900 | 901 | 902 | 903 | 904 | 905 | 906 | 907 | 908 | 909 | 910 | 911 | 912 | 913 | 914 | 915 | 916 | 917 | 918 | 919 | 920,/plants/how-to-grow-morning-glory-guide | /plants/how-to-grow-morning-glory-beginner | /plants/how-to-grow-morning-glory-problems | /plants/how-to-grow-morning-glory-cost | /plants/how-to-grow-morning-glory-compare | /plants/how-to-grow-morning-glory-calendar | /plants/how-to-grow-morning-glory-mistakes | /plants/how-to-grow-morning-glory-faq | /plants/how-to-grow-morning-glory-decision | /plants/how-to-grow-morning-glory-answer | /plants/calendar-morning-glory-guide | /plants/calendar-morning-glory-beginner | /plants/calendar-morning-glory-problems | /plants/calendar-morning-glory-cost | /plants/calendar-morning-glory-compare | /plants/calendar-morning-glory-calendar | /plants/calendar-morning-glory-mistakes | /plants/calendar-morning-glory-faq | /plants/calendar-morning-glory-decision | /plants/calendar-morning-glory-answer | /plants/choose-variety-morning-glory-guide | /plants/choose-variety-morning-glory-beginner | /plants/choose-variety-morning-glory-problems | /plants/choose-variety-morning-glory-cost | /plants/choose-variety-morning-glory-compare | /plants/choose-variety-morning-glory-calendar | /plants/choose-variety-morning-glory-mistakes | /plants/choose-variety-morning-glory-faq | /plants/choose-variety-morning-glory-decision | /plants/choose-variety-morning-glory-answer | /plants/care-morning-glory-guide | /plants/care-morning-glory-beginner | /plants/care-morning-glory-problems | /plants/care-morning-glory-cost | /plants/care-morning-glory-compare | /plants/care-morning-glory-calendar | /plants/care-morning-glory-mistakes | /plants/care-morning-glory-faq | /plants/care-morning-glory-decision | /plants/care-morning-glory-answer,P1:10 | P2:30,processed_existing_catalog,2,เมล็ดพันธุ์ ผักบุ้ง | ปุ๋ย ผักบุ้ง
ผักสลัด,,ปลูกพืช,ผักกินใบ,ผักสลัด,ดูแลผักสลัด | ปฏิทินปลูกผักสลัด | พันธุ์ผักสลัด | วิธีปลูกผักสลัด,40,961 | 962 | 963 | 964 | 965 | 966 | 967 | 968 | 969 | 970 | 971 | 972 | 973 | 974 | 975 | 976 | 977 | 978 | 979 | 980 | 981 | 982 | 983 | 984 | 985 | 986 | 987 | 988 | 989 | 990 | 991 | 992 | 993 | 994 | 995 | 996 | 997 | 998 | 999 | 1000,/plants/how-to-grow-lettuce-guide | /plants/how-to-grow-lettuce-beginner | /plants/how-to-grow-lettuce-problems | /plants/how-to-grow-lettuce-cost | /plants/how-to-grow-lettuce-compare | /plants/how-to-grow-lettuce-calendar | /plants/how-to-grow-lettuce-mistakes | /plants/how-to-grow-lettuce-faq | /plants/how-to-grow-lettuce-decision | /plants/how-to-grow-lettuce-answer | /plants/calendar-lettuce-guide | /plants/calendar-lettuce-beginner | /plants/calendar-lettuce-problems | /plants/calendar-lettuce-cost | /plants/calendar-lettuce-compare | /plants/calendar-lettuce-calendar | /plants/calendar-lettuce-mistakes | /plants/calendar-lettuce-faq | /plants/calendar-lettuce-decision | /plants/calendar-lettuce-answer | /plants/choose-variety-lettuce-guide | /plants/choose-variety-lettuce-beginner | /plants/choose-variety-lettuce-problems | /plants/choose-variety-lettuce-cost | /plants/choose-variety-lettuce-compare | /plants/choose-variety-lettuce-calendar | /plants/choose-variety-lettuce-mistakes | /plants/choose-variety-lettuce-faq | /plants/choose-variety-lettuce-decision | /plants/choose-variety-lettuce-answer | /plants/care-lettuce-guide | /plants/care-lettuce-beginner | /plants/care-lettuce-problems | /plants/care-lettuce-cost | /plants/care-lettuce-compare | /plants/care-lettuce-calendar | /plants/care-lettuce-mistakes | /plants/care-lettuce-faq | /plants/care-lettuce-decision | /plants/care-lettuce-answer,P1:10 | P2:30,processed_existing_catalog,2,เมล็ดพันธุ์ ผักสลัด | ปุ๋ย ผักสลัด
เผือก,,ปลูกพืช,พืชไร่และพืชเศรษฐกิจ,เผือก,ดูแลเผือก | ปฏิทินปลูกเผือก | พันธุ์เผือก | วิธีปลูกเผือก,40,561 | 562 | 563 | 564 | 565 | 566 | 567 | 568 | 569 | 570 | 571 | 572 | 573 | 574 | 575 | 576 | 577 | 578 | 579 | 580 | 581 | 582 | 583 | 584 | 585 | 586 | 587 | 588 | 589 | 590 | 591 | 592 | 593 | 594 | 595 | 596 | 597 | 598 | 599 | 600,/plants/how-to-grow-taro-guide | /plants/how-to-grow-taro-beginner | /plants/how-to-grow-taro-problems | /plants/how-to-grow-taro-cost | /plants/how-to-grow-taro-compare | /plants/how-to-grow-taro-calendar | /plants/how-to-grow-taro-mistakes | /plants/how-to-grow-taro-faq | /plants/how-to-grow-taro-decision | /plants/how-to-grow-taro-answer | /plants/calendar-taro-guide | /plants/calendar-taro-beginner | /plants/calendar-taro-problems | /plants/calendar-taro-cost | /plants/calendar-taro-compare | /plants/calendar-taro-calendar | /plants/calendar-taro-mistakes | /plants/calendar-taro-faq | /plants/calendar-taro-decision | /plants/calendar-taro-answer | /plants/choose-variety-taro-guide | /plants/choose-variety-taro-beginner | /plants/choose-variety-taro-problems | /plants/choose-variety-taro-cost | /plants/choose-variety-taro-compare | /plants/choose-variety-taro-calendar | /plants/choose-variety-taro-mistakes | /plants/choose-variety-taro-faq | /plants/choose-variety-taro-decision | /plants/choose-variety-taro-answer | /plants/care-taro-guide | /plants/care-taro-beginner | /plants/care-taro-problems | /plants/care-taro-cost | /plants/care-taro-compare | /plants/care-taro-calendar | /plants/care-taro-mistakes | /plants/care-taro-faq | /plants/care-taro-decision | /plants/care-taro-answer,P1:10 | P2:30,processed_existing_catalog,5,เมล็ดพันธุ์ เผือก | ปุ๋ย เผือก
ไผ่,,ปลูกพืช,ไม้เศรษฐกิจ,ไผ่,ดูแลไผ่ | ปฏิทินปลูกไผ่ | พันธุ์ไผ่ | วิธีปลูกไผ่,40,2201 | 2202 | 2203 | 2204 | 2205 | 2206 | 2207 | 2208 | 2209 | 2210 | 2211 | 2212 | 2213 | 2214 | 2215 | 2216 | 2217 | 2218 | 2219 | 2220 | 2221 | 2222 | 2223 | 2224 | 2225 | 2226 | 2227 | 2228 | 2229 | 2230 | 2231 | 2232 | 2233 | 2234 | 2235 | 2236 | 2237 | 2238 | 2239 | 2240,/plants/how-to-grow-bamboo-guide | /plants/how-to-grow-bamboo-beginner | /plants/how-to-grow-bamboo-problems | /plants/how-to-grow-bamboo-cost | /plants/how-to-grow-bamboo-compare | /plants/how-to-grow-bamboo-calendar | /plants/how-to-grow-bamboo-mistakes | /plants/how-to-grow-bamboo-faq | /plants/how-to-grow-bamboo-decision | /plants/how-to-grow-bamboo-answer | /plants/calendar-bamboo-guide | /plants/calendar-bamboo-beginner | /plants/calendar-bamboo-problems | /plants/calendar-bamboo-cost | /plants/calendar-bamboo-compare | /plants/calendar-bamboo-calendar | /plants/calendar-bamboo-mistakes | /plants/calendar-bamboo-faq | /plants/calendar-bamboo-decision | /plants/calendar-bamboo-answer | /plants/choose-variety-bamboo-guide | /plants/choose-variety-bamboo-beginner | /plants/choose-variety-bamboo-problems | /plants/choose-variety-bamboo-cost | /plants/choose-variety-bamboo-compare | /plants/choose-variety-bamboo-calendar | /plants/choose-variety-bamboo-mistakes | /plants/choose-variety-bamboo-faq | /plants/choose-variety-bamboo-decision | /plants/choose-variety-bamboo-answer | /plants/care-bamboo-guide | /plants/care-bamboo-beginner | /plants/care-bamboo-problems | /plants/care-bamboo-cost | /plants/care-bamboo-compare | /plants/care-bamboo-calendar | /plants/care-bamboo-mistakes | /plants/care-bamboo-faq | /plants/care-bamboo-decision | /plants/care-bamboo-answer,P1:10 | P2:30,processed_existing_catalog,2,เมล็ดพันธุ์ ไผ่ | ปุ๋ย ไผ่
ฝรั่ง,,ปลูกพืช,ไม้ผล,ฝรั่ง,ดูแลฝรั่ง | ปฏิทินปลูกฝรั่ง | พันธุ์ฝรั่ง | วิธีปลูกฝรั่ง,40,1921 | 1922 | 1923 | 1924 | 1925 | 1926 | 1927 | 1928 | 1929 | 1930 | 1931 | 1932 | 1933 | 1934 | 1935 | 1936 | 1937 | 1938 | 1939 | 1940 | 1941 | 1942 | 1943 | 1944 | 1945 | 1946 | 1947 | 1948 | 1949 | 1950 | 1951 | 1952 | 1953 | 1954 | 1955 | 1956 | 1957 | 1958 | 1959 | 1960,/plants/how-to-grow-guava-guide | /plants/how-to-grow-guava-beginner | /plants/how-to-grow-guava-problems | /plants/how-to-grow-guava-cost | /plants/how-to-grow-guava-compare | /plants/how-to-grow-guava-calendar | /plants/how-to-grow-guava-mistakes | /plants/how-to-grow-guava-faq | /plants/how-to-grow-guava-decision | /plants/how-to-grow-guava-answer | /plants/calendar-guava-guide | /plants/calendar-guava-beginner | /plants/calendar-guava-problems | /plants/calendar-guava-cost | /plants/calendar-guava-compare | /plants/calendar-guava-calendar | /plants/calendar-guava-mistakes | /plants/calendar-guava-faq | /plants/calendar-guava-decision | /plants/calendar-guava-answer | /plants/choose-variety-guava-guide | /plants/choose-variety-guava-beginner | /plants/choose-variety-guava-problems | /plants/choose-variety-guava-cost | /plants/choose-variety-guava-compare | /plants/choose-variety-guava-calendar | /plants/choose-variety-guava-mistakes | /plants/choose-variety-guava-faq | /plants/choose-variety-guava-decision | /plants/choose-variety-guava-answer | /plants/care-guava-guide | /plants/care-guava-beginner | /plants/care-guava-problems | /plants/care-guava-cost | /plants/care-guava-compare | /plants/care-guava-calendar | /plants/care-guava-mistakes | /plants/care-guava-faq | /plants/care-guava-decision | /plants/care-guava-answer,P1:10 | P2:30,processed_existing_catalog,2,เมล็ดพันธุ์ ฝรั่ง | ปุ๋ย ฝรั่ง
พริก,,ปลูกพืช,ผักสวนครัวและผักกินผล,พริก,ดูแลพริก | ปฏิทินปลูกพริก | พันธุ์พริก | วิธีปลูกพริก,40,601 | 602 | 603 | 604 | 605 | 606 | 607 | 608 | 609 | 610 | 611 | 612 | 613 | 614 | 615 | 616 | 617 | 618 | 619 | 620 | 621 | 622 | 623 | 624 | 625 | 626 | 627 | 628 | 629 | 630 | 631 | 632 | 633 | 634 | 635 | 636 | 637 | 638 | 639 | 640,/plants/how-to-grow-chili-guide | /plants/how-to-grow-chili-beginner | /plants/how-to-grow-chili-problems | /plants/how-to-grow-chili-cost | /plants/how-to-grow-chili-compare | /plants/how-to-grow-chili-calendar | /plants/how-to-grow-chili-mistakes | /plants/how-to-grow-chili-faq | /plants/how-to-grow-chili-decision | /plants/how-to-grow-chili-answer | /plants/calendar-chili-guide | /plants/calendar-chili-beginner | /plants/calendar-chili-problems | /plants/calendar-chili-cost | /plants/calendar-chili-compare | /plants/calendar-chili-calendar | /plants/calendar-chili-mistakes | /plants/calendar-chili-faq | /plants/calendar-chili-decision | /plants/calendar-chili-answer | /plants/choose-variety-chili-guide | /plants/choose-variety-chili-beginner | /plants/choose-variety-chili-problems | /plants/choose-variety-chili-cost | /plants/choose-variety-chili-compare | /plants/choose-variety-chili-calendar | /plants/choose-variety-chili-mistakes | /plants/choose-variety-chili-faq | /plants/choose-variety-chili-decision | /plants/choose-variety-chili-answer | /plants/care-chili-guide | /plants/care-chili-beginner | /plants/care-chili-problems | /plants/care-chili-cost | /plants/care-chili-compare | /plants/care-chili-calendar | /plants/care-chili-mistakes | /plants/care-chili-faq | /plants/care-chili-decision | /plants/care-chili-answer,P1:10 | P2:30,processed_existing_catalog,4,เมล็ดพันธุ์ พริก | ปุ๋ย พริก
ฟักทอง,,ปลูกพืช,ผักสวนครัวและผักกินผล,ฟักทอง,ดูแลฟักทอง | ปฏิทินปลูกฟักทอง | พันธุ์ฟักทอง | วิธีปลูกฟักทอง,40,721 | 722 | 723 | 724 | 725 | 726 | 727 | 728 | 729 | 730 | 731 | 732 | 733 | 734 | 735 | 736 | 737 | 738 | 739 | 740 | 741 | 742 | 743 | 744 | 745 | 746 | 747 | 748 | 749 | 750 | 751 | 752 | 753 | 754 | 755 | 756 | 757 | 758 | 759 | 760,/plants/how-to-grow-pumpkin-guide | /plants/how-to-grow-pumpkin-beginner | /plants/how-to-grow-pumpkin-problems | /plants/how-to-grow-pumpkin-cost | /plants/how-to-grow-pumpkin-compare | /plants/how-to-grow-pumpkin-calendar | /plants/how-to-grow-pumpkin-mistakes | /plants/how-to-grow-pumpkin-faq | /plants/how-to-grow-pumpkin-decision | /plants/how-to-grow-pumpkin-answer | /plants/calendar-pumpkin-guide | /plants/calendar-pumpkin-beginner | /plants/calendar-pumpkin-problems | /plants/calendar-pumpkin-cost | /plants/calendar-pumpkin-compare | /plants/calendar-pumpkin-calendar | /plants/calendar-pumpkin-mistakes | /plants/calendar-pumpkin-faq | /plants/calendar-pumpkin-decision | /plants/calendar-pumpkin-answer | /plants/choose-variety-pumpkin-guide | /plants/choose-variety-pumpkin-beginner | /plants/choose-variety-pumpkin-problems | /plants/choose-variety-pumpkin-cost | /plants/choose-variety-pumpkin-compare | /plants/choose-variety-pumpkin-calendar | /plants/choose-variety-pumpkin-mistakes | /plants/choose-variety-pumpkin-faq | /plants/choose-variety-pumpkin-decision | /plants/choose-variety-pumpkin-answer | /plants/care-pumpkin-guide | /plants/care-pumpkin-beginner | /plants/care-pumpkin-problems | /plants/care-pumpkin-cost | /plants/care-pumpkin-compare | /plants/care-pumpkin-calendar | /plants/care-pumpkin-mistakes | /plants/care-pumpkin-faq | /plants/care-pumpkin-decision | /plants/care-pumpkin-answer,P1:10 | P2:30,processed_existing_catalog,4,เมล็ดพันธุ์ ฟักทอง | ปุ๋ย ฟักทอง
มะเขือเทศ,,ปลูกพืช,ผักสวนครัวและผักกินผล,มะเขือเทศ,ดูแลมะเขือเทศ | ปฏิทินปลูกมะเขือเทศ | พันธุ์มะเขือเทศ | วิธีปลูกมะเขือเทศ,40,641 | 642 | 643 | 644 | 645 | 646 | 647 | 648 | 649 | 650 | 651 | 652 | 653 | 654 | 655 | 656 | 657 | 658 | 659 | 660 | 661 | 662 | 663 | 664 | 665 | 666 | 667 | 668 | 669 | 670 | 671 | 672 | 673 | 674 | 675 | 676 | 677 | 678 | 679 | 680,/plants/how-to-grow-tomato-guide | /plants/how-to-grow-tomato-beginner | /plants/how-to-grow-tomato-problems | /plants/how-to-grow-tomato-cost | /plants/how-to-grow-tomato-compare | /plants/how-to-grow-tomato-calendar | /plants/how-to-grow-tomato-mistakes | /plants/how-to-grow-tomato-faq | /plants/how-to-grow-tomato-decision | /plants/how-to-grow-tomato-answer | /plants/calendar-tomato-guide | /plants/calendar-tomato-beginner | /plants/calendar-tomato-problems | /plants/calendar-tomato-cost | /plants/calendar-tomato-compare | /plants/calendar-tomato-calendar | /plants/calendar-tomato-mistakes | /plants/calendar-tomato-faq | /plants/calendar-tomato-decision | /plants/calendar-tomato-answer | /plants/choose-variety-tomato-guide | /plants/choose-variety-tomato-beginner | /plants/choose-variety-tomato-problems | /plants/choose-variety-tomato-cost | /plants/choose-variety-tomato-compare | /plants/choose-variety-tomato-calendar | /plants/choose-variety-tomato-mistakes | /plants/choose-variety-tomato-faq | /plants/choose-variety-tomato-decision | /plants/choose-variety-tomato-answer | /plants/care-tomato-guide | /plants/care-tomato-beginner | /plants/care-tomato-problems | /plants/care-tomato-cost | /plants/care-tomato-compare | /plants/care-tomato-calendar | /plants/care-tomato-mistakes | /plants/care-tomato-faq | /plants/care-tomato-decision | /plants/care-tomato-answer,P1:10 | P2:30,processed_existing_catalog,4,เมล็ดพันธุ์ มะเขือเทศ | ปุ๋ย มะเขือเทศ
มะนาว,,ปลูกพืช,ไม้ผล,มะนาว,ดูแลมะนาว | ปฏิทินปลูกมะนาว | พันธุ์มะนาว | วิธีปลูกมะนาว,40,1961 | 1962 | 1963 | 1964 | 1965 | 1966 | 1967 | 1968 | 1969 | 1970 | 1971 | 1972 | 1973 | 1974 | 1975 | 1976 | 1977 | 1978 | 1979 | 1980 | 1981 | 1982 | 1983 | 1984 | 1985 | 1986 | 1987 | 1988 | 1989 | 1990 | 1991 | 1992 | 1993 | 1994 | 1995 | 1996 | 1997 | 1998 | 1999 | 2000,/plants/how-to-grow-lime-guide | /plants/how-to-grow-lime-beginner | /plants/how-to-grow-lime-problems | /plants/how-to-grow-lime-cost | /plants/how-to-grow-lime-compare | /plants/how-to-grow-lime-calendar | /plants/how-to-grow-lime-mistakes | /plants/how-to-grow-lime-faq | /plants/how-to-grow-lime-decision | /plants/how-to-grow-lime-answer | /plants/calendar-lime-guide | /plants/calendar-lime-beginner | /plants/calendar-lime-problems | /plants/calendar-lime-cost | /plants/calendar-lime-compare | /plants/calendar-lime-calendar | /plants/calendar-lime-mistakes | /plants/calendar-lime-faq | /plants/calendar-lime-decision | /plants/calendar-lime-answer | /plants/choose-variety-lime-guide | /plants/choose-variety-lime-beginner | /plants/choose-variety-lime-problems | /plants/choose-variety-lime-cost | /plants/choose-variety-lime-compare | /plants/choose-variety-lime-calendar | /plants/choose-variety-lime-mistakes | /plants/choose-variety-lime-faq | /plants/choose-variety-lime-decision | /plants/choose-variety-lime-answer | /plants/care-lime-guide | /plants/care-lime-beginner | /plants/care-lime-problems | /plants/care-lime-cost | /plants/care-lime-compare | /plants/care-lime-calendar | /plants/care-lime-mistakes | /plants/care-lime-faq | /plants/care-lime-decision | /plants/care-lime-answer,P1:10 | P2:30,processed_existing_catalog,2,เมล็ดพันธุ์ มะนาว | ปุ๋ย มะนาว
มะพร้าว,,ปลูกพืช,ไม้ผล,มะพร้าว,ดูแลมะพร้าว | ปฏิทินปลูกมะพร้าว | พันธุ์มะพร้าว | วิธีปลูกมะพร้าว,40,1841 | 1842 | 1843 | 1844 | 1845 | 1846 | 1847 | 1848 | 1849 | 1850 | 1851 | 1852 | 1853 | 1854 | 1855 | 1856 | 1857 | 1858 | 1859 | 1860 | 1861 | 1862 | 1863 | 1864 | 1865 | 1866 | 1867 | 1868 | 1869 | 1870 | 1871 | 1872 | 1873 | 1874 | 1875 | 1876 | 1877 | 1878 | 1879 | 1880,/plants/how-to-grow-coconut-guide | /plants/how-to-grow-coconut-beginner | /plants/how-to-grow-coconut-problems | /plants/how-to-grow-coconut-cost | /plants/how-to-grow-coconut-compare | /plants/how-to-grow-coconut-calendar | /plants/how-to-grow-coconut-mistakes | /plants/how-to-grow-coconut-faq | /plants/how-to-grow-coconut-decision | /plants/how-to-grow-coconut-answer | /plants/calendar-coconut-guide | /plants/calendar-coconut-beginner | /plants/calendar-coconut-problems | /plants/calendar-coconut-cost | /plants/calendar-coconut-compare | /plants/calendar-coconut-calendar | /plants/calendar-coconut-mistakes | /plants/calendar-coconut-faq | /plants/calendar-coconut-decision | /plants/calendar-coconut-answer | /plants/choose-variety-coconut-guide | /plants/choose-variety-coconut-beginner | /plants/choose-variety-coconut-problems | /plants/choose-variety-coconut-cost | /plants/choose-variety-coconut-compare | /plants/choose-variety-coconut-calendar | /plants/choose-variety-coconut-mistakes | /plants/choose-variety-coconut-faq | /plants/choose-variety-coconut-decision | /plants/choose-variety-coconut-answer | /plants/care-coconut-guide | /plants/care-coconut-beginner | /plants/care-coconut-problems | /plants/care-coconut-cost | /plants/care-coconut-compare | /plants/care-coconut-calendar | /plants/care-coconut-mistakes | /plants/care-coconut-faq | /plants/care-coconut-decision | /plants/care-coconut-answer,P1:10 | P2:30,processed_existing_catalog,3,เมล็ดพันธุ์ มะพร้าว | ปุ๋ย มะพร้าว
มะม่วง,,ปลูกพืช,ไม้ผล,มะม่วง,ดูแลมะม่วง | ปฏิทินปลูกมะม่วง | พันธุ์มะม่วง | วิธีปลูกมะม่วง,40,1561 | 1562 | 1563 | 1564 | 1565 | 1566 | 1567 | 1568 | 1569 | 1570 | 1571 | 1572 | 1573 | 1574 | 1575 | 1576 | 1577 | 1578 | 1579 | 1580 | 1581 | 1582 | 1583 | 1584 | 1585 | 1586 | 1587 | 1588 | 1589 | 1590 | 1591 | 1592 | 1593 | 1594 | 1595 | 1596 | 1597 | 1598 | 1599 | 1600,/plants/how-to-grow-mango-guide | /plants/how-to-grow-mango-beginner | /plants/how-to-grow-mango-problems | /plants/how-to-grow-mango-cost | /plants/how-to-grow-mango-compare | /plants/how-to-grow-mango-calendar | /plants/how-to-grow-mango-mistakes | /plants/how-to-grow-mango-faq | /plants/how-to-grow-mango-decision | /plants/how-to-grow-mango-answer | /plants/calendar-mango-guide | /plants/calendar-mango-beginner | /plants/calendar-mango-problems | /plants/calendar-mango-cost | /plants/calendar-mango-compare | /plants/calendar-mango-calendar | /plants/calendar-mango-mistakes | /plants/calendar-mango-faq | /plants/calendar-mango-decision | /plants/calendar-mango-answer | /plants/choose-variety-mango-guide | /plants/choose-variety-mango-beginner | /plants/choose-variety-mango-problems | /plants/choose-variety-mango-cost | /plants/choose-variety-mango-compare | /plants/choose-variety-mango-calendar | /plants/choose-variety-mango-mistakes | /plants/choose-variety-mango-faq | /plants/choose-variety-mango-decision | /plants/choose-variety-mango-answer | /plants/care-mango-guide | /plants/care-mango-beginner | /plants/care-mango-problems | /plants/care-mango-cost | /plants/care-mango-compare | /plants/care-mango-calendar | /plants/care-mango-mistakes | /plants/care-mango-faq | /plants/care-mango-decision | /plants/care-mango-answer,P1:10 | P2:30,processed_existing_catalog,3,เมล็ดพันธุ์ มะม่วง | ปุ๋ย มะม่วง
มะละกอ,,ปลูกพืช,ไม้ผล,มะละกอ,ดูแลมะละกอ | ปฏิทินปลูกมะละกอ | พันธุ์มะละกอ | วิธีปลูกมะละกอ,40,1801 | 1802 | 1803 | 1804 | 1805 | 1806 | 1807 | 1808 | 1809 | 1810 | 1811 | 1812 | 1813 | 1814 | 1815 | 1816 | 1817 | 1818 | 1819 | 1820 | 1821 | 1822 | 1823 | 1824 | 1825 | 1826 | 1827 | 1828 | 1829 | 1830 | 1831 | 1832 | 1833 | 1834 | 1835 | 1836 | 1837 | 1838 | 1839 | 1840,/plants/how-to-grow-papaya-guide | /plants/how-to-grow-papaya-beginner | /plants/how-to-grow-papaya-problems | /plants/how-to-grow-papaya-cost | /plants/how-to-grow-papaya-compare | /plants/how-to-grow-papaya-calendar | /plants/how-to-grow-papaya-mistakes | /plants/how-to-grow-papaya-faq | /plants/how-to-grow-papaya-decision | /plants/how-to-grow-papaya-answer | /plants/calendar-papaya-guide | /plants/calendar-papaya-beginner | /plants/calendar-papaya-problems | /plants/calendar-papaya-cost | /plants/calendar-papaya-compare | /plants/calendar-papaya-calendar | /plants/calendar-papaya-mistakes | /plants/calendar-papaya-faq | /plants/calendar-papaya-decision | /plants/calendar-papaya-answer | /plants/choose-variety-papaya-guide | /plants/choose-variety-papaya-beginner | /plants/choose-variety-papaya-problems | /plants/choose-variety-papaya-cost | /plants/choose-variety-papaya-compare | /plants/choose-variety-papaya-calendar | /plants/choose-variety-papaya-mistakes | /plants/choose-variety-papaya-faq | /plants/choose-variety-papaya-decision | /plants/choose-variety-papaya-answer | /plants/care-papaya-guide | /plants/care-papaya-beginner | /plants/care-papaya-problems | /plants/care-papaya-cost | /plants/care-papaya-compare | /plants/care-papaya-calendar | /plants/care-papaya-mistakes | /plants/care-papaya-faq | /plants/care-papaya-decision | /plants/care-papaya-answer,P1:10 | P2:30,processed_existing_catalog,3,เมล็ดพันธุ์ มะละกอ | ปุ๋ย มะละกอ
มังคุด,,ปลูกพืช,ไม้ผล,มังคุด,ดูแลมังคุด | ปฏิทินปลูกมังคุด | พันธุ์มังคุด | วิธีปลูกมังคุด,40,1721 | 1722 | 1723 | 1724 | 1725 | 1726 | 1727 | 1728 | 1729 | 1730 | 1731 | 1732 | 1733 | 1734 | 1735 | 1736 | 1737 | 1738 | 1739 | 1740 | 1741 | 1742 | 1743 | 1744 | 1745 | 1746 | 1747 | 1748 | 1749 | 1750 | 1751 | 1752 | 1753 | 1754 | 1755 | 1756 | 1757 | 1758 | 1759 | 1760,/plants/how-to-grow-mangosteen-guide | /plants/how-to-grow-mangosteen-beginner | /plants/how-to-grow-mangosteen-problems | /plants/how-to-grow-mangosteen-cost | /plants/how-to-grow-mangosteen-compare | /plants/how-to-grow-mangosteen-calendar | /plants/how-to-grow-mangosteen-mistakes | /plants/how-to-grow-mangosteen-faq | /plants/how-to-grow-mangosteen-decision | /plants/how-to-grow-mangosteen-answer | /plants/calendar-mangosteen-guide | /plants/calendar-mangosteen-beginner | /plants/calendar-mangosteen-problems | /plants/calendar-mangosteen-cost | /plants/calendar-mangosteen-compare | /plants/calendar-mangosteen-calendar | /plants/calendar-mangosteen-mistakes | /plants/calendar-mangosteen-faq | /plants/calendar-mangosteen-decision | /plants/calendar-mangosteen-answer | /plants/choose-variety-mangosteen-guide | /plants/choose-variety-mangosteen-beginner | /plants/choose-variety-mangosteen-problems | /plants/choose-variety-mangosteen-cost | /plants/choose-variety-mangosteen-compare | /plants/choose-variety-mangosteen-calendar | /plants/choose-variety-mangosteen-mistakes | /plants/choose-variety-mangosteen-faq | /plants/choose-variety-mangosteen-decision | /plants/choose-variety-mangosteen-answer | /plants/care-mangosteen-guide | /plants/care-mangosteen-beginner | /plants/care-mangosteen-problems | /plants/care-mangosteen-cost | /plants/care-mangosteen-compare | /plants/care-mangosteen-calendar | /plants/care-mangosteen-mistakes | /plants/care-mangosteen-faq | /plants/care-mangosteen-decision | /plants/care-mangosteen-answer,P1:10 | P2:30,processed_existing_catalog,3,เมล็ดพันธุ์ มังคุด | ปุ๋ย มังคุด
มันเทศ,,ปลูกพืช,พืชไร่และพืชเศรษฐกิจ,มันเทศ,ดูแลมันเทศ | ปฏิทินปลูกมันเทศ | พันธุ์มันเทศ | วิธีปลูกมันเทศ,40,521 | 522 | 523 | 524 | 525 | 526 | 527 | 528 | 529 | 530 | 531 | 532 | 533 | 534 | 535 | 536 | 537 | 538 | 539 | 540 | 541 | 542 | 543 | 544 | 545 | 546 | 547 | 548 | 549 | 550 | 551 | 552 | 553 | 554 | 555 | 556 | 557 | 558 | 559 | 560,/plants/how-to-grow-sweet-potato-guide | /plants/how-to-grow-sweet-potato-beginner | /plants/how-to-grow-sweet-potato-problems | /plants/how-to-grow-sweet-potato-cost | /plants/how-to-grow-sweet-potato-compare | /plants/how-to-grow-sweet-potato-calendar | /plants/how-to-grow-sweet-potato-mistakes | /plants/how-to-grow-sweet-potato-faq | /plants/how-to-grow-sweet-potato-decision | /plants/how-to-grow-sweet-potato-answer | /plants/calendar-sweet-potato-guide | /plants/calendar-sweet-potato-beginner | /plants/calendar-sweet-potato-problems | /plants/calendar-sweet-potato-cost | /plants/calendar-sweet-potato-compare | /plants/calendar-sweet-potato-calendar | /plants/calendar-sweet-potato-mistakes | /plants/calendar-sweet-potato-faq | /plants/calendar-sweet-potato-decision | /plants/calendar-sweet-potato-answer | /plants/choose-variety-sweet-potato-guide | /plants/choose-variety-sweet-potato-beginner | /plants/choose-variety-sweet-potato-problems | /plants/choose-variety-sweet-potato-cost | /plants/choose-variety-sweet-potato-compare | /plants/choose-variety-sweet-potato-calendar | /plants/choose-variety-sweet-potato-mistakes | /plants/choose-variety-sweet-potato-faq | /plants/choose-variety-sweet-potato-decision | /plants/choose-variety-sweet-potato-answer | /plants/care-sweet-potato-guide | /plants/care-sweet-potato-beginner | /plants/care-sweet-potato-problems | /plants/care-sweet-potato-cost | /plants/care-sweet-potato-compare | /plants/care-sweet-potato-calendar | /plants/care-sweet-potato-mistakes | /plants/care-sweet-potato-faq | /plants/care-sweet-potato-decision | /plants/care-sweet-potato-answer,P1:10 | P2:30,processed_existing_catalog,5,เมล็ดพันธุ์ มันเทศ | ปุ๋ย มันเทศ
มันสำปะหลัง,,ปลูกพืช,พืชไร่และพืชเศรษฐกิจ,มันสำปะหลัง,ดูแลมันสำปะหลัง | ปฏิทินปลูกมันสำปะหลัง | พันธุ์มันสำปะหลัง | วิธีปลูกมันสำปะหลัง,40,201 | 202 | 203 | 204 | 205 | 206 | 207 | 208 | 209 | 210 | 211 | 212 | 213 | 214 | 215 | 216 | 217 | 218 | 219 | 220 | 221 | 222 | 223 | 224 | 225 | 226 | 227 | 228 | 229 | 230 | 231 | 232 | 233 | 234 | 235 | 236 | 237 | 238 | 239 | 240,/plants/how-to-grow-cassava-guide | /plants/how-to-grow-cassava-beginner | /plants/how-to-grow-cassava-problems | /plants/how-to-grow-cassava-cost | /plants/how-to-grow-cassava-compare | /plants/how-to-grow-cassava-calendar | /plants/how-to-grow-cassava-mistakes | /plants/how-to-grow-cassava-faq | /plants/how-to-grow-cassava-decision | /plants/how-to-grow-cassava-answer | /plants/calendar-cassava-guide | /plants/calendar-cassava-beginner | /plants/calendar-cassava-problems | /plants/calendar-cassava-cost | /plants/calendar-cassava-compare | /plants/calendar-cassava-calendar | /plants/calendar-cassava-mistakes | /plants/calendar-cassava-faq | /plants/calendar-cassava-decision | /plants/calendar-cassava-answer | /plants/choose-variety-cassava-guide | /plants/choose-variety-cassava-beginner | /plants/choose-variety-cassava-problems | /plants/choose-variety-cassava-cost | /plants/choose-variety-cassava-compare | /plants/choose-variety-cassava-calendar | /plants/choose-variety-cassava-mistakes | /plants/choose-variety-cassava-faq | /plants/choose-variety-cassava-decision | /plants/choose-variety-cassava-answer | /plants/care-cassava-guide | /plants/care-cassava-beginner | /plants/care-cassava-problems | /plants/care-cassava-cost | /plants/care-cassava-compare | /plants/care-cassava-calendar | /plants/care-cassava-mistakes | /plants/care-cassava-faq | /plants/care-cassava-decision | /plants/care-cassava-answer,P1:10 | P2:30,processed_existing_catalog,5,เมล็ดพันธุ์ มันสำปะหลัง | ปุ๋ย มันสำปะหลัง
เมล่อน,,ปลูกพืช,ผักสวนครัวและผักกินผล,เมล่อน,ดูแลเมล่อน | ปฏิทินปลูกเมล่อน | พันธุ์เมล่อน | วิธีปลูกเมล่อน,40,801 | 802 | 803 | 804 | 805 | 806 | 807 | 808 | 809 | 810 | 811 | 812 | 813 | 814 | 815 | 816 | 817 | 818 | 819 | 820 | 821 | 822 | 823 | 824 | 825 | 826 | 827 | 828 | 829 | 830 | 831 | 832 | 833 | 834 | 835 | 836 | 837 | 838 | 839 | 840,/plants/how-to-grow-melon-guide | /plants/how-to-grow-melon-beginner | /plants/how-to-grow-melon-problems | /plants/how-to-grow-melon-cost | /plants/how-to-grow-melon-compare | /plants/how-to-grow-melon-calendar | /plants/how-to-grow-melon-mistakes | /plants/how-to-grow-melon-faq | /plants/how-to-grow-melon-decision | /plants/how-to-grow-melon-answer | /plants/calendar-melon-guide | /plants/calendar-melon-beginner | /plants/calendar-melon-problems | /plants/calendar-melon-cost | /plants/calendar-melon-compare | /plants/calendar-melon-calendar | /plants/calendar-melon-mistakes | /plants/calendar-melon-faq | /plants/calendar-melon-decision | /plants/calendar-melon-answer | /plants/choose-variety-melon-guide | /plants/choose-variety-melon-beginner | /plants/choose-variety-melon-problems | /plants/choose-variety-melon-cost | /plants/choose-variety-melon-compare | /plants/choose-variety-melon-calendar | /plants/choose-variety-melon-mistakes | /plants/choose-variety-melon-faq | /plants/choose-variety-melon-decision | /plants/choose-variety-melon-answer | /plants/care-melon-guide | /plants/care-melon-beginner | /plants/care-melon-problems | /plants/care-melon-cost | /plants/care-melon-compare | /plants/care-melon-calendar | /plants/care-melon-mistakes | /plants/care-melon-faq | /plants/care-melon-decision | /plants/care-melon-answer,P1:10 | P2:30,processed_existing_catalog,2,เมล็ดพันธุ์ เมล่อน | ปุ๋ย เมล่อน
ยางพารา,,ปลูกพืช,พืชไร่และพืชเศรษฐกิจ,ยางพารา,ดูแลยางพารา | ปฏิทินปลูกยางพารา | พันธุ์ยางพารา | วิธีปลูกยางพารา,40,281 | 282 | 283 | 284 | 285 | 286 | 287 | 288 | 289 | 290 | 291 | 292 | 293 | 294 | 295 | 296 | 297 | 298 | 299 | 300 | 301 | 302 | 303 | 304 | 305 | 306 | 307 | 308 | 309 | 310 | 311 | 312 | 313 | 314 | 315 | 316 | 317 | 318 | 319 | 320,/plants/how-to-grow-rubber-guide | /plants/how-to-grow-rubber-beginner | /plants/how-to-grow-rubber-problems | /plants/how-to-grow-rubber-cost | /plants/how-to-grow-rubber-compare | /plants/how-to-grow-rubber-calendar | /plants/how-to-grow-rubber-mistakes | /plants/how-to-grow-rubber-faq | /plants/how-to-grow-rubber-decision | /plants/how-to-grow-rubber-answer | /plants/calendar-rubber-guide | /plants/calendar-rubber-beginner | /plants/calendar-rubber-problems | /plants/calendar-rubber-cost | /plants/calendar-rubber-compare | /plants/calendar-rubber-calendar | /plants/calendar-rubber-mistakes | /plants/calendar-rubber-faq | /plants/calendar-rubber-decision | /plants/calendar-rubber-answer | /plants/choose-variety-rubber-guide | /plants/choose-variety-rubber-beginner | /plants/choose-variety-rubber-problems | /plants/choose-variety-rubber-cost | /plants/choose-variety-rubber-compare | /plants/choose-variety-rubber-calendar | /plants/choose-variety-rubber-mistakes | /plants/choose-variety-rubber-faq | /plants/choose-variety-rubber-decision | /plants/choose-variety-rubber-answer | /plants/care-rubber-guide | /plants/care-rubber-beginner | /plants/care-rubber-problems | /plants/care-rubber-cost | /plants/care-rubber-compare | /plants/care-rubber-calendar | /plants/care-rubber-mistakes | /plants/care-rubber-faq | /plants/care-rubber-decision | /plants/care-rubber-answer,P1:10 | P2:30,processed_existing_catalog,4,เมล็ดพันธุ์ ยางพารา | ปุ๋ย ยางพารา
ลำไย,,ปลูกพืช,ไม้ผล,ลำไย,ดูแลลำไย | ปฏิทินปลูกลำไย | พันธุ์ลำไย | วิธีปลูกลำไย,40,1601 | 1602 | 1603 | 1604 | 1605 | 1606 | 1607 | 1608 | 1609 | 1610 | 1611 | 1612 | 1613 | 1614 | 1615 | 1616 | 1617 | 1618 | 1619 | 1620 | 1621 | 1622 | 1623 | 1624 | 1625 | 1626 | 1627 | 1628 | 1629 | 1630 | 1631 | 1632 | 1633 | 1634 | 1635 | 1636 | 1637 | 1638 | 1639 | 1640,/plants/how-to-grow-longan-guide | /plants/how-to-grow-longan-beginner | /plants/how-to-grow-longan-problems | /plants/how-to-grow-longan-cost | /plants/how-to-grow-longan-compare | /plants/how-to-grow-longan-calendar | /plants/how-to-grow-longan-mistakes | /plants/how-to-grow-longan-faq | /plants/how-to-grow-longan-decision | /plants/how-to-grow-longan-answer | /plants/calendar-longan-guide | /plants/calendar-longan-beginner | /plants/calendar-longan-problems | /plants/calendar-longan-cost | /plants/calendar-longan-compare | /plants/calendar-longan-calendar | /plants/calendar-longan-mistakes | /plants/calendar-longan-faq | /plants/calendar-longan-decision | /plants/calendar-longan-answer | /plants/choose-variety-longan-guide | /plants/choose-variety-longan-beginner | /plants/choose-variety-longan-problems | /plants/choose-variety-longan-cost | /plants/choose-variety-longan-compare | /plants/choose-variety-longan-calendar | /plants/choose-variety-longan-mistakes | /plants/choose-variety-longan-faq | /plants/choose-variety-longan-decision | /plants/choose-variety-longan-answer | /plants/care-longan-guide | /plants/care-longan-beginner | /plants/care-longan-problems | /plants/care-longan-cost | /plants/care-longan-compare | /plants/care-longan-calendar | /plants/care-longan-mistakes | /plants/care-longan-faq | /plants/care-longan-decision | /plants/care-longan-answer,P1:10 | P2:30,processed_existing_catalog,1,เมล็ดพันธุ์ ลำไย
ลิ้นจี่,,ปลูกพืช,ไม้ผล,ลิ้นจี่,ดูแลลิ้นจี่ | ปฏิทินปลูกลิ้นจี่ | พันธุ์ลิ้นจี่ | วิธีปลูกลิ้นจี่,40,1641 | 1642 | 1643 | 1644 | 1645 | 1646 | 1647 | 1648 | 1649 | 1650 | 1651 | 1652 | 1653 | 1654 | 1655 | 1656 | 1657 | 1658 | 1659 | 1660 | 1661 | 1662 | 1663 | 1664 | 1665 | 1666 | 1667 | 1668 | 1669 | 1670 | 1671 | 1672 | 1673 | 1674 | 1675 | 1676 | 1677 | 1678 | 1679 | 1680,/plants/how-to-grow-lychee-guide | /plants/how-to-grow-lychee-beginner | /plants/how-to-grow-lychee-problems | /plants/how-to-grow-lychee-cost | /plants/how-to-grow-lychee-compare | /plants/how-to-grow-lychee-calendar | /plants/how-to-grow-lychee-mistakes | /plants/how-to-grow-lychee-faq | /plants/how-to-grow-lychee-decision | /plants/how-to-grow-lychee-answer | /plants/calendar-lychee-guide | /plants/calendar-lychee-beginner | /plants/calendar-lychee-problems | /plants/calendar-lychee-cost | /plants/calendar-lychee-compare | /plants/calendar-lychee-calendar | /plants/calendar-lychee-mistakes | /plants/calendar-lychee-faq | /plants/calendar-lychee-decision | /plants/calendar-lychee-answer | /plants/choose-variety-lychee-guide | /plants/choose-variety-lychee-beginner | /plants/choose-variety-lychee-problems | /plants/choose-variety-lychee-cost | /plants/choose-variety-lychee-compare | /plants/choose-variety-lychee-calendar | /plants/choose-variety-lychee-mistakes | /plants/choose-variety-lychee-faq | /plants/choose-variety-lychee-decision | /plants/choose-variety-lychee-answer | /plants/care-lychee-guide | /plants/care-lychee-beginner | /plants/care-lychee-problems | /plants/care-lychee-cost | /plants/care-lychee-compare | /plants/care-lychee-calendar | /plants/care-lychee-mistakes | /plants/care-lychee-faq | /plants/care-lychee-decision | /plants/care-lychee-answer,P1:10 | P2:30,processed_existing_catalog,3,เมล็ดพันธุ์ ลิ้นจี่ | ปุ๋ย ลิ้นจี่
สตรอว์เบอร์รี,,ปลูกพืช,ไม้ผลและพืชเมืองหนาว,สตรอว์เบอร์รี,ดูแลสตรอว์เบอร์รี | ปฏิทินปลูกสตรอว์เบอร์รี | พันธุ์สตรอว์เบอร์รี | วิธีปลูกสตรอว์เบอร์รี,40,2161 | 2162 | 2163 | 2164 | 2165 | 2166 | 2167 | 2168 | 2169 | 2170 | 2171 | 2172 | 2173 | 2174 | 2175 | 2176 | 2177 | 2178 | 2179 | 2180 | 2181 | 2182 | 2183 | 2184 | 2185 | 2186 | 2187 | 2188 | 2189 | 2190 | 2191 | 2192 | 2193 | 2194 | 2195 | 2196 | 2197 | 2198 | 2199 | 2200,/plants/how-to-grow-strawberry-guide | /plants/how-to-grow-strawberry-beginner | /plants/how-to-grow-strawberry-problems | /plants/how-to-grow-strawberry-cost | /plants/how-to-grow-strawberry-compare | /plants/how-to-grow-strawberry-calendar | /plants/how-to-grow-strawberry-mistakes | /plants/how-to-grow-strawberry-faq | /plants/how-to-grow-strawberry-decision | /plants/how-to-grow-strawberry-answer | /plants/calendar-strawberry-guide | /plants/calendar-strawberry-beginner | /plants/calendar-strawberry-problems | /plants/calendar-strawberry-cost | /plants/calendar-strawberry-compare | /plants/calendar-strawberry-calendar | /plants/calendar-strawberry-mistakes | /plants/calendar-strawberry-faq | /plants/calendar-strawberry-decision | /plants/calendar-strawberry-answer | /plants/choose-variety-strawberry-guide | /plants/choose-variety-strawberry-beginner | /plants/choose-variety-strawberry-problems | /plants/choose-variety-strawberry-cost | /plants/choose-variety-strawberry-compare | /plants/choose-variety-strawberry-calendar | /plants/choose-variety-strawberry-mistakes | /plants/choose-variety-strawberry-faq | /plants/choose-variety-strawberry-decision | /plants/choose-variety-strawberry-answer | /plants/care-strawberry-guide | /plants/care-strawberry-beginner | /plants/care-strawberry-problems | /plants/care-strawberry-cost | /plants/care-strawberry-compare | /plants/care-strawberry-calendar | /plants/care-strawberry-mistakes | /plants/care-strawberry-faq | /plants/care-strawberry-decision | /plants/care-strawberry-answer,P1:10 | P2:30,processed_existing_catalog,2,เมล็ดพันธุ์ สตรอว์เบอร์รี | ปุ๋ย สตรอว์เบอร์รี
ส้มโอ,,ปลูกพืช,ไม้ผล,ส้มโอ,ดูแลส้มโอ | ปฏิทินปลูกส้มโอ | พันธุ์ส้มโอ | วิธีปลูกส้มโอ,40,2001 | 2002 | 2003 | 2004 | 2005 | 2006 | 2007 | 2008 | 2009 | 2010 | 2011 | 2012 | 2013 | 2014 | 2015 | 2016 | 2017 | 2018 | 2019 | 2020 | 2021 | 2022 | 2023 | 2024 | 2025 | 2026 | 2027 | 2028 | 2029 | 2030 | 2031 | 2032 | 2033 | 2034 | 2035 | 2036 | 2037 | 2038 | 2039 | 2040,/plants/how-to-grow-pomelo-guide | /plants/how-to-grow-pomelo-beginner | /plants/how-to-grow-pomelo-problems | /plants/how-to-grow-pomelo-cost | /plants/how-to-grow-pomelo-compare | /plants/how-to-grow-pomelo-calendar | /plants/how-to-grow-pomelo-mistakes | /plants/how-to-grow-pomelo-faq | /plants/how-to-grow-pomelo-decision | /plants/how-to-grow-pomelo-answer | /plants/calendar-pomelo-guide | /plants/calendar-pomelo-beginner | /plants/calendar-pomelo-problems | /plants/calendar-pomelo-cost | /plants/calendar-pomelo-compare | /plants/calendar-pomelo-calendar | /plants/calendar-pomelo-mistakes | /plants/calendar-pomelo-faq | /plants/calendar-pomelo-decision | /plants/calendar-pomelo-answer | /plants/choose-variety-pomelo-guide | /plants/choose-variety-pomelo-beginner | /plants/choose-variety-pomelo-problems | /plants/choose-variety-pomelo-cost | /plants/choose-variety-pomelo-compare | /plants/choose-variety-pomelo-calendar | /plants/choose-variety-pomelo-mistakes | /plants/choose-variety-pomelo-faq | /plants/choose-variety-pomelo-decision | /plants/choose-variety-pomelo-answer | /plants/care-pomelo-guide | /plants/care-pomelo-beginner | /plants/care-pomelo-problems | /plants/care-pomelo-cost | /plants/care-pomelo-compare | /plants/care-pomelo-calendar | /plants/care-pomelo-mistakes | /plants/care-pomelo-faq | /plants/care-pomelo-decision | /plants/care-pomelo-answer,P1:10 | P2:30,processed_existing_catalog,2,เมล็ดพันธุ์ ส้มโอ | ปุ๋ย ส้มโอ
สับปะรด,,ปลูกพืช,ไม้ผล,สับปะรด,ดูแลสับปะรด | ปฏิทินปลูกสับปะรด | พันธุ์สับปะรด | วิธีปลูกสับปะรด,40,1881 | 1882 | 1883 | 1884 | 1885 | 1886 | 1887 | 1888 | 1889 | 1890 | 1891 | 1892 | 1893 | 1894 | 1895 | 1896 | 1897 | 1898 | 1899 | 1900 | 1901 | 1902 | 1903 | 1904 | 1905 | 1906 | 1907 | 1908 | 1909 | 1910 | 1911 | 1912 | 1913 | 1914 | 1915 | 1916 | 1917 | 1918 | 1919 | 1920,/plants/how-to-grow-pineapple-guide | /plants/how-to-grow-pineapple-beginner | /plants/how-to-grow-pineapple-problems | /plants/how-to-grow-pineapple-cost | /plants/how-to-grow-pineapple-compare | /plants/how-to-grow-pineapple-calendar | /plants/how-to-grow-pineapple-mistakes | /plants/how-to-grow-pineapple-faq | /plants/how-to-grow-pineapple-decision | /plants/how-to-grow-pineapple-answer | /plants/calendar-pineapple-guide | /plants/calendar-pineapple-beginner | /plants/calendar-pineapple-problems | /plants/calendar-pineapple-cost | /plants/calendar-pineapple-compare | /plants/calendar-pineapple-calendar | /plants/calendar-pineapple-mistakes | /plants/calendar-pineapple-faq | /plants/calendar-pineapple-decision | /plants/calendar-pineapple-answer | /plants/choose-variety-pineapple-guide | /plants/choose-variety-pineapple-beginner | /plants/choose-variety-pineapple-problems | /plants/choose-variety-pineapple-cost | /plants/choose-variety-pineapple-compare | /plants/choose-variety-pineapple-calendar | /plants/choose-variety-pineapple-mistakes | /plants/choose-variety-pineapple-faq | /plants/choose-variety-pineapple-decision | /plants/choose-variety-pineapple-answer | /plants/care-pineapple-guide | /plants/care-pineapple-beginner | /plants/care-pineapple-problems | /plants/care-pineapple-cost | /plants/care-pineapple-compare | /plants/care-pineapple-calendar | /plants/care-pineapple-mistakes | /plants/care-pineapple-faq | /plants/care-pineapple-decision | /plants/care-pineapple-answer,P1:10 | P2:30,processed_existing_catalog,2,เมล็ดพันธุ์ สับปะรด | ปุ๋ย สับปะรด
หญ้าเนเปียร์,,ปลูกพืช,พืชอาหารสัตว์,หญ้าเนเปียร์,ปฏิทินปลูกหญ้าเนเปียร์ | วิธีปลูกหญ้าเนเปียร์,20,2281 | 2282 | 2283 | 2284 | 2285 | 2286 | 2287 | 2288 | 2289 | 2290 | 2291 | 2292 | 2293 | 2294 | 2295 | 2296 | 2297 | 2298 | 2299 | 2300,/plants/how-to-grow-napier-grass-guide | /plants/how-to-grow-napier-grass-beginner | /plants/how-to-grow-napier-grass-problems | /plants/how-to-grow-napier-grass-cost | /plants/how-to-grow-napier-grass-compare | /plants/how-to-grow-napier-grass-calendar | /plants/how-to-grow-napier-grass-mistakes | /plants/how-to-grow-napier-grass-faq | /plants/how-to-grow-napier-grass-decision | /plants/how-to-grow-napier-grass-answer | /plants/calendar-napier-grass-guide | /plants/calendar-napier-grass-beginner | /plants/calendar-napier-grass-problems | /plants/calendar-napier-grass-cost | /plants/calendar-napier-grass-compare | /plants/calendar-napier-grass-calendar | /plants/calendar-napier-grass-mistakes | /plants/calendar-napier-grass-faq | /plants/calendar-napier-grass-decision | /plants/calendar-napier-grass-answer,P1:10 | P2:10,processed_existing_catalog,1,เมล็ดพันธุ์ หญ้าเนเปียร์
หม่อน,,ปลูกพืช,ไม้ผลและพืชอาหารสัตว์,หม่อน,ดูแลหม่อน | ปฏิทินปลูกหม่อน | พันธุ์หม่อน | วิธีปลูกหม่อน,40,2241 | 2242 | 2243 | 2244 | 2245 | 2246 | 2247 | 2248 | 2249 | 2250 | 2251 | 2252 | 2253 | 2254 | 2255 | 2256 | 2257 | 2258 | 2259 | 2260 | 2261 | 2262 | 2263 | 2264 | 2265 | 2266 | 2267 | 2268 | 2269 | 2270 | 2271 | 2272 | 2273 | 2274 | 2275 | 2276 | 2277 | 2278 | 2279 | 2280,/plants/how-to-grow-mulberry-guide | /plants/how-to-grow-mulberry-beginner | /plants/how-to-grow-mulberry-problems | /plants/how-to-grow-mulberry-cost | /plants/how-to-grow-mulberry-compare | /plants/how-to-grow-mulberry-calendar | /plants/how-to-grow-mulberry-mistakes | /plants/how-to-grow-mulberry-faq | /plants/how-to-grow-mulberry-decision | /plants/how-to-grow-mulberry-answer | /plants/calendar-mulberry-guide | /plants/calendar-mulberry-beginner | /plants/calendar-mulberry-problems | /plants/calendar-mulberry-cost | /plants/calendar-mulberry-compare | /plants/calendar-mulberry-calendar | /plants/calendar-mulberry-mistakes | /plants/calendar-mulberry-faq | /plants/calendar-mulberry-decision | /plants/calendar-mulberry-answer | /plants/choose-variety-mulberry-guide | /plants/choose-variety-mulberry-beginner | /plants/choose-variety-mulberry-problems | /plants/choose-variety-mulberry-cost | /plants/choose-variety-mulberry-compare | /plants/choose-variety-mulberry-calendar | /plants/choose-variety-mulberry-mistakes | /plants/choose-variety-mulberry-faq | /plants/choose-variety-mulberry-decision | /plants/choose-variety-mulberry-answer | /plants/care-mulberry-guide | /plants/care-mulberry-beginner | /plants/care-mulberry-problems | /plants/care-mulberry-cost | /plants/care-mulberry-compare | /plants/care-mulberry-calendar | /plants/care-mulberry-mistakes | /plants/care-mulberry-faq | /plants/care-mulberry-decision | /plants/care-mulberry-answer,P1:10 | P2:30,processed_existing_catalog,2,เมล็ดพันธุ์ หม่อน | ปุ๋ย หม่อน
หอมแดง,,ปลูกพืช,ผักสวนครัวและสมุนไพร,หอมแดง,ดูแลหอมแดง | ปฏิทินปลูกหอมแดง | พันธุ์หอมแดง | วิธีปลูกหอมแดง,40,1361 | 1362 | 1363 | 1364 | 1365 | 1366 | 1367 | 1368 | 1369 | 1370 | 1371 | 1372 | 1373 | 1374 | 1375 | 1376 | 1377 | 1378 | 1379 | 1380 | 1381 | 1382 | 1383 | 1384 | 1385 | 1386 | 1387 | 1388 | 1389 | 1390 | 1391 | 1392 | 1393 | 1394 | 1395 | 1396 | 1397 | 1398 | 1399 | 1400,/plants/how-to-grow-shallot-guide | /plants/how-to-grow-shallot-beginner | /plants/how-to-grow-shallot-problems | /plants/how-to-grow-shallot-cost | /plants/how-to-grow-shallot-compare | /plants/how-to-grow-shallot-calendar | /plants/how-to-grow-shallot-mistakes | /plants/how-to-grow-shallot-faq | /plants/how-to-grow-shallot-decision | /plants/how-to-grow-shallot-answer | /plants/calendar-shallot-guide | /plants/calendar-shallot-beginner | /plants/calendar-shallot-problems | /plants/calendar-shallot-cost | /plants/calendar-shallot-compare | /plants/calendar-shallot-calendar | /plants/calendar-shallot-mistakes | /plants/calendar-shallot-faq | /plants/calendar-shallot-decision | /plants/calendar-shallot-answer | /plants/choose-variety-shallot-guide | /plants/choose-variety-shallot-beginner | /plants/choose-variety-shallot-problems | /plants/choose-variety-shallot-cost | /plants/choose-variety-shallot-compare | /plants/choose-variety-shallot-calendar | /plants/choose-variety-shallot-mistakes | /plants/choose-variety-shallot-faq | /plants/choose-variety-shallot-decision | /plants/choose-variety-shallot-answer | /plants/care-shallot-guide | /plants/care-shallot-beginner | /plants/care-shallot-problems | /plants/care-shallot-cost | /plants/care-shallot-compare | /plants/care-shallot-calendar | /plants/care-shallot-mistakes | /plants/care-shallot-faq | /plants/care-shallot-decision | /plants/care-shallot-answer,P1:10 | P2:30,processed_existing_catalog,2,เมล็ดพันธุ์ หอมแดง | ปุ๋ย หอมแดง
เห็ดนางฟ้า,,ปลูกพืช,เห็ดและโรงเรือน,เห็ดนางฟ้า,ดูแลเห็ดนางฟ้า | ปฏิทินปลูกเห็ดนางฟ้า | พันธุ์เห็ดนางฟ้า | วิธีปลูกเห็ดนางฟ้า,40,1401 | 1402 | 1403 | 1404 | 1405 | 1406 | 1407 | 1408 | 1409 | 1410 | 1411 | 1412 | 1413 | 1414 | 1415 | 1416 | 1417 | 1418 | 1419 | 1420 | 1421 | 1422 | 1423 | 1424 | 1425 | 1426 | 1427 | 1428 | 1429 | 1430 | 1431 | 1432 | 1433 | 1434 | 1435 | 1436 | 1437 | 1438 | 1439 | 1440,/plants/how-to-grow-oyster-mushroom-guide | /plants/how-to-grow-oyster-mushroom-beginner | /plants/how-to-grow-oyster-mushroom-problems | /plants/how-to-grow-oyster-mushroom-cost | /plants/how-to-grow-oyster-mushroom-compare | /plants/how-to-grow-oyster-mushroom-calendar | /plants/how-to-grow-oyster-mushroom-mistakes | /plants/how-to-grow-oyster-mushroom-faq | /plants/how-to-grow-oyster-mushroom-decision | /plants/how-to-grow-oyster-mushroom-answer | /plants/calendar-oyster-mushroom-guide | /plants/calendar-oyster-mushroom-beginner | /plants/calendar-oyster-mushroom-problems | /plants/calendar-oyster-mushroom-cost | /plants/calendar-oyster-mushroom-compare | /plants/calendar-oyster-mushroom-calendar | /plants/calendar-oyster-mushroom-mistakes | /plants/calendar-oyster-mushroom-faq | /plants/calendar-oyster-mushroom-decision | /plants/calendar-oyster-mushroom-answer | /plants/choose-variety-oyster-mushroom-guide | /plants/choose-variety-oyster-mushroom-beginner | /plants/choose-variety-oyster-mushroom-problems | /plants/choose-variety-oyster-mushroom-cost | /plants/choose-variety-oyster-mushroom-compare | /plants/choose-variety-oyster-mushroom-calendar | /plants/choose-variety-oyster-mushroom-mistakes | /plants/choose-variety-oyster-mushroom-faq | /plants/choose-variety-oyster-mushroom-decision | /plants/choose-variety-oyster-mushroom-answer | /plants/care-oyster-mushroom-guide | /plants/care-oyster-mushroom-beginner | /plants/care-oyster-mushroom-problems | /plants/care-oyster-mushroom-cost | /plants/care-oyster-mushroom-compare | /plants/care-oyster-mushroom-calendar | /plants/care-oyster-mushroom-mistakes | /plants/care-oyster-mushroom-faq | /plants/care-oyster-mushroom-decision | /plants/care-oyster-mushroom-answer,P1:10 | P2:30,processed_existing_catalog,2,เมล็ดพันธุ์ เห็ดนางฟ้า | ปุ๋ย เห็ดนางฟ้า
เห็ดฟาง,,ปลูกพืช,เห็ดและโรงเรือน,เห็ดฟาง,ดูแลเห็ดฟาง | ปฏิทินปลูกเห็ดฟาง | พันธุ์เห็ดฟาง | วิธีปลูกเห็ดฟาง,40,1441 | 1442 | 1443 | 1444 | 1445 | 1446 | 1447 | 1448 | 1449 | 1450 | 1451 | 1452 | 1453 | 1454 | 1455 | 1456 | 1457 | 1458 | 1459 | 1460 | 1461 | 1462 | 1463 | 1464 | 1465 | 1466 | 1467 | 1468 | 1469 | 1470 | 1471 | 1472 | 1473 | 1474 | 1475 | 1476 | 1477 | 1478 | 1479 | 1480,/plants/how-to-grow-straw-mushroom-guide | /plants/how-to-grow-straw-mushroom-beginner | /plants/how-to-grow-straw-mushroom-problems | /plants/how-to-grow-straw-mushroom-cost | /plants/how-to-grow-straw-mushroom-compare | /plants/how-to-grow-straw-mushroom-calendar | /plants/how-to-grow-straw-mushroom-mistakes | /plants/how-to-grow-straw-mushroom-faq | /plants/how-to-grow-straw-mushroom-decision | /plants/how-to-grow-straw-mushroom-answer | /plants/calendar-straw-mushroom-guide | /plants/calendar-straw-mushroom-beginner | /plants/calendar-straw-mushroom-problems | /plants/calendar-straw-mushroom-cost | /plants/calendar-straw-mushroom-compare | /plants/calendar-straw-mushroom-calendar | /plants/calendar-straw-mushroom-mistakes | /plants/calendar-straw-mushroom-faq | /plants/calendar-straw-mushroom-decision | /plants/calendar-straw-mushroom-answer | /plants/choose-variety-straw-mushroom-guide | /plants/choose-variety-straw-mushroom-beginner | /plants/choose-variety-straw-mushroom-problems | /plants/choose-variety-straw-mushroom-cost | /plants/choose-variety-straw-mushroom-compare | /plants/choose-variety-straw-mushroom-calendar | /plants/choose-variety-straw-mushroom-mistakes | /plants/choose-variety-straw-mushroom-faq | /plants/choose-variety-straw-mushroom-decision | /plants/choose-variety-straw-mushroom-answer | /plants/care-straw-mushroom-guide | /plants/care-straw-mushroom-beginner | /plants/care-straw-mushroom-problems | /plants/care-straw-mushroom-cost | /plants/care-straw-mushroom-compare | /plants/care-straw-mushroom-calendar | /plants/care-straw-mushroom-mistakes | /plants/care-straw-mushroom-faq | /plants/care-straw-mushroom-decision | /plants/care-straw-mushroom-answer,P1:10 | P2:30,processed_existing_catalog,2,เมล็ดพันธุ์ เห็ดฟาง | ปุ๋ย เห็ดฟาง
เห็ดหอม,,ปลูกพืช,เห็ดและโรงเรือน,เห็ดหอม,ดูแลเห็ดหอม | ปฏิทินปลูกเห็ดหอม | พันธุ์เห็ดหอม | วิธีปลูกเห็ดหอม,40,1481 | 1482 | 1483 | 1484 | 1485 | 1486 | 1487 | 1488 | 1489 | 1490 | 1491 | 1492 | 1493 | 1494 | 1495 | 1496 | 1497 | 1498 | 1499 | 1500 | 1501 | 1502 | 1503 | 1504 | 1505 | 1506 | 1507 | 1508 | 1509 | 1510 | 1511 | 1512 | 1513 | 1514 | 1515 | 1516 | 1517 | 1518 | 1519 | 1520,/plants/how-to-grow-shiitake-guide | /plants/how-to-grow-shiitake-beginner | /plants/how-to-grow-shiitake-problems | /plants/how-to-grow-shiitake-cost | /plants/how-to-grow-shiitake-compare | /plants/how-to-grow-shiitake-calendar | /plants/how-to-grow-shiitake-mistakes | /plants/how-to-grow-shiitake-faq | /plants/how-to-grow-shiitake-decision | /plants/how-to-grow-shiitake-answer | /plants/calendar-shiitake-guide | /plants/calendar-shiitake-beginner | /plants/calendar-shiitake-problems | /plants/calendar-shiitake-cost | /plants/calendar-shiitake-compare | /plants/calendar-shiitake-calendar | /plants/calendar-shiitake-mistakes | /plants/calendar-shiitake-faq | /plants/calendar-shiitake-decision | /plants/calendar-shiitake-answer | /plants/choose-variety-shiitake-guide | /plants/choose-variety-shiitake-beginner | /plants/choose-variety-shiitake-problems | /plants/choose-variety-shiitake-cost | /plants/choose-variety-shiitake-compare | /plants/choose-variety-shiitake-calendar | /plants/choose-variety-shiitake-mistakes | /plants/choose-variety-shiitake-faq | /plants/choose-variety-shiitake-decision | /plants/choose-variety-shiitake-answer | /plants/care-shiitake-guide | /plants/care-shiitake-beginner | /plants/care-shiitake-problems | /plants/care-shiitake-cost | /plants/care-shiitake-compare | /plants/care-shiitake-calendar | /plants/care-shiitake-mistakes | /plants/care-shiitake-faq | /plants/care-shiitake-decision | /plants/care-shiitake-answer,P1:10 | P2:30,processed_existing_catalog,2,เมล็ดพันธุ์ เห็ดหอม | ปุ๋ย เห็ดหอม
โหระพา,,ปลูกพืช,ผักสวนครัวและสมุนไพร,โหระพา,ดูแลโหระพา | ปฏิทินปลูกโหระพา | พันธุ์โหระพา | วิธีปลูกโหระพา,40,1081 | 1082 | 1083 | 1084 | 1085 | 1086 | 1087 | 1088 | 1089 | 1090 | 1091 | 1092 | 1093 | 1094 | 1095 | 1096 | 1097 | 1098 | 1099 | 1100 | 1101 | 1102 | 1103 | 1104 | 1105 | 1106 | 1107 | 1108 | 1109 | 1110 | 1111 | 1112 | 1113 | 1114 | 1115 | 1116 | 1117 | 1118 | 1119 | 1120,/plants/how-to-grow-sweet-basil-guide | /plants/how-to-grow-sweet-basil-beginner | /plants/how-to-grow-sweet-basil-problems | /plants/how-to-grow-sweet-basil-cost | /plants/how-to-grow-sweet-basil-compare | /plants/how-to-grow-sweet-basil-calendar | /plants/how-to-grow-sweet-basil-mistakes | /plants/how-to-grow-sweet-basil-faq | /plants/how-to-grow-sweet-basil-decision | /plants/how-to-grow-sweet-basil-answer | /plants/calendar-sweet-basil-guide | /plants/calendar-sweet-basil-beginner | /plants/calendar-sweet-basil-problems | /plants/calendar-sweet-basil-cost | /plants/calendar-sweet-basil-compare | /plants/calendar-sweet-basil-calendar | /plants/calendar-sweet-basil-mistakes | /plants/calendar-sweet-basil-faq | /plants/calendar-sweet-basil-decision | /plants/calendar-sweet-basil-answer | /plants/choose-variety-sweet-basil-guide | /plants/choose-variety-sweet-basil-beginner | /plants/choose-variety-sweet-basil-problems | /plants/choose-variety-sweet-basil-cost | /plants/choose-variety-sweet-basil-compare | /plants/choose-variety-sweet-basil-calendar | /plants/choose-variety-sweet-basil-mistakes | /plants/choose-variety-sweet-basil-faq | /plants/choose-variety-sweet-basil-decision | /plants/choose-variety-sweet-basil-answer | /plants/care-sweet-basil-guide | /plants/care-sweet-basil-beginner | /plants/care-sweet-basil-problems | /plants/care-sweet-basil-cost | /plants/care-sweet-basil-compare | /plants/care-sweet-basil-calendar | /plants/care-sweet-basil-mistakes | /plants/care-sweet-basil-faq | /plants/care-sweet-basil-decision | /plants/care-sweet-basil-answer,P1:10 | P2:30,processed_existing_catalog,3,เมล็ดพันธุ์ โหระพา | ปุ๋ย โหระพา
อ้อย,,ปลูกพืช,พืชไร่และพืชเศรษฐกิจ,อ้อย,ดูแลอ้อย | ปฏิทินปลูกอ้อย | พันธุ์อ้อย | วิธีปลูกอ้อย,40,241 | 242 | 243 | 244 | 245 | 246 | 247 | 248 | 249 | 250 | 251 | 252 | 253 | 254 | 255 | 256 | 257 | 258 | 259 | 260 | 261 | 262 | 263 | 264 | 265 | 266 | 267 | 268 | 269 | 270 | 271 | 272 | 273 | 274 | 275 | 276 | 277 | 278 | 279 | 280,/plants/how-to-grow-sugarcane-guide | /plants/how-to-grow-sugarcane-beginner | /plants/how-to-grow-sugarcane-problems | /plants/how-to-grow-sugarcane-cost | /plants/how-to-grow-sugarcane-compare | /plants/how-to-grow-sugarcane-calendar | /plants/how-to-grow-sugarcane-mistakes | /plants/how-to-grow-sugarcane-faq | /plants/how-to-grow-sugarcane-decision | /plants/how-to-grow-sugarcane-answer | /plants/calendar-sugarcane-guide | /plants/calendar-sugarcane-beginner | /plants/calendar-sugarcane-problems | /plants/calendar-sugarcane-cost | /plants/calendar-sugarcane-compare | /plants/calendar-sugarcane-calendar | /plants/calendar-sugarcane-mistakes | /plants/calendar-sugarcane-faq | /plants/calendar-sugarcane-decision | /plants/calendar-sugarcane-answer | /plants/choose-variety-sugarcane-guide | /plants/choose-variety-sugarcane-beginner | /plants/choose-variety-sugarcane-problems | /plants/choose-variety-sugarcane-cost | /plants/choose-variety-sugarcane-compare | /plants/choose-variety-sugarcane-calendar | /plants/choose-variety-sugarcane-mistakes | /plants/choose-variety-sugarcane-faq | /plants/choose-variety-sugarcane-decision | /plants/choose-variety-sugarcane-answer | /plants/care-sugarcane-guide | /plants/care-sugarcane-beginner | /plants/care-sugarcane-problems | /plants/care-sugarcane-cost | /plants/care-sugarcane-compare | /plants/care-sugarcane-calendar | /plants/care-sugarcane-mistakes | /plants/care-sugarcane-faq | /plants/care-sugarcane-decision | /plants/care-sugarcane-answer,P1:10 | P2:30,processed_existing_catalog,5,เมล็ดพันธุ์ อ้อย | ปุ๋ย อ้อย
อะโวคาโด,,ปลูกพืช,ไม้ผล,อะโวคาโด,ดูแลอะโวคาโด | ปฏิทินปลูกอะโวคาโด | พันธุ์อะโวคาโด | วิธีปลูกอะโวคาโด,40,2041 | 2042 | 2043 | 2044 | 2045 | 2046 | 2047 | 2048 | 2049 | 2050 | 2051 | 2052 | 2053 | 2054 | 2055 | 2056 | 2057 | 2058 | 2059 | 2060 | 2061 | 2062 | 2063 | 2064 | 2065 | 2066 | 2067 | 2068 | 2069 | 2070 | 2071 | 2072 | 2073 | 2074 | 2075 | 2076 | 2077 | 2078 | 2079 | 2080,/plants/how-to-grow-avocado-guide | /plants/how-to-grow-avocado-beginner | /plants/how-to-grow-avocado-problems | /plants/how-to-grow-avocado-cost | /plants/how-to-grow-avocado-compare | /plants/how-to-grow-avocado-calendar | /plants/how-to-grow-avocado-mistakes | /plants/how-to-grow-avocado-faq | /plants/how-to-grow-avocado-decision | /plants/how-to-grow-avocado-answer | /plants/calendar-avocado-guide | /plants/calendar-avocado-beginner | /plants/calendar-avocado-problems | /plants/calendar-avocado-cost | /plants/calendar-avocado-compare | /plants/calendar-avocado-calendar | /plants/calendar-avocado-mistakes | /plants/calendar-avocado-faq | /plants/calendar-avocado-decision | /plants/calendar-avocado-answer | /plants/choose-variety-avocado-guide | /plants/choose-variety-avocado-beginner | /plants/choose-variety-avocado-problems | /plants/choose-variety-avocado-cost | /plants/choose-variety-avocado-compare | /plants/choose-variety-avocado-calendar | /plants/choose-variety-avocado-mistakes | /plants/choose-variety-avocado-faq | /plants/choose-variety-avocado-decision | /plants/choose-variety-avocado-answer | /plants/care-avocado-guide | /plants/care-avocado-beginner | /plants/care-avocado-problems | /plants/care-avocado-cost | /plants/care-avocado-compare | /plants/care-avocado-calendar | /plants/care-avocado-mistakes | /plants/care-avocado-faq | /plants/care-avocado-decision | /plants/care-avocado-answer,P1:10 | P2:30,processed_existing_catalog,3,เมล็ดพันธุ์ อะโวคาโด | ปุ๋ย อะโวคาโด
กบป่วย,,โรคและการดูแล,โรคสัตว์น้ำ,กบป่วย,กบป่วย,60,6941 | 6942 | 6943 | 6944 | 6945 | 6946 | 6947 | 6948 | 6949 | 6950 | 7091 | 7092 | 7093 | 7094 | 7095 | 7096 | 7097 | 7098 | 7099 | 7100 | 7241 | 7242 | 7243 | 7244 | 7245 | 7246 | 7247 | 7248 | 7249 | 7250 | 7391 | 7392 | 7393 | 7394 | 7395 | 7396 | 7397 | 7398 | 7399 | 7400 | 7541 | 7542 | 7543 | 7544 | 7545 | 7546 | 7547 | 7548 | 7549 | 7550 | 7691 | 7692 | 7693 | 7694 | 7695 | 7696 | 7697 | 7698 | 7699 | 7700,/diseases-care/frog-disease-694-guide | /diseases-care/frog-disease-694-beginner | /diseases-care/frog-disease-694-problems | /diseases-care/frog-disease-694-cost | /diseases-care/frog-disease-694-compare | /diseases-care/frog-disease-694-calendar | /diseases-care/frog-disease-694-mistakes | /diseases-care/frog-disease-694-faq | /diseases-care/frog-disease-694-decision | /diseases-care/frog-disease-694-answer | /diseases-care/frog-disease-709-guide | /diseases-care/frog-disease-709-beginner | /diseases-care/frog-disease-709-problems | /diseases-care/frog-disease-709-cost | /diseases-care/frog-disease-709-compare | /diseases-care/frog-disease-709-calendar | /diseases-care/frog-disease-709-mistakes | /diseases-care/frog-disease-709-faq | /diseases-care/frog-disease-709-decision | /diseases-care/frog-disease-709-answer | /diseases-care/frog-disease-724-guide | /diseases-care/frog-disease-724-beginner | /diseases-care/frog-disease-724-problems | /diseases-care/frog-disease-724-cost | /diseases-care/frog-disease-724-compare | /diseases-care/frog-disease-724-calendar | /diseases-care/frog-disease-724-mistakes | /diseases-care/frog-disease-724-faq | /diseases-care/frog-disease-724-decision | /diseases-care/frog-disease-724-answer | /diseases-care/frog-disease-739-guide | /diseases-care/frog-disease-739-beginner | /diseases-care/frog-disease-739-problems | /diseases-care/frog-disease-739-cost | /diseases-care/frog-disease-739-compare | /diseases-care/frog-disease-739-calendar | /diseases-care/frog-disease-739-mistakes | /diseases-care/frog-disease-739-faq | /diseases-care/frog-disease-739-decision | /diseases-care/frog-disease-739-answer | /diseases-care/frog-disease-754-guide | /diseases-care/frog-disease-754-beginner | /diseases-care/frog-disease-754-problems | /diseases-care/frog-disease-754-cost | /diseases-care/frog-disease-754-compare | /diseases-care/frog-disease-754-calendar | /diseases-care/frog-disease-754-mistakes | /diseases-care/frog-disease-754-faq | /diseases-care/frog-disease-754-decision | /diseases-care/frog-disease-754-answer | /diseases-care/frog-disease-769-guide | /diseases-care/frog-disease-769-beginner | /diseases-care/frog-disease-769-problems | /diseases-care/frog-disease-769-cost | /diseases-care/frog-disease-769-compare | /diseases-care/frog-disease-769-calendar | /diseases-care/frog-disease-769-mistakes | /diseases-care/frog-disease-769-faq | /diseases-care/frog-disease-769-decision | /diseases-care/frog-disease-769-answer,P1:60,processed_existing_catalog,1,กบป่วย
ใบเหลือง,,โรคและการดูแล,อาการผิดปกติของพืช,ใบเหลือง,ใบเหลือง,70,6801 | 6802 | 6803 | 6804 | 6805 | 6806 | 6807 | 6808 | 6809 | 6810 | 6951 | 6952 | 6953 | 6954 | 6955 | 6956 | 6957 | 6958 | 6959 | 6960 | 7101 | 7102 | 7103 | 7104 | 7105 | 7106 | 7107 | 7108 | 7109 | 7110 | 7251 | 7252 | 7253 | 7254 | 7255 | 7256 | 7257 | 7258 | 7259 | 7260 | 7401 | 7402 | 7403 | 7404 | 7405 | 7406 | 7407 | 7408 | 7409 | 7410 | 7551 | 7552 | 7553 | 7554 | 7555 | 7556 | 7557 | 7558 | 7559 | 7560 | 7701 | 7702 | 7703 | 7704 | 7705 | 7706 | 7707 | 7708 | 7709 | 7710,/diseases-care/yellow-leaves-680-guide | /diseases-care/yellow-leaves-680-beginner | /diseases-care/yellow-leaves-680-problems | /diseases-care/yellow-leaves-680-cost | /diseases-care/yellow-leaves-680-compare | /diseases-care/yellow-leaves-680-calendar | /diseases-care/yellow-leaves-680-mistakes | /diseases-care/yellow-leaves-680-faq | /diseases-care/yellow-leaves-680-decision | /diseases-care/yellow-leaves-680-answer | /diseases-care/yellow-leaves-695-guide | /diseases-care/yellow-leaves-695-beginner | /diseases-care/yellow-leaves-695-problems | /diseases-care/yellow-leaves-695-cost | /diseases-care/yellow-leaves-695-compare | /diseases-care/yellow-leaves-695-calendar | /diseases-care/yellow-leaves-695-mistakes | /diseases-care/yellow-leaves-695-faq | /diseases-care/yellow-leaves-695-decision | /diseases-care/yellow-leaves-695-answer | /diseases-care/yellow-leaves-710-guide | /diseases-care/yellow-leaves-710-beginner | /diseases-care/yellow-leaves-710-problems | /diseases-care/yellow-leaves-710-cost | /diseases-care/yellow-leaves-710-compare | /diseases-care/yellow-leaves-710-calendar | /diseases-care/yellow-leaves-710-mistakes | /diseases-care/yellow-leaves-710-faq | /diseases-care/yellow-leaves-710-decision | /diseases-care/yellow-leaves-710-answer | /diseases-care/yellow-leaves-725-guide | /diseases-care/yellow-leaves-725-beginner | /diseases-care/yellow-leaves-725-problems | /diseases-care/yellow-leaves-725-cost | /diseases-care/yellow-leaves-725-compare | /diseases-care/yellow-leaves-725-calendar | /diseases-care/yellow-leaves-725-mistakes | /diseases-care/yellow-leaves-725-faq | /diseases-care/yellow-leaves-725-decision | /diseases-care/yellow-leaves-725-answer | /diseases-care/yellow-leaves-740-guide | /diseases-care/yellow-leaves-740-beginner | /diseases-care/yellow-leaves-740-problems | /diseases-care/yellow-leaves-740-cost | /diseases-care/yellow-leaves-740-compare | /diseases-care/yellow-leaves-740-calendar | /diseases-care/yellow-leaves-740-mistakes | /diseases-care/yellow-leaves-740-faq | /diseases-care/yellow-leaves-740-decision | /diseases-care/yellow-leaves-740-answer | /diseases-care/yellow-leaves-755-guide | /diseases-care/yellow-leaves-755-beginner | /diseases-care/yellow-leaves-755-problems | /diseases-care/yellow-leaves-755-cost | /diseases-care/yellow-leaves-755-compare | /diseases-care/yellow-leaves-755-calendar | /diseases-care/yellow-leaves-755-mistakes | /diseases-care/yellow-leaves-755-faq | /diseases-care/yellow-leaves-755-decision | /diseases-care/yellow-leaves-755-answer | /diseases-care/yellow-leaves-770-guide | /diseases-care/yellow-leaves-770-beginner | /diseases-care/yellow-leaves-770-problems | /diseases-care/yellow-leaves-770-cost | /diseases-care/yellow-leaves-770-compare | /diseases-care/yellow-leaves-770-calendar | /diseases-care/yellow-leaves-770-mistakes | /diseases-care/yellow-leaves-770-faq | /diseases-care/yellow-leaves-770-decision | /diseases-care/yellow-leaves-770-answer,P1:70,processed_existing_catalog,1,ใบเหลือง
ปลาน็อกน้ำ,,โรคและการดูแล,โรคสัตว์น้ำ/น้ำ,ปลาน็อกน้ำ,ปลาน็อกน้ำ,60,6931 | 6932 | 6933 | 6934 | 6935 | 6936 | 6937 | 6938 | 6939 | 6940 | 7081 | 7082 | 7083 | 7084 | 7085 | 7086 | 7087 | 7088 | 7089 | 7090 | 7231 | 7232 | 7233 | 7234 | 7235 | 7236 | 7237 | 7238 | 7239 | 7240 | 7381 | 7382 | 7383 | 7384 | 7385 | 7386 | 7387 | 7388 | 7389 | 7390 | 7531 | 7532 | 7533 | 7534 | 7535 | 7536 | 7537 | 7538 | 7539 | 7540 | 7681 | 7682 | 7683 | 7684 | 7685 | 7686 | 7687 | 7688 | 7689 | 7690,/diseases-care/fish-water-shock-693-guide | /diseases-care/fish-water-shock-693-beginner | /diseases-care/fish-water-shock-693-problems | /diseases-care/fish-water-shock-693-cost | /diseases-care/fish-water-shock-693-compare | /diseases-care/fish-water-shock-693-calendar | /diseases-care/fish-water-shock-693-mistakes | /diseases-care/fish-water-shock-693-faq | /diseases-care/fish-water-shock-693-decision | /diseases-care/fish-water-shock-693-answer | /diseases-care/fish-water-shock-708-guide | /diseases-care/fish-water-shock-708-beginner | /diseases-care/fish-water-shock-708-problems | /diseases-care/fish-water-shock-708-cost | /diseases-care/fish-water-shock-708-compare | /diseases-care/fish-water-shock-708-calendar | /diseases-care/fish-water-shock-708-mistakes | /diseases-care/fish-water-shock-708-faq | /diseases-care/fish-water-shock-708-decision | /diseases-care/fish-water-shock-708-answer | /diseases-care/fish-water-shock-723-guide | /diseases-care/fish-water-shock-723-beginner | /diseases-care/fish-water-shock-723-problems | /diseases-care/fish-water-shock-723-cost | /diseases-care/fish-water-shock-723-compare | /diseases-care/fish-water-shock-723-calendar | /diseases-care/fish-water-shock-723-mistakes | /diseases-care/fish-water-shock-723-faq | /diseases-care/fish-water-shock-723-decision | /diseases-care/fish-water-shock-723-answer | /diseases-care/fish-water-shock-738-guide | /diseases-care/fish-water-shock-738-beginner | /diseases-care/fish-water-shock-738-problems | /diseases-care/fish-water-shock-738-cost | /diseases-care/fish-water-shock-738-compare | /diseases-care/fish-water-shock-738-calendar | /diseases-care/fish-water-shock-738-mistakes | /diseases-care/fish-water-shock-738-faq | /diseases-care/fish-water-shock-738-decision | /diseases-care/fish-water-shock-738-answer | /diseases-care/fish-water-shock-753-guide | /diseases-care/fish-water-shock-753-beginner | /diseases-care/fish-water-shock-753-problems | /diseases-care/fish-water-shock-753-cost | /diseases-care/fish-water-shock-753-compare | /diseases-care/fish-water-shock-753-calendar | /diseases-care/fish-water-shock-753-mistakes | /diseases-care/fish-water-shock-753-faq | /diseases-care/fish-water-shock-753-decision | /diseases-care/fish-water-shock-753-answer | /diseases-care/fish-water-shock-768-guide | /diseases-care/fish-water-shock-768-beginner | /diseases-care/fish-water-shock-768-problems | /diseases-care/fish-water-shock-768-cost | /diseases-care/fish-water-shock-768-compare | /diseases-care/fish-water-shock-768-calendar | /diseases-care/fish-water-shock-768-mistakes | /diseases-care/fish-water-shock-768-faq | /diseases-care/fish-water-shock-768-decision | /diseases-care/fish-water-shock-768-answer,P1:60,processed_existing_catalog,1,ปลาน็อกน้ำ
เพลี้ยแป้ง,ชีวภัณฑ์กำจัดเพลี้ยแป้ง,โรคและการดูแล,แมลงศัตรูพืช,เพลี้ยแป้ง,เพลี้ยแป้ง,70,6851 | 6852 | 6853 | 6854 | 6855 | 6856 | 6857 | 6858 | 6859 | 6860 | 7001 | 7002 | 7003 | 7004 | 7005 | 7006 | 7007 | 7008 | 7009 | 7010 | 7151 | 7152 | 7153 | 7154 | 7155 | 7156 | 7157 | 7158 | 7159 | 7160 | 7301 | 7302 | 7303 | 7304 | 7305 | 7306 | 7307 | 7308 | 7309 | 7310 | 7451 | 7452 | 7453 | 7454 | 7455 | 7456 | 7457 | 7458 | 7459 | 7460 | 7601 | 7602 | 7603 | 7604 | 7605 | 7606 | 7607 | 7608 | 7609 | 7610 | 7751 | 7752 | 7753 | 7754 | 7755 | 7756 | 7757 | 7758 | 7759 | 7760,/diseases-care/mealybug-685-guide | /diseases-care/mealybug-685-beginner | /diseases-care/mealybug-685-problems | /diseases-care/mealybug-685-cost | /diseases-care/mealybug-685-compare | /diseases-care/mealybug-685-calendar | /diseases-care/mealybug-685-mistakes | /diseases-care/mealybug-685-faq | /diseases-care/mealybug-685-decision | /diseases-care/mealybug-685-answer | /diseases-care/mealybug-700-guide | /diseases-care/mealybug-700-beginner | /diseases-care/mealybug-700-problems | /diseases-care/mealybug-700-cost | /diseases-care/mealybug-700-compare | /diseases-care/mealybug-700-calendar | /diseases-care/mealybug-700-mistakes | /diseases-care/mealybug-700-faq | /diseases-care/mealybug-700-decision | /diseases-care/mealybug-700-answer | /diseases-care/mealybug-715-guide | /diseases-care/mealybug-715-beginner | /diseases-care/mealybug-715-problems | /diseases-care/mealybug-715-cost | /diseases-care/mealybug-715-compare | /diseases-care/mealybug-715-calendar | /diseases-care/mealybug-715-mistakes | /diseases-care/mealybug-715-faq | /diseases-care/mealybug-715-decision | /diseases-care/mealybug-715-answer | /diseases-care/mealybug-730-guide | /diseases-care/mealybug-730-beginner | /diseases-care/mealybug-730-problems | /diseases-care/mealybug-730-cost | /diseases-care/mealybug-730-compare | /diseases-care/mealybug-730-calendar | /diseases-care/mealybug-730-mistakes | /diseases-care/mealybug-730-faq | /diseases-care/mealybug-730-decision | /diseases-care/mealybug-730-answer | /diseases-care/mealybug-745-guide | /diseases-care/mealybug-745-beginner | /diseases-care/mealybug-745-problems | /diseases-care/mealybug-745-cost | /diseases-care/mealybug-745-compare | /diseases-care/mealybug-745-calendar | /diseases-care/mealybug-745-mistakes | /diseases-care/mealybug-745-faq | /diseases-care/mealybug-745-decision | /diseases-care/mealybug-745-answer | /diseases-care/mealybug-760-guide | /diseases-care/mealybug-760-beginner | /diseases-care/mealybug-760-problems | /diseases-care/mealybug-760-cost | /diseases-care/mealybug-760-compare | /diseases-care/mealybug-760-calendar | /diseases-care/mealybug-760-mistakes | /diseases-care/mealybug-760-faq | /diseases-care/mealybug-760-decision | /diseases-care/mealybug-760-answer | /diseases-care/mealybug-775-guide | /diseases-care/mealybug-775-beginner | /diseases-care/mealybug-775-problems | /diseases-care/mealybug-775-cost | /diseases-care/mealybug-775-compare | /diseases-care/mealybug-775-calendar | /diseases-care/mealybug-775-mistakes | /diseases-care/mealybug-775-faq | /diseases-care/mealybug-775-decision | /diseases-care/mealybug-775-answer,P1:70,pending,0,
เพลี้ยไฟ,,โรคและการดูแล,แมลงศัตรูพืช,เพลี้ยไฟ,เพลี้ยไฟ,70,6841 | 6842 | 6843 | 6844 | 6845 | 6846 | 6847 | 6848 | 6849 | 6850 | 6991 | 6992 | 6993 | 6994 | 6995 | 6996 | 6997 | 6998 | 6999 | 7000 | 7141 | 7142 | 7143 | 7144 | 7145 | 7146 | 7147 | 7148 | 7149 | 7150 | 7291 | 7292 | 7293 | 7294 | 7295 | 7296 | 7297 | 7298 | 7299 | 7300 | 7441 | 7442 | 7443 | 7444 | 7445 | 7446 | 7447 | 7448 | 7449 | 7450 | 7591 | 7592 | 7593 | 7594 | 7595 | 7596 | 7597 | 7598 | 7599 | 7600 | 7741 | 7742 | 7743 | 7744 | 7745 | 7746 | 7747 | 7748 | 7749 | 7750,/diseases-care/thrips-684-guide | /diseases-care/thrips-684-beginner | /diseases-care/thrips-684-problems | /diseases-care/thrips-684-cost | /diseases-care/thrips-684-compare | /diseases-care/thrips-684-calendar | /diseases-care/thrips-684-mistakes | /diseases-care/thrips-684-faq | /diseases-care/thrips-684-decision | /diseases-care/thrips-684-answer | /diseases-care/thrips-699-guide | /diseases-care/thrips-699-beginner | /diseases-care/thrips-699-problems | /diseases-care/thrips-699-cost | /diseases-care/thrips-699-compare | /diseases-care/thrips-699-calendar | /diseases-care/thrips-699-mistakes | /diseases-care/thrips-699-faq | /diseases-care/thrips-699-decision | /diseases-care/thrips-699-answer | /diseases-care/thrips-714-guide | /diseases-care/thrips-714-beginner | /diseases-care/thrips-714-problems | /diseases-care/thrips-714-cost | /diseases-care/thrips-714-compare | /diseases-care/thrips-714-calendar | /diseases-care/thrips-714-mistakes | /diseases-care/thrips-714-faq | /diseases-care/thrips-714-decision | /diseases-care/thrips-714-answer | /diseases-care/thrips-729-guide | /diseases-care/thrips-729-beginner | /diseases-care/thrips-729-problems | /diseases-care/thrips-729-cost | /diseases-care/thrips-729-compare | /diseases-care/thrips-729-calendar | /diseases-care/thrips-729-mistakes | /diseases-care/thrips-729-faq | /diseases-care/thrips-729-decision | /diseases-care/thrips-729-answer | /diseases-care/thrips-744-guide | /diseases-care/thrips-744-beginner | /diseases-care/thrips-744-problems | /diseases-care/thrips-744-cost | /diseases-care/thrips-744-compare | /diseases-care/thrips-744-calendar | /diseases-care/thrips-744-mistakes | /diseases-care/thrips-744-faq | /diseases-care/thrips-744-decision | /diseases-care/thrips-744-answer | /diseases-care/thrips-759-guide | /diseases-care/thrips-759-beginner | /diseases-care/thrips-759-problems | /diseases-care/thrips-759-cost | /diseases-care/thrips-759-compare | /diseases-care/thrips-759-calendar | /diseases-care/thrips-759-mistakes | /diseases-care/thrips-759-faq | /diseases-care/thrips-759-decision | /diseases-care/thrips-759-answer | /diseases-care/thrips-774-guide | /diseases-care/thrips-774-beginner | /diseases-care/thrips-774-problems | /diseases-care/thrips-774-cost | /diseases-care/thrips-774-compare | /diseases-care/thrips-774-calendar | /diseases-care/thrips-774-mistakes | /diseases-care/thrips-774-faq | /diseases-care/thrips-774-decision | /diseases-care/thrips-774-answer,P1:70,processed_existing_catalog,1,เพลี้ยไฟ
แมลงหวี่ขาว,,โรคและการดูแล,แมลงศัตรูพืช,แมลงหวี่ขาว,แมลงหวี่ขาว,70,6861 | 6862 | 6863 | 6864 | 6865 | 6866 | 6867 | 6868 | 6869 | 6870 | 7011 | 7012 | 7013 | 7014 | 7015 | 7016 | 7017 | 7018 | 7019 | 7020 | 7161 | 7162 | 7163 | 7164 | 7165 | 7166 | 7167 | 7168 | 7169 | 7170 | 7311 | 7312 | 7313 | 7314 | 7315 | 7316 | 7317 | 7318 | 7319 | 7320 | 7461 | 7462 | 7463 | 7464 | 7465 | 7466 | 7467 | 7468 | 7469 | 7470 | 7611 | 7612 | 7613 | 7614 | 7615 | 7616 | 7617 | 7618 | 7619 | 7620 | 7761 | 7762 | 7763 | 7764 | 7765 | 7766 | 7767 | 7768 | 7769 | 7770,/diseases-care/whitefly-686-guide | /diseases-care/whitefly-686-beginner | /diseases-care/whitefly-686-problems | /diseases-care/whitefly-686-cost | /diseases-care/whitefly-686-compare | /diseases-care/whitefly-686-calendar | /diseases-care/whitefly-686-mistakes | /diseases-care/whitefly-686-faq | /diseases-care/whitefly-686-decision | /diseases-care/whitefly-686-answer | /diseases-care/whitefly-701-guide | /diseases-care/whitefly-701-beginner | /diseases-care/whitefly-701-problems | /diseases-care/whitefly-701-cost | /diseases-care/whitefly-701-compare | /diseases-care/whitefly-701-calendar | /diseases-care/whitefly-701-mistakes | /diseases-care/whitefly-701-faq | /diseases-care/whitefly-701-decision | /diseases-care/whitefly-701-answer | /diseases-care/whitefly-716-guide | /diseases-care/whitefly-716-beginner | /diseases-care/whitefly-716-problems | /diseases-care/whitefly-716-cost | /diseases-care/whitefly-716-compare | /diseases-care/whitefly-716-calendar | /diseases-care/whitefly-716-mistakes | /diseases-care/whitefly-716-faq | /diseases-care/whitefly-716-decision | /diseases-care/whitefly-716-answer | /diseases-care/whitefly-731-guide | /diseases-care/whitefly-731-beginner | /diseases-care/whitefly-731-problems | /diseases-care/whitefly-731-cost | /diseases-care/whitefly-731-compare | /diseases-care/whitefly-731-calendar | /diseases-care/whitefly-731-mistakes | /diseases-care/whitefly-731-faq | /diseases-care/whitefly-731-decision | /diseases-care/whitefly-731-answer | /diseases-care/whitefly-746-guide | /diseases-care/whitefly-746-beginner | /diseases-care/whitefly-746-problems | /diseases-care/whitefly-746-cost | /diseases-care/whitefly-746-compare | /diseases-care/whitefly-746-calendar | /diseases-care/whitefly-746-mistakes | /diseases-care/whitefly-746-faq | /diseases-care/whitefly-746-decision | /diseases-care/whitefly-746-answer | /diseases-care/whitefly-761-guide | /diseases-care/whitefly-761-beginner | /diseases-care/whitefly-761-problems | /diseases-care/whitefly-761-cost | /diseases-care/whitefly-761-compare | /diseases-care/whitefly-761-calendar | /diseases-care/whitefly-761-mistakes | /diseases-care/whitefly-761-faq | /diseases-care/whitefly-761-decision | /diseases-care/whitefly-761-answer | /diseases-care/whitefly-776-guide | /diseases-care/whitefly-776-beginner | /diseases-care/whitefly-776-problems | /diseases-care/whitefly-776-cost | /diseases-care/whitefly-776-compare | /diseases-care/whitefly-776-calendar | /diseases-care/whitefly-776-mistakes | /diseases-care/whitefly-776-faq | /diseases-care/whitefly-776-decision | /diseases-care/whitefly-776-answer,P1:70,processed_existing_catalog,1,แมลงหวี่ขาว
รากเน่าโคนเน่า,,โรคและการดูแล,โรคพืช,รากเน่าโคนเน่า,รากเน่าโคนเน่า,70,6811 | 6812 | 6813 | 6814 | 6815 | 6816 | 6817 | 6818 | 6819 | 6820 | 6961 | 6962 | 6963 | 6964 | 6965 | 6966 | 6967 | 6968 | 6969 | 6970 | 7111 | 7112 | 7113 | 7114 | 7115 | 7116 | 7117 | 7118 | 7119 | 7120 | 7261 | 7262 | 7263 | 7264 | 7265 | 7266 | 7267 | 7268 | 7269 | 7270 | 7411 | 7412 | 7413 | 7414 | 7415 | 7416 | 7417 | 7418 | 7419 | 7420 | 7561 | 7562 | 7563 | 7564 | 7565 | 7566 | 7567 | 7568 | 7569 | 7570 | 7711 | 7712 | 7713 | 7714 | 7715 | 7716 | 7717 | 7718 | 7719 | 7720,/diseases-care/root-rot-681-guide | /diseases-care/root-rot-681-beginner | /diseases-care/root-rot-681-problems | /diseases-care/root-rot-681-cost | /diseases-care/root-rot-681-compare | /diseases-care/root-rot-681-calendar | /diseases-care/root-rot-681-mistakes | /diseases-care/root-rot-681-faq | /diseases-care/root-rot-681-decision | /diseases-care/root-rot-681-answer | /diseases-care/root-rot-696-guide | /diseases-care/root-rot-696-beginner | /diseases-care/root-rot-696-problems | /diseases-care/root-rot-696-cost | /diseases-care/root-rot-696-compare | /diseases-care/root-rot-696-calendar | /diseases-care/root-rot-696-mistakes | /diseases-care/root-rot-696-faq | /diseases-care/root-rot-696-decision | /diseases-care/root-rot-696-answer | /diseases-care/root-rot-711-guide | /diseases-care/root-rot-711-beginner | /diseases-care/root-rot-711-problems | /diseases-care/root-rot-711-cost | /diseases-care/root-rot-711-compare | /diseases-care/root-rot-711-calendar | /diseases-care/root-rot-711-mistakes | /diseases-care/root-rot-711-faq | /diseases-care/root-rot-711-decision | /diseases-care/root-rot-711-answer | /diseases-care/root-rot-726-guide | /diseases-care/root-rot-726-beginner | /diseases-care/root-rot-726-problems | /diseases-care/root-rot-726-cost | /diseases-care/root-rot-726-compare | /diseases-care/root-rot-726-calendar | /diseases-care/root-rot-726-mistakes | /diseases-care/root-rot-726-faq | /diseases-care/root-rot-726-decision | /diseases-care/root-rot-726-answer | /diseases-care/root-rot-741-guide | /diseases-care/root-rot-741-beginner | /diseases-care/root-rot-741-problems | /diseases-care/root-rot-741-cost | /diseases-care/root-rot-741-compare | /diseases-care/root-rot-741-calendar | /diseases-care/root-rot-741-mistakes | /diseases-care/root-rot-741-faq | /diseases-care/root-rot-741-decision | /diseases-care/root-rot-741-answer | /diseases-care/root-rot-756-guide | /diseases-care/root-rot-756-beginner | /diseases-care/root-rot-756-problems | /diseases-care/root-rot-756-cost | /diseases-care/root-rot-756-compare | /diseases-care/root-rot-756-calendar | /diseases-care/root-rot-756-mistakes | /diseases-care/root-rot-756-faq | /diseases-care/root-rot-756-decision | /diseases-care/root-rot-756-answer | /diseases-care/root-rot-771-guide | /diseases-care/root-rot-771-beginner | /diseases-care/root-rot-771-problems | /diseases-care/root-rot-771-cost | /diseases-care/root-rot-771-compare | /diseases-care/root-rot-771-calendar | /diseases-care/root-rot-771-mistakes | /diseases-care/root-rot-771-faq | /diseases-care/root-rot-771-decision | /diseases-care/root-rot-771-answer,P1:70,processed_existing_catalog,1,รากเน่าโคนเน่า
โรคไก่ไข่,วิตามินไก่ไข่,โรคและการดูแล,โรคสัตว์,โรคไก่ไข่,โรคไก่ไข่,60,6901 | 6902 | 6903 | 6904 | 6905 | 6906 | 6907 | 6908 | 6909 | 6910 | 7051 | 7052 | 7053 | 7054 | 7055 | 7056 | 7057 | 7058 | 7059 | 7060 | 7201 | 7202 | 7203 | 7204 | 7205 | 7206 | 7207 | 7208 | 7209 | 7210 | 7351 | 7352 | 7353 | 7354 | 7355 | 7356 | 7357 | 7358 | 7359 | 7360 | 7501 | 7502 | 7503 | 7504 | 7505 | 7506 | 7507 | 7508 | 7509 | 7510 | 7651 | 7652 | 7653 | 7654 | 7655 | 7656 | 7657 | 7658 | 7659 | 7660,/diseases-care/layer-chicken-diseases-690-guide | /diseases-care/layer-chicken-diseases-690-beginner | /diseases-care/layer-chicken-diseases-690-problems | /diseases-care/layer-chicken-diseases-690-cost | /diseases-care/layer-chicken-diseases-690-compare | /diseases-care/layer-chicken-diseases-690-calendar | /diseases-care/layer-chicken-diseases-690-mistakes | /diseases-care/layer-chicken-diseases-690-faq | /diseases-care/layer-chicken-diseases-690-decision | /diseases-care/layer-chicken-diseases-690-answer | /diseases-care/layer-chicken-diseases-705-guide | /diseases-care/layer-chicken-diseases-705-beginner | /diseases-care/layer-chicken-diseases-705-problems | /diseases-care/layer-chicken-diseases-705-cost | /diseases-care/layer-chicken-diseases-705-compare | /diseases-care/layer-chicken-diseases-705-calendar | /diseases-care/layer-chicken-diseases-705-mistakes | /diseases-care/layer-chicken-diseases-705-faq | /diseases-care/layer-chicken-diseases-705-decision | /diseases-care/layer-chicken-diseases-705-answer | /diseases-care/layer-chicken-diseases-720-guide | /diseases-care/layer-chicken-diseases-720-beginner | /diseases-care/layer-chicken-diseases-720-problems | /diseases-care/layer-chicken-diseases-720-cost | /diseases-care/layer-chicken-diseases-720-compare | /diseases-care/layer-chicken-diseases-720-calendar | /diseases-care/layer-chicken-diseases-720-mistakes | /diseases-care/layer-chicken-diseases-720-faq | /diseases-care/layer-chicken-diseases-720-decision | /diseases-care/layer-chicken-diseases-720-answer | /diseases-care/layer-chicken-diseases-735-guide | /diseases-care/layer-chicken-diseases-735-beginner | /diseases-care/layer-chicken-diseases-735-problems | /diseases-care/layer-chicken-diseases-735-cost | /diseases-care/layer-chicken-diseases-735-compare | /diseases-care/layer-chicken-diseases-735-calendar | /diseases-care/layer-chicken-diseases-735-mistakes | /diseases-care/layer-chicken-diseases-735-faq | /diseases-care/layer-chicken-diseases-735-decision | /diseases-care/layer-chicken-diseases-735-answer | /diseases-care/layer-chicken-diseases-750-guide | /diseases-care/layer-chicken-diseases-750-beginner | /diseases-care/layer-chicken-diseases-750-problems | /diseases-care/layer-chicken-diseases-750-cost | /diseases-care/layer-chicken-diseases-750-compare | /diseases-care/layer-chicken-diseases-750-calendar | /diseases-care/layer-chicken-diseases-750-mistakes | /diseases-care/layer-chicken-diseases-750-faq | /diseases-care/layer-chicken-diseases-750-decision | /diseases-care/layer-chicken-diseases-750-answer | /diseases-care/layer-chicken-diseases-765-guide | /diseases-care/layer-chicken-diseases-765-beginner | /diseases-care/layer-chicken-diseases-765-problems | /diseases-care/layer-chicken-diseases-765-cost | /diseases-care/layer-chicken-diseases-765-compare | /diseases-care/layer-chicken-diseases-765-calendar | /diseases-care/layer-chicken-diseases-765-mistakes | /diseases-care/layer-chicken-diseases-765-faq | /diseases-care/layer-chicken-diseases-765-decision | /diseases-care/layer-chicken-diseases-765-answer,P1:60,pending,0,
โรคใบไหม้,,โรคและการดูแล,โรคพืช,โรคใบไหม้,โรคใบไหม้,70,6831 | 6832 | 6833 | 6834 | 6835 | 6836 | 6837 | 6838 | 6839 | 6840 | 6981 | 6982 | 6983 | 6984 | 6985 | 6986 | 6987 | 6988 | 6989 | 6990 | 7131 | 7132 | 7133 | 7134 | 7135 | 7136 | 7137 | 7138 | 7139 | 7140 | 7281 | 7282 | 7283 | 7284 | 7285 | 7286 | 7287 | 7288 | 7289 | 7290 | 7431 | 7432 | 7433 | 7434 | 7435 | 7436 | 7437 | 7438 | 7439 | 7440 | 7581 | 7582 | 7583 | 7584 | 7585 | 7586 | 7587 | 7588 | 7589 | 7590 | 7731 | 7732 | 7733 | 7734 | 7735 | 7736 | 7737 | 7738 | 7739 | 7740,/diseases-care/leaf-blight-683-guide | /diseases-care/leaf-blight-683-beginner | /diseases-care/leaf-blight-683-problems | /diseases-care/leaf-blight-683-cost | /diseases-care/leaf-blight-683-compare | /diseases-care/leaf-blight-683-calendar | /diseases-care/leaf-blight-683-mistakes | /diseases-care/leaf-blight-683-faq | /diseases-care/leaf-blight-683-decision | /diseases-care/leaf-blight-683-answer | /diseases-care/leaf-blight-698-guide | /diseases-care/leaf-blight-698-beginner | /diseases-care/leaf-blight-698-problems | /diseases-care/leaf-blight-698-cost | /diseases-care/leaf-blight-698-compare | /diseases-care/leaf-blight-698-calendar | /diseases-care/leaf-blight-698-mistakes | /diseases-care/leaf-blight-698-faq | /diseases-care/leaf-blight-698-decision | /diseases-care/leaf-blight-698-answer | /diseases-care/leaf-blight-713-guide | /diseases-care/leaf-blight-713-beginner | /diseases-care/leaf-blight-713-problems | /diseases-care/leaf-blight-713-cost | /diseases-care/leaf-blight-713-compare | /diseases-care/leaf-blight-713-calendar | /diseases-care/leaf-blight-713-mistakes | /diseases-care/leaf-blight-713-faq | /diseases-care/leaf-blight-713-decision | /diseases-care/leaf-blight-713-answer | /diseases-care/leaf-blight-728-guide | /diseases-care/leaf-blight-728-beginner | /diseases-care/leaf-blight-728-problems | /diseases-care/leaf-blight-728-cost | /diseases-care/leaf-blight-728-compare | /diseases-care/leaf-blight-728-calendar | /diseases-care/leaf-blight-728-mistakes | /diseases-care/leaf-blight-728-faq | /diseases-care/leaf-blight-728-decision | /diseases-care/leaf-blight-728-answer | /diseases-care/leaf-blight-743-guide | /diseases-care/leaf-blight-743-beginner | /diseases-care/leaf-blight-743-problems | /diseases-care/leaf-blight-743-cost | /diseases-care/leaf-blight-743-compare | /diseases-care/leaf-blight-743-calendar | /diseases-care/leaf-blight-743-mistakes | /diseases-care/leaf-blight-743-faq | /diseases-care/leaf-blight-743-decision | /diseases-care/leaf-blight-743-answer | /diseases-care/leaf-blight-758-guide | /diseases-care/leaf-blight-758-beginner | /diseases-care/leaf-blight-758-problems | /diseases-care/leaf-blight-758-cost | /diseases-care/leaf-blight-758-compare | /diseases-care/leaf-blight-758-calendar | /diseases-care/leaf-blight-758-mistakes | /diseases-care/leaf-blight-758-faq | /diseases-care/leaf-blight-758-decision | /diseases-care/leaf-blight-758-answer | /diseases-care/leaf-blight-773-guide | /diseases-care/leaf-blight-773-beginner | /diseases-care/leaf-blight-773-problems | /diseases-care/leaf-blight-773-cost | /diseases-care/leaf-blight-773-compare | /diseases-care/leaf-blight-773-calendar | /diseases-care/leaf-blight-773-mistakes | /diseases-care/leaf-blight-773-faq | /diseases-care/leaf-blight-773-decision | /diseases-care/leaf-blight-773-answer,P1:70,processed_existing_catalog,1,โรคใบไหม้
โรคปากเท้าเปื่อย,,โรคและการดูแล,โรคสัตว์,โรคปากเท้าเปื่อย,โรคปากเท้าเปื่อย,60,6911 | 6912 | 6913 | 6914 | 6915 | 6916 | 6917 | 6918 | 6919 | 6920 | 7061 | 7062 | 7063 | 7064 | 7065 | 7066 | 7067 | 7068 | 7069 | 7070 | 7211 | 7212 | 7213 | 7214 | 7215 | 7216 | 7217 | 7218 | 7219 | 7220 | 7361 | 7362 | 7363 | 7364 | 7365 | 7366 | 7367 | 7368 | 7369 | 7370 | 7511 | 7512 | 7513 | 7514 | 7515 | 7516 | 7517 | 7518 | 7519 | 7520 | 7661 | 7662 | 7663 | 7664 | 7665 | 7666 | 7667 | 7668 | 7669 | 7670,/diseases-care/fmd-cattle-691-guide | /diseases-care/fmd-cattle-691-beginner | /diseases-care/fmd-cattle-691-problems | /diseases-care/fmd-cattle-691-cost | /diseases-care/fmd-cattle-691-compare | /diseases-care/fmd-cattle-691-calendar | /diseases-care/fmd-cattle-691-mistakes | /diseases-care/fmd-cattle-691-faq | /diseases-care/fmd-cattle-691-decision | /diseases-care/fmd-cattle-691-answer | /diseases-care/fmd-cattle-706-guide | /diseases-care/fmd-cattle-706-beginner | /diseases-care/fmd-cattle-706-problems | /diseases-care/fmd-cattle-706-cost | /diseases-care/fmd-cattle-706-compare | /diseases-care/fmd-cattle-706-calendar | /diseases-care/fmd-cattle-706-mistakes | /diseases-care/fmd-cattle-706-faq | /diseases-care/fmd-cattle-706-decision | /diseases-care/fmd-cattle-706-answer | /diseases-care/fmd-cattle-721-guide | /diseases-care/fmd-cattle-721-beginner | /diseases-care/fmd-cattle-721-problems | /diseases-care/fmd-cattle-721-cost | /diseases-care/fmd-cattle-721-compare | /diseases-care/fmd-cattle-721-calendar | /diseases-care/fmd-cattle-721-mistakes | /diseases-care/fmd-cattle-721-faq | /diseases-care/fmd-cattle-721-decision | /diseases-care/fmd-cattle-721-answer | /diseases-care/fmd-cattle-736-guide | /diseases-care/fmd-cattle-736-beginner | /diseases-care/fmd-cattle-736-problems | /diseases-care/fmd-cattle-736-cost | /diseases-care/fmd-cattle-736-compare | /diseases-care/fmd-cattle-736-calendar | /diseases-care/fmd-cattle-736-mistakes | /diseases-care/fmd-cattle-736-faq | /diseases-care/fmd-cattle-736-decision | /diseases-care/fmd-cattle-736-answer | /diseases-care/fmd-cattle-751-guide | /diseases-care/fmd-cattle-751-beginner | /diseases-care/fmd-cattle-751-problems | /diseases-care/fmd-cattle-751-cost | /diseases-care/fmd-cattle-751-compare | /diseases-care/fmd-cattle-751-calendar | /diseases-care/fmd-cattle-751-mistakes | /diseases-care/fmd-cattle-751-faq | /diseases-care/fmd-cattle-751-decision | /diseases-care/fmd-cattle-751-answer | /diseases-care/fmd-cattle-766-guide | /diseases-care/fmd-cattle-766-beginner | /diseases-care/fmd-cattle-766-problems | /diseases-care/fmd-cattle-766-cost | /diseases-care/fmd-cattle-766-compare | /diseases-care/fmd-cattle-766-calendar | /diseases-care/fmd-cattle-766-mistakes | /diseases-care/fmd-cattle-766-faq | /diseases-care/fmd-cattle-766-decision | /diseases-care/fmd-cattle-766-answer,P1:60,processed_existing_catalog,1,โรคปากเท้าเปื่อย
โรคราน้ำค้าง,,โรคและการดูแล,โรคพืช,โรคราน้ำค้าง,โรคราน้ำค้าง,70,6821 | 6822 | 6823 | 6824 | 6825 | 6826 | 6827 | 6828 | 6829 | 6830 | 6971 | 6972 | 6973 | 6974 | 6975 | 6976 | 6977 | 6978 | 6979 | 6980 | 7121 | 7122 | 7123 | 7124 | 7125 | 7126 | 7127 | 7128 | 7129 | 7130 | 7271 | 7272 | 7273 | 7274 | 7275 | 7276 | 7277 | 7278 | 7279 | 7280 | 7421 | 7422 | 7423 | 7424 | 7425 | 7426 | 7427 | 7428 | 7429 | 7430 | 7571 | 7572 | 7573 | 7574 | 7575 | 7576 | 7577 | 7578 | 7579 | 7580 | 7721 | 7722 | 7723 | 7724 | 7725 | 7726 | 7727 | 7728 | 7729 | 7730,/diseases-care/downy-mildew-682-guide | /diseases-care/downy-mildew-682-beginner | /diseases-care/downy-mildew-682-problems | /diseases-care/downy-mildew-682-cost | /diseases-care/downy-mildew-682-compare | /diseases-care/downy-mildew-682-calendar | /diseases-care/downy-mildew-682-mistakes | /diseases-care/downy-mildew-682-faq | /diseases-care/downy-mildew-682-decision | /diseases-care/downy-mildew-682-answer | /diseases-care/downy-mildew-697-guide | /diseases-care/downy-mildew-697-beginner | /diseases-care/downy-mildew-697-problems | /diseases-care/downy-mildew-697-cost | /diseases-care/downy-mildew-697-compare | /diseases-care/downy-mildew-697-calendar | /diseases-care/downy-mildew-697-mistakes | /diseases-care/downy-mildew-697-faq | /diseases-care/downy-mildew-697-decision | /diseases-care/downy-mildew-697-answer | /diseases-care/downy-mildew-712-guide | /diseases-care/downy-mildew-712-beginner | /diseases-care/downy-mildew-712-problems | /diseases-care/downy-mildew-712-cost | /diseases-care/downy-mildew-712-compare | /diseases-care/downy-mildew-712-calendar | /diseases-care/downy-mildew-712-mistakes | /diseases-care/downy-mildew-712-faq | /diseases-care/downy-mildew-712-decision | /diseases-care/downy-mildew-712-answer | /diseases-care/downy-mildew-727-guide | /diseases-care/downy-mildew-727-beginner | /diseases-care/downy-mildew-727-problems | /diseases-care/downy-mildew-727-cost | /diseases-care/downy-mildew-727-compare | /diseases-care/downy-mildew-727-calendar | /diseases-care/downy-mildew-727-mistakes | /diseases-care/downy-mildew-727-faq | /diseases-care/downy-mildew-727-decision | /diseases-care/downy-mildew-727-answer | /diseases-care/downy-mildew-742-guide | /diseases-care/downy-mildew-742-beginner | /diseases-care/downy-mildew-742-problems | /diseases-care/downy-mildew-742-cost | /diseases-care/downy-mildew-742-compare | /diseases-care/downy-mildew-742-calendar | /diseases-care/downy-mildew-742-mistakes | /diseases-care/downy-mildew-742-faq | /diseases-care/downy-mildew-742-decision | /diseases-care/downy-mildew-742-answer | /diseases-care/downy-mildew-757-guide | /diseases-care/downy-mildew-757-beginner | /diseases-care/downy-mildew-757-problems | /diseases-care/downy-mildew-757-cost | /diseases-care/downy-mildew-757-compare | /diseases-care/downy-mildew-757-calendar | /diseases-care/downy-mildew-757-mistakes | /diseases-care/downy-mildew-757-faq | /diseases-care/downy-mildew-757-decision | /diseases-care/downy-mildew-757-answer | /diseases-care/downy-mildew-772-guide | /diseases-care/downy-mildew-772-beginner | /diseases-care/downy-mildew-772-problems | /diseases-care/downy-mildew-772-cost | /diseases-care/downy-mildew-772-compare | /diseases-care/downy-mildew-772-calendar | /diseases-care/downy-mildew-772-mistakes | /diseases-care/downy-mildew-772-faq | /diseases-care/downy-mildew-772-decision | /diseases-care/downy-mildew-772-answer,P1:70,processed_existing_catalog,1,โรคราน้ำค้าง
วัชพืช,,โรคและการดูแล,วัชพืช,วัชพืช,วัชพืช,70,6891 | 6892 | 6893 | 6894 | 6895 | 6896 | 6897 | 6898 | 6899 | 6900 | 7041 | 7042 | 7043 | 7044 | 7045 | 7046 | 7047 | 7048 | 7049 | 7050 | 7191 | 7192 | 7193 | 7194 | 7195 | 7196 | 7197 | 7198 | 7199 | 7200 | 7341 | 7342 | 7343 | 7344 | 7345 | 7346 | 7347 | 7348 | 7349 | 7350 | 7491 | 7492 | 7493 | 7494 | 7495 | 7496 | 7497 | 7498 | 7499 | 7500 | 7641 | 7642 | 7643 | 7644 | 7645 | 7646 | 7647 | 7648 | 7649 | 7650 | 7791 | 7792 | 7793 | 7794 | 7795 | 7796 | 7797 | 7798 | 7799 | 7800,/diseases-care/weed-control-689-guide | /diseases-care/weed-control-689-beginner | /diseases-care/weed-control-689-problems | /diseases-care/weed-control-689-cost | /diseases-care/weed-control-689-compare | /diseases-care/weed-control-689-calendar | /diseases-care/weed-control-689-mistakes | /diseases-care/weed-control-689-faq | /diseases-care/weed-control-689-decision | /diseases-care/weed-control-689-answer | /diseases-care/weed-control-704-guide | /diseases-care/weed-control-704-beginner | /diseases-care/weed-control-704-problems | /diseases-care/weed-control-704-cost | /diseases-care/weed-control-704-compare | /diseases-care/weed-control-704-calendar | /diseases-care/weed-control-704-mistakes | /diseases-care/weed-control-704-faq | /diseases-care/weed-control-704-decision | /diseases-care/weed-control-704-answer | /diseases-care/weed-control-719-guide | /diseases-care/weed-control-719-beginner | /diseases-care/weed-control-719-problems | /diseases-care/weed-control-719-cost | /diseases-care/weed-control-719-compare | /diseases-care/weed-control-719-calendar | /diseases-care/weed-control-719-mistakes | /diseases-care/weed-control-719-faq | /diseases-care/weed-control-719-decision | /diseases-care/weed-control-719-answer | /diseases-care/weed-control-734-guide | /diseases-care/weed-control-734-beginner | /diseases-care/weed-control-734-problems | /diseases-care/weed-control-734-cost | /diseases-care/weed-control-734-compare | /diseases-care/weed-control-734-calendar | /diseases-care/weed-control-734-mistakes | /diseases-care/weed-control-734-faq | /diseases-care/weed-control-734-decision | /diseases-care/weed-control-734-answer | /diseases-care/weed-control-749-guide | /diseases-care/weed-control-749-beginner | /diseases-care/weed-control-749-problems | /diseases-care/weed-control-749-cost | /diseases-care/weed-control-749-compare | /diseases-care/weed-control-749-calendar | /diseases-care/weed-control-749-mistakes | /diseases-care/weed-control-749-faq | /diseases-care/weed-control-749-decision | /diseases-care/weed-control-749-answer | /diseases-care/weed-control-764-guide | /diseases-care/weed-control-764-beginner | /diseases-care/weed-control-764-problems | /diseases-care/weed-control-764-cost | /diseases-care/weed-control-764-compare | /diseases-care/weed-control-764-calendar | /diseases-care/weed-control-764-mistakes | /diseases-care/weed-control-764-faq | /diseases-care/weed-control-764-decision | /diseases-care/weed-control-764-answer | /diseases-care/weed-control-779-guide | /diseases-care/weed-control-779-beginner | /diseases-care/weed-control-779-problems | /diseases-care/weed-control-779-cost | /diseases-care/weed-control-779-compare | /diseases-care/weed-control-779-calendar | /diseases-care/weed-control-779-mistakes | /diseases-care/weed-control-779-faq | /diseases-care/weed-control-779-decision | /diseases-care/weed-control-779-answer,P1:70,processed_existing_catalog,1,วัชพืช
หนอนชอนใบ,,โรคและการดูแล,แมลงศัตรูพืช,หนอนชอนใบ,หนอนชอนใบ,70,6871 | 6872 | 6873 | 6874 | 6875 | 6876 | 6877 | 6878 | 6879 | 6880 | 7021 | 7022 | 7023 | 7024 | 7025 | 7026 | 7027 | 7028 | 7029 | 7030 | 7171 | 7172 | 7173 | 7174 | 7175 | 7176 | 7177 | 7178 | 7179 | 7180 | 7321 | 7322 | 7323 | 7324 | 7325 | 7326 | 7327 | 7328 | 7329 | 7330 | 7471 | 7472 | 7473 | 7474 | 7475 | 7476 | 7477 | 7478 | 7479 | 7480 | 7621 | 7622 | 7623 | 7624 | 7625 | 7626 | 7627 | 7628 | 7629 | 7630 | 7771 | 7772 | 7773 | 7774 | 7775 | 7776 | 7777 | 7778 | 7779 | 7780,/diseases-care/leaf-miner-687-guide | /diseases-care/leaf-miner-687-beginner | /diseases-care/leaf-miner-687-problems | /diseases-care/leaf-miner-687-cost | /diseases-care/leaf-miner-687-compare | /diseases-care/leaf-miner-687-calendar | /diseases-care/leaf-miner-687-mistakes | /diseases-care/leaf-miner-687-faq | /diseases-care/leaf-miner-687-decision | /diseases-care/leaf-miner-687-answer | /diseases-care/leaf-miner-702-guide | /diseases-care/leaf-miner-702-beginner | /diseases-care/leaf-miner-702-problems | /diseases-care/leaf-miner-702-cost | /diseases-care/leaf-miner-702-compare | /diseases-care/leaf-miner-702-calendar | /diseases-care/leaf-miner-702-mistakes | /diseases-care/leaf-miner-702-faq | /diseases-care/leaf-miner-702-decision | /diseases-care/leaf-miner-702-answer | /diseases-care/leaf-miner-717-guide | /diseases-care/leaf-miner-717-beginner | /diseases-care/leaf-miner-717-problems | /diseases-care/leaf-miner-717-cost | /diseases-care/leaf-miner-717-compare | /diseases-care/leaf-miner-717-calendar | /diseases-care/leaf-miner-717-mistakes | /diseases-care/leaf-miner-717-faq | /diseases-care/leaf-miner-717-decision | /diseases-care/leaf-miner-717-answer | /diseases-care/leaf-miner-732-guide | /diseases-care/leaf-miner-732-beginner | /diseases-care/leaf-miner-732-problems | /diseases-care/leaf-miner-732-cost | /diseases-care/leaf-miner-732-compare | /diseases-care/leaf-miner-732-calendar | /diseases-care/leaf-miner-732-mistakes | /diseases-care/leaf-miner-732-faq | /diseases-care/leaf-miner-732-decision | /diseases-care/leaf-miner-732-answer | /diseases-care/leaf-miner-747-guide | /diseases-care/leaf-miner-747-beginner | /diseases-care/leaf-miner-747-problems | /diseases-care/leaf-miner-747-cost | /diseases-care/leaf-miner-747-compare | /diseases-care/leaf-miner-747-calendar | /diseases-care/leaf-miner-747-mistakes | /diseases-care/leaf-miner-747-faq | /diseases-care/leaf-miner-747-decision | /diseases-care/leaf-miner-747-answer | /diseases-care/leaf-miner-762-guide | /diseases-care/leaf-miner-762-beginner | /diseases-care/leaf-miner-762-problems | /diseases-care/leaf-miner-762-cost | /diseases-care/leaf-miner-762-compare | /diseases-care/leaf-miner-762-calendar | /diseases-care/leaf-miner-762-mistakes | /diseases-care/leaf-miner-762-faq | /diseases-care/leaf-miner-762-decision | /diseases-care/leaf-miner-762-answer | /diseases-care/leaf-miner-777-guide | /diseases-care/leaf-miner-777-beginner | /diseases-care/leaf-miner-777-problems | /diseases-care/leaf-miner-777-cost | /diseases-care/leaf-miner-777-compare | /diseases-care/leaf-miner-777-calendar | /diseases-care/leaf-miner-777-mistakes | /diseases-care/leaf-miner-777-faq | /diseases-care/leaf-miner-777-decision | /diseases-care/leaf-miner-777-answer,P1:70,processed_existing_catalog,1,หนอนชอนใบ
หอยเชอรี่ในนาข้าว,,โรคและการดูแล,ศัตรูพืชในนา,หอยเชอรี่ในนาข้าว,หอยเชอรี่ในนาข้าว,70,6881 | 6882 | 6883 | 6884 | 6885 | 6886 | 6887 | 6888 | 6889 | 6890 | 7031 | 7032 | 7033 | 7034 | 7035 | 7036 | 7037 | 7038 | 7039 | 7040 | 7181 | 7182 | 7183 | 7184 | 7185 | 7186 | 7187 | 7188 | 7189 | 7190 | 7331 | 7332 | 7333 | 7334 | 7335 | 7336 | 7337 | 7338 | 7339 | 7340 | 7481 | 7482 | 7483 | 7484 | 7485 | 7486 | 7487 | 7488 | 7489 | 7490 | 7631 | 7632 | 7633 | 7634 | 7635 | 7636 | 7637 | 7638 | 7639 | 7640 | 7781 | 7782 | 7783 | 7784 | 7785 | 7786 | 7787 | 7788 | 7789 | 7790,/diseases-care/golden-apple-snail-rice-688-guide | /diseases-care/golden-apple-snail-rice-688-beginner | /diseases-care/golden-apple-snail-rice-688-problems | /diseases-care/golden-apple-snail-rice-688-cost | /diseases-care/golden-apple-snail-rice-688-compare | /diseases-care/golden-apple-snail-rice-688-calendar | /diseases-care/golden-apple-snail-rice-688-mistakes | /diseases-care/golden-apple-snail-rice-688-faq | /diseases-care/golden-apple-snail-rice-688-decision | /diseases-care/golden-apple-snail-rice-688-answer | /diseases-care/golden-apple-snail-rice-703-guide | /diseases-care/golden-apple-snail-rice-703-beginner | /diseases-care/golden-apple-snail-rice-703-problems | /diseases-care/golden-apple-snail-rice-703-cost | /diseases-care/golden-apple-snail-rice-703-compare | /diseases-care/golden-apple-snail-rice-703-calendar | /diseases-care/golden-apple-snail-rice-703-mistakes | /diseases-care/golden-apple-snail-rice-703-faq | /diseases-care/golden-apple-snail-rice-703-decision | /diseases-care/golden-apple-snail-rice-703-answer | /diseases-care/golden-apple-snail-rice-718-guide | /diseases-care/golden-apple-snail-rice-718-beginner | /diseases-care/golden-apple-snail-rice-718-problems | /diseases-care/golden-apple-snail-rice-718-cost | /diseases-care/golden-apple-snail-rice-718-compare | /diseases-care/golden-apple-snail-rice-718-calendar | /diseases-care/golden-apple-snail-rice-718-mistakes | /diseases-care/golden-apple-snail-rice-718-faq | /diseases-care/golden-apple-snail-rice-718-decision | /diseases-care/golden-apple-snail-rice-718-answer | /diseases-care/golden-apple-snail-rice-733-guide | /diseases-care/golden-apple-snail-rice-733-beginner | /diseases-care/golden-apple-snail-rice-733-problems | /diseases-care/golden-apple-snail-rice-733-cost | /diseases-care/golden-apple-snail-rice-733-compare | /diseases-care/golden-apple-snail-rice-733-calendar | /diseases-care/golden-apple-snail-rice-733-mistakes | /diseases-care/golden-apple-snail-rice-733-faq | /diseases-care/golden-apple-snail-rice-733-decision | /diseases-care/golden-apple-snail-rice-733-answer | /diseases-care/golden-apple-snail-rice-748-guide | /diseases-care/golden-apple-snail-rice-748-beginner | /diseases-care/golden-apple-snail-rice-748-problems | /diseases-care/golden-apple-snail-rice-748-cost | /diseases-care/golden-apple-snail-rice-748-compare | /diseases-care/golden-apple-snail-rice-748-calendar | /diseases-care/golden-apple-snail-rice-748-mistakes | /diseases-care/golden-apple-snail-rice-748-faq | /diseases-care/golden-apple-snail-rice-748-decision | /diseases-care/golden-apple-snail-rice-748-answer | /diseases-care/golden-apple-snail-rice-763-guide | /diseases-care/golden-apple-snail-rice-763-beginner | /diseases-care/golden-apple-snail-rice-763-problems | /diseases-care/golden-apple-snail-rice-763-cost | /diseases-care/golden-apple-snail-rice-763-compare | /diseases-care/golden-apple-snail-rice-763-calendar | /diseases-care/golden-apple-snail-rice-763-mistakes | /diseases-care/golden-apple-snail-rice-763-faq | /diseases-care/golden-apple-snail-rice-763-decision | /diseases-care/golden-apple-snail-rice-763-answer | /diseases-care/golden-apple-snail-rice-778-guide | /diseases-care/golden-apple-snail-rice-778-beginner | /diseases-care/golden-apple-snail-rice-778-problems | /diseases-care/golden-apple-snail-rice-778-cost | /diseases-care/golden-apple-snail-rice-778-compare | /diseases-care/golden-apple-snail-rice-778-calendar | /diseases-care/golden-apple-snail-rice-778-mistakes | /diseases-care/golden-apple-snail-rice-778-faq | /diseases-care/golden-apple-snail-rice-778-decision | /diseases-care/golden-apple-snail-rice-778-answer,P1:70,processed_existing_catalog,1,หอยเชอรี่ในนาข้าว
ASF หมู,น้ำยาฆ่าเชื้อฟาร์มหมู,โรคและการดูแล,โรคสัตว์,ASF หมู,ASF หมู,60,6921 | 6922 | 6923 | 6924 | 6925 | 6926 | 6927 | 6928 | 6929 | 6930 | 7071 | 7072 | 7073 | 7074 | 7075 | 7076 | 7077 | 7078 | 7079 | 7080 | 7221 | 7222 | 7223 | 7224 | 7225 | 7226 | 7227 | 7228 | 7229 | 7230 | 7371 | 7372 | 7373 | 7374 | 7375 | 7376 | 7377 | 7378 | 7379 | 7380 | 7521 | 7522 | 7523 | 7524 | 7525 | 7526 | 7527 | 7528 | 7529 | 7530 | 7671 | 7672 | 7673 | 7674 | 7675 | 7676 | 7677 | 7678 | 7679 | 7680,/diseases-care/asf-pig-692-guide | /diseases-care/asf-pig-692-beginner | /diseases-care/asf-pig-692-problems | /diseases-care/asf-pig-692-cost | /diseases-care/asf-pig-692-compare | /diseases-care/asf-pig-692-calendar | /diseases-care/asf-pig-692-mistakes | /diseases-care/asf-pig-692-faq | /diseases-care/asf-pig-692-decision | /diseases-care/asf-pig-692-answer | /diseases-care/asf-pig-707-guide | /diseases-care/asf-pig-707-beginner | /diseases-care/asf-pig-707-problems | /diseases-care/asf-pig-707-cost | /diseases-care/asf-pig-707-compare | /diseases-care/asf-pig-707-calendar | /diseases-care/asf-pig-707-mistakes | /diseases-care/asf-pig-707-faq | /diseases-care/asf-pig-707-decision | /diseases-care/asf-pig-707-answer | /diseases-care/asf-pig-722-guide | /diseases-care/asf-pig-722-beginner | /diseases-care/asf-pig-722-problems | /diseases-care/asf-pig-722-cost | /diseases-care/asf-pig-722-compare | /diseases-care/asf-pig-722-calendar | /diseases-care/asf-pig-722-mistakes | /diseases-care/asf-pig-722-faq | /diseases-care/asf-pig-722-decision | /diseases-care/asf-pig-722-answer | /diseases-care/asf-pig-737-guide | /diseases-care/asf-pig-737-beginner | /diseases-care/asf-pig-737-problems | /diseases-care/asf-pig-737-cost | /diseases-care/asf-pig-737-compare | /diseases-care/asf-pig-737-calendar | /diseases-care/asf-pig-737-mistakes | /diseases-care/asf-pig-737-faq | /diseases-care/asf-pig-737-decision | /diseases-care/asf-pig-737-answer | /diseases-care/asf-pig-752-guide | /diseases-care/asf-pig-752-beginner | /diseases-care/asf-pig-752-problems | /diseases-care/asf-pig-752-cost | /diseases-care/asf-pig-752-compare | /diseases-care/asf-pig-752-calendar | /diseases-care/asf-pig-752-mistakes | /diseases-care/asf-pig-752-faq | /diseases-care/asf-pig-752-decision | /diseases-care/asf-pig-752-answer | /diseases-care/asf-pig-767-guide | /diseases-care/asf-pig-767-beginner | /diseases-care/asf-pig-767-problems | /diseases-care/asf-pig-767-cost | /diseases-care/asf-pig-767-compare | /diseases-care/asf-pig-767-calendar | /diseases-care/asf-pig-767-mistakes | /diseases-care/asf-pig-767-faq | /diseases-care/asf-pig-767-decision | /diseases-care/asf-pig-767-answer,P1:60,pending,0,
กระต่าย,,เลี้ยงสัตว์ / ปศุสัตว์,สัตว์เลี้ยงเศรษฐกิจขนาดเล็ก,กระต่าย,ต้นทุนเลี้ยงกระต่าย | โรคกระต่าย | โรงเรือนกระต่าย | วิธีเลี้ยงกระต่าย | อาหารกระต่าย,50,3151 | 3152 | 3153 | 3154 | 3155 | 3156 | 3157 | 3158 | 3159 | 3160 | 3161 | 3162 | 3163 | 3164 | 3165 | 3166 | 3167 | 3168 | 3169 | 3170 | 3171 | 3172 | 3173 | 3174 | 3175 | 3176 | 3177 | 3178 | 3179 | 3180 | 3181 | 3182 | 3183 | 3184 | 3185 | 3186 | 3187 | 3188 | 3189 | 3190 | 3191 | 3192 | 3193 | 3194 | 3195 | 3196 | 3197 | 3198 | 3199 | 3200,/animals/how-to-raise-rabbit-guide | /animals/how-to-raise-rabbit-beginner | /animals/how-to-raise-rabbit-problems | /animals/how-to-raise-rabbit-cost | /animals/how-to-raise-rabbit-compare | /animals/how-to-raise-rabbit-calendar | /animals/how-to-raise-rabbit-mistakes | /animals/how-to-raise-rabbit-faq | /animals/how-to-raise-rabbit-decision | /animals/how-to-raise-rabbit-answer | /animals/housing-rabbit-guide | /animals/housing-rabbit-beginner | /animals/housing-rabbit-problems | /animals/housing-rabbit-cost | /animals/housing-rabbit-compare | /animals/housing-rabbit-calendar | /animals/housing-rabbit-mistakes | /animals/housing-rabbit-faq | /animals/housing-rabbit-decision | /animals/housing-rabbit-answer | /animals/feed-rabbit-guide | /animals/feed-rabbit-beginner | /animals/feed-rabbit-problems | /animals/feed-rabbit-cost | /animals/feed-rabbit-compare | /animals/feed-rabbit-calendar | /animals/feed-rabbit-mistakes | /animals/feed-rabbit-faq | /animals/feed-rabbit-decision | /animals/feed-rabbit-answer | /animals/cost-raise-rabbit-guide | /animals/cost-raise-rabbit-beginner | /animals/cost-raise-rabbit-problems | /animals/cost-raise-rabbit-cost | /animals/cost-raise-rabbit-compare | /animals/cost-raise-rabbit-calendar | /animals/cost-raise-rabbit-mistakes | /animals/cost-raise-rabbit-faq | /animals/cost-raise-rabbit-decision | /animals/cost-raise-rabbit-answer | /animals/disease-rabbit-guide | /animals/disease-rabbit-beginner | /animals/disease-rabbit-problems | /animals/disease-rabbit-cost | /animals/disease-rabbit-compare | /animals/disease-rabbit-calendar | /animals/disease-rabbit-mistakes | /animals/disease-rabbit-faq | /animals/disease-rabbit-decision | /animals/disease-rabbit-answer,P1:20 | P2:30,processed_existing_catalog,4,อาหาร กระต่าย | โรงเรือนกระต่าย | อาหารกระต่าย | โรคกระต่าย
แกะ,,เลี้ยงสัตว์ / ปศุสัตว์,แพะและแกะ,แกะ,ต้นทุนเลี้ยงแกะ | โรคแกะ | โรงเรือนแกะ | วิธีเลี้ยงแกะ | อาหารแกะ,50,3101 | 3102 | 3103 | 3104 | 3105 | 3106 | 3107 | 3108 | 3109 | 3110 | 3111 | 3112 | 3113 | 3114 | 3115 | 3116 | 3117 | 3118 | 3119 | 3120 | 3121 | 3122 | 3123 | 3124 | 3125 | 3126 | 3127 | 3128 | 3129 | 3130 | 3131 | 3132 | 3133 | 3134 | 3135 | 3136 | 3137 | 3138 | 3139 | 3140 | 3141 | 3142 | 3143 | 3144 | 3145 | 3146 | 3147 | 3148 | 3149 | 3150,/animals/how-to-raise-sheep-guide | /animals/how-to-raise-sheep-beginner | /animals/how-to-raise-sheep-problems | /animals/how-to-raise-sheep-cost | /animals/how-to-raise-sheep-compare | /animals/how-to-raise-sheep-calendar | /animals/how-to-raise-sheep-mistakes | /animals/how-to-raise-sheep-faq | /animals/how-to-raise-sheep-decision | /animals/how-to-raise-sheep-answer | /animals/housing-sheep-guide | /animals/housing-sheep-beginner | /animals/housing-sheep-problems | /animals/housing-sheep-cost | /animals/housing-sheep-compare | /animals/housing-sheep-calendar | /animals/housing-sheep-mistakes | /animals/housing-sheep-faq | /animals/housing-sheep-decision | /animals/housing-sheep-answer | /animals/feed-sheep-guide | /animals/feed-sheep-beginner | /animals/feed-sheep-problems | /animals/feed-sheep-cost | /animals/feed-sheep-compare | /animals/feed-sheep-calendar | /animals/feed-sheep-mistakes | /animals/feed-sheep-faq | /animals/feed-sheep-decision | /animals/feed-sheep-answer | /animals/cost-raise-sheep-guide | /animals/cost-raise-sheep-beginner | /animals/cost-raise-sheep-problems | /animals/cost-raise-sheep-cost | /animals/cost-raise-sheep-compare | /animals/cost-raise-sheep-calendar | /animals/cost-raise-sheep-mistakes | /animals/cost-raise-sheep-faq | /animals/cost-raise-sheep-decision | /animals/cost-raise-sheep-answer | /animals/disease-sheep-guide | /animals/disease-sheep-beginner | /animals/disease-sheep-problems | /animals/disease-sheep-cost | /animals/disease-sheep-compare | /animals/disease-sheep-calendar | /animals/disease-sheep-mistakes | /animals/disease-sheep-faq | /animals/disease-sheep-decision | /animals/disease-sheep-answer,P1:20 | P2:30,processed_existing_catalog,4,อาหาร แกะ | โรงเรือนแกะ | อาหารแกะ | โรคแกะ
ไก่ไข่,,เลี้ยงสัตว์ / ปศุสัตว์,ไก่และสัตว์ปีก,ไก่ไข่,ต้นทุนเลี้ยงไก่ไข่ | โรคไก่ไข่ | โรงเรือนไก่ไข่ | วิธีเลี้ยงไก่ไข่ | อาหารไก่ไข่,100,2301 | 2302 | 2303 | 2304 | 2305 | 2306 | 2307 | 2308 | 2309 | 2310 | 2311 | 2312 | 2313 | 2314 | 2315 | 2316 | 2317 | 2318 | 2319 | 2320 | 2321 | 2322 | 2323 | 2324 | 2325 | 2326 | 2327 | 2328 | 2329 | 2330 | 2331 | 2332 | 2333 | 2334 | 2335 | 2336 | 2337 | 2338 | 2339 | 2340 | 2341 | 2342 | 2343 | 2344 | 2345 | 2346 | 2347 | 2348 | 2349 | 2350 | 3351 | 3352 | 3353 | 3354 | 3355 | 3356 | 3357 | 3358 | 3359 | 3360 | 3361 | 3362 | 3363 | 3364 | 3365 | 3366 | 3367 | 3368 | 3369 | 3370 | 3371 | 3372 | 3373 | 3374 | 3375 | 3376 | 3377 | 3378 | 3379 | 3380 | 3381 | 3382 | 3383 | 3384 | 3385 | 3386 | 3387 | 3388 | 3389 | 3390 | 3391 | 3392 | 3393 | 3394 | 3395 | 3396 | 3397 | 3398 | 3399 | 3400,/animals/how-to-raise-layer-chicken-guide | /animals/how-to-raise-layer-chicken-beginner | /animals/how-to-raise-layer-chicken-problems | /animals/how-to-raise-layer-chicken-cost | /animals/how-to-raise-layer-chicken-compare | /animals/how-to-raise-layer-chicken-calendar | /animals/how-to-raise-layer-chicken-mistakes | /animals/how-to-raise-layer-chicken-faq | /animals/how-to-raise-layer-chicken-decision | /animals/how-to-raise-layer-chicken-answer | /animals/housing-layer-chicken-guide | /animals/housing-layer-chicken-beginner | /animals/housing-layer-chicken-problems | /animals/housing-layer-chicken-cost | /animals/housing-layer-chicken-compare | /animals/housing-layer-chicken-calendar | /animals/housing-layer-chicken-mistakes | /animals/housing-layer-chicken-faq | /animals/housing-layer-chicken-decision | /animals/housing-layer-chicken-answer | /animals/feed-layer-chicken-guide | /animals/feed-layer-chicken-beginner | /animals/feed-layer-chicken-problems | /animals/feed-layer-chicken-cost | /animals/feed-layer-chicken-compare | /animals/feed-layer-chicken-calendar | /animals/feed-layer-chicken-mistakes | /animals/feed-layer-chicken-faq | /animals/feed-layer-chicken-decision | /animals/feed-layer-chicken-answer | /animals/cost-raise-layer-chicken-guide | /animals/cost-raise-layer-chicken-beginner | /animals/cost-raise-layer-chicken-problems | /animals/cost-raise-layer-chicken-cost | /animals/cost-raise-layer-chicken-compare | /animals/cost-raise-layer-chicken-calendar | /animals/cost-raise-layer-chicken-mistakes | /animals/cost-raise-layer-chicken-faq | /animals/cost-raise-layer-chicken-decision | /animals/cost-raise-layer-chicken-answer | /animals/disease-layer-chicken-guide | /animals/disease-layer-chicken-beginner | /animals/disease-layer-chicken-problems | /animals/disease-layer-chicken-cost | /animals/disease-layer-chicken-compare | /animals/disease-layer-chicken-calendar | /animals/disease-layer-chicken-mistakes | /animals/disease-layer-chicken-faq | /animals/disease-layer-chicken-decision | /animals/disease-layer-chicken-answer | /animals/how-to-raise-layer-chicken-guide | /animals/how-to-raise-layer-chicken-beginner | /animals/how-to-raise-layer-chicken-problems | /animals/how-to-raise-layer-chicken-cost | /animals/how-to-raise-layer-chicken-compare | /animals/how-to-raise-layer-chicken-calendar | /animals/how-to-raise-layer-chicken-mistakes | /animals/how-to-raise-layer-chicken-faq | /animals/how-to-raise-layer-chicken-decision | /animals/how-to-raise-layer-chicken-answer | /animals/housing-layer-chicken-guide | /animals/housing-layer-chicken-beginner | /animals/housing-layer-chicken-problems | /animals/housing-layer-chicken-cost | /animals/housing-layer-chicken-compare | /animals/housing-layer-chicken-calendar | /animals/housing-layer-chicken-mistakes | /animals/housing-layer-chicken-faq | /animals/housing-layer-chicken-decision | /animals/housing-layer-chicken-answer | /animals/feed-layer-chicken-guide | /animals/feed-layer-chicken-beginner | /animals/feed-layer-chicken-problems | /animals/feed-layer-chicken-cost | /animals/feed-layer-chicken-compare | /animals/feed-layer-chicken-calendar | /animals/feed-layer-chicken-mistakes | /animals/feed-layer-chicken-faq | /animals/feed-layer-chicken-decision | /animals/feed-layer-chicken-answer | /animals/cost-raise-layer-chicken-guide | /animals/cost-raise-layer-chicken-beginner | /animals/cost-raise-layer-chicken-problems | /animals/cost-raise-layer-chicken-cost | /animals/cost-raise-layer-chicken-compare | /animals/cost-raise-layer-chicken-calendar | /animals/cost-raise-layer-chicken-mistakes | /animals/cost-raise-layer-chicken-faq | /animals/cost-raise-layer-chicken-decision | /animals/cost-raise-layer-chicken-answer | /animals/disease-layer-chicken-guide | /animals/disease-layer-chicken-beginner | /animals/disease-layer-chicken-problems | /animals/disease-layer-chicken-cost | /animals/disease-layer-chicken-compare | /animals/disease-layer-chicken-calendar | /animals/disease-layer-chicken-mistakes | /animals/disease-layer-chicken-faq | /animals/disease-layer-chicken-decision | /animals/disease-layer-chicken-answer,P1:40 | P2:60,processed_existing_catalog,3,อาหาร ไก่ไข่ | โรงเรือนไก่ไข่ | โรคไก่ไข่
ไก่เนื้อ,,เลี้ยงสัตว์ / ปศุสัตว์,ไก่และสัตว์ปีก,ไก่เนื้อ,ต้นทุนเลี้ยงไก่เนื้อ | โรคไก่เนื้อ | โรงเรือนไก่เนื้อ | วิธีเลี้ยงไก่เนื้อ | อาหารไก่เนื้อ,100,2351 | 2352 | 2353 | 2354 | 2355 | 2356 | 2357 | 2358 | 2359 | 2360 | 2361 | 2362 | 2363 | 2364 | 2365 | 2366 | 2367 | 2368 | 2369 | 2370 | 2371 | 2372 | 2373 | 2374 | 2375 | 2376 | 2377 | 2378 | 2379 | 2380 | 2381 | 2382 | 2383 | 2384 | 2385 | 2386 | 2387 | 2388 | 2389 | 2390 | 2391 | 2392 | 2393 | 2394 | 2395 | 2396 | 2397 | 2398 | 2399 | 2400 | 3401 | 3402 | 3403 | 3404 | 3405 | 3406 | 3407 | 3408 | 3409 | 3410 | 3411 | 3412 | 3413 | 3414 | 3415 | 3416 | 3417 | 3418 | 3419 | 3420 | 3421 | 3422 | 3423 | 3424 | 3425 | 3426 | 3427 | 3428 | 3429 | 3430 | 3431 | 3432 | 3433 | 3434 | 3435 | 3436 | 3437 | 3438 | 3439 | 3440 | 3441 | 3442 | 3443 | 3444 | 3445 | 3446 | 3447 | 3448 | 3449 | 3450,/animals/how-to-raise-broiler-guide | /animals/how-to-raise-broiler-beginner | /animals/how-to-raise-broiler-problems | /animals/how-to-raise-broiler-cost | /animals/how-to-raise-broiler-compare | /animals/how-to-raise-broiler-calendar | /animals/how-to-raise-broiler-mistakes | /animals/how-to-raise-broiler-faq | /animals/how-to-raise-broiler-decision | /animals/how-to-raise-broiler-answer | /animals/housing-broiler-guide | /animals/housing-broiler-beginner | /animals/housing-broiler-problems | /animals/housing-broiler-cost | /animals/housing-broiler-compare | /animals/housing-broiler-calendar | /animals/housing-broiler-mistakes | /animals/housing-broiler-faq | /animals/housing-broiler-decision | /animals/housing-broiler-answer | /animals/feed-broiler-guide | /animals/feed-broiler-beginner | /animals/feed-broiler-problems | /animals/feed-broiler-cost | /animals/feed-broiler-compare | /animals/feed-broiler-calendar | /animals/feed-broiler-mistakes | /animals/feed-broiler-faq | /animals/feed-broiler-decision | /animals/feed-broiler-answer | /animals/cost-raise-broiler-guide | /animals/cost-raise-broiler-beginner | /animals/cost-raise-broiler-problems | /animals/cost-raise-broiler-cost | /animals/cost-raise-broiler-compare | /animals/cost-raise-broiler-calendar | /animals/cost-raise-broiler-mistakes | /animals/cost-raise-broiler-faq | /animals/cost-raise-broiler-decision | /animals/cost-raise-broiler-answer | /animals/disease-broiler-guide | /animals/disease-broiler-beginner | /animals/disease-broiler-problems | /animals/disease-broiler-cost | /animals/disease-broiler-compare | /animals/disease-broiler-calendar | /animals/disease-broiler-mistakes | /animals/disease-broiler-faq | /animals/disease-broiler-decision | /animals/disease-broiler-answer | /animals/how-to-raise-broiler-guide | /animals/how-to-raise-broiler-beginner | /animals/how-to-raise-broiler-problems | /animals/how-to-raise-broiler-cost | /animals/how-to-raise-broiler-compare | /animals/how-to-raise-broiler-calendar | /animals/how-to-raise-broiler-mistakes | /animals/how-to-raise-broiler-faq | /animals/how-to-raise-broiler-decision | /animals/how-to-raise-broiler-answer | /animals/housing-broiler-guide | /animals/housing-broiler-beginner | /animals/housing-broiler-problems | /animals/housing-broiler-cost | /animals/housing-broiler-compare | /animals/housing-broiler-calendar | /animals/housing-broiler-mistakes | /animals/housing-broiler-faq | /animals/housing-broiler-decision | /animals/housing-broiler-answer | /animals/feed-broiler-guide | /animals/feed-broiler-beginner | /animals/feed-broiler-problems | /animals/feed-broiler-cost | /animals/feed-broiler-compare | /animals/feed-broiler-calendar | /animals/feed-broiler-mistakes | /animals/feed-broiler-faq | /animals/feed-broiler-decision | /animals/feed-broiler-answer | /animals/cost-raise-broiler-guide | /animals/cost-raise-broiler-beginner | /animals/cost-raise-broiler-problems | /animals/cost-raise-broiler-cost | /animals/cost-raise-broiler-compare | /animals/cost-raise-broiler-calendar | /animals/cost-raise-broiler-mistakes | /animals/cost-raise-broiler-faq | /animals/cost-raise-broiler-decision | /animals/cost-raise-broiler-answer | /animals/disease-broiler-guide | /animals/disease-broiler-beginner | /animals/disease-broiler-problems | /animals/disease-broiler-cost | /animals/disease-broiler-compare | /animals/disease-broiler-calendar | /animals/disease-broiler-mistakes | /animals/disease-broiler-faq | /animals/disease-broiler-decision | /animals/disease-broiler-answer,P1:40 | P2:60,processed_existing_catalog,3,อาหาร ไก่เนื้อ | โรงเรือนไก่เนื้อ | โรคไก่เนื้อ
ไก่บ้าน,,เลี้ยงสัตว์ / ปศุสัตว์,ไก่และสัตว์ปีก,ไก่บ้าน,ต้นทุนเลี้ยงไก่บ้าน | โรคไก่บ้าน | โรงเรือนไก่บ้าน | วิธีเลี้ยงไก่บ้าน | อาหารไก่บ้าน,100,2401 | 2402 | 2403 | 2404 | 2405 | 2406 | 2407 | 2408 | 2409 | 2410 | 2411 | 2412 | 2413 | 2414 | 2415 | 2416 | 2417 | 2418 | 2419 | 2420 | 2421 | 2422 | 2423 | 2424 | 2425 | 2426 | 2427 | 2428 | 2429 | 2430 | 2431 | 2432 | 2433 | 2434 | 2435 | 2436 | 2437 | 2438 | 2439 | 2440 | 2441 | 2442 | 2443 | 2444 | 2445 | 2446 | 2447 | 2448 | 2449 | 2450 | 3451 | 3452 | 3453 | 3454 | 3455 | 3456 | 3457 | 3458 | 3459 | 3460 | 3461 | 3462 | 3463 | 3464 | 3465 | 3466 | 3467 | 3468 | 3469 | 3470 | 3471 | 3472 | 3473 | 3474 | 3475 | 3476 | 3477 | 3478 | 3479 | 3480 | 3481 | 3482 | 3483 | 3484 | 3485 | 3486 | 3487 | 3488 | 3489 | 3490 | 3491 | 3492 | 3493 | 3494 | 3495 | 3496 | 3497 | 3498 | 3499 | 3500,/animals/how-to-raise-native-chicken-guide | /animals/how-to-raise-native-chicken-beginner | /animals/how-to-raise-native-chicken-problems | /animals/how-to-raise-native-chicken-cost | /animals/how-to-raise-native-chicken-compare | /animals/how-to-raise-native-chicken-calendar | /animals/how-to-raise-native-chicken-mistakes | /animals/how-to-raise-native-chicken-faq | /animals/how-to-raise-native-chicken-decision | /animals/how-to-raise-native-chicken-answer | /animals/housing-native-chicken-guide | /animals/housing-native-chicken-beginner | /animals/housing-native-chicken-problems | /animals/housing-native-chicken-cost | /animals/housing-native-chicken-compare | /animals/housing-native-chicken-calendar | /animals/housing-native-chicken-mistakes | /animals/housing-native-chicken-faq | /animals/housing-native-chicken-decision | /animals/housing-native-chicken-answer | /animals/feed-native-chicken-guide | /animals/feed-native-chicken-beginner | /animals/feed-native-chicken-problems | /animals/feed-native-chicken-cost | /animals/feed-native-chicken-compare | /animals/feed-native-chicken-calendar | /animals/feed-native-chicken-mistakes | /animals/feed-native-chicken-faq | /animals/feed-native-chicken-decision | /animals/feed-native-chicken-answer | /animals/cost-raise-native-chicken-guide | /animals/cost-raise-native-chicken-beginner | /animals/cost-raise-native-chicken-problems | /animals/cost-raise-native-chicken-cost | /animals/cost-raise-native-chicken-compare | /animals/cost-raise-native-chicken-calendar | /animals/cost-raise-native-chicken-mistakes | /animals/cost-raise-native-chicken-faq | /animals/cost-raise-native-chicken-decision | /animals/cost-raise-native-chicken-answer | /animals/disease-native-chicken-guide | /animals/disease-native-chicken-beginner | /animals/disease-native-chicken-problems | /animals/disease-native-chicken-cost | /animals/disease-native-chicken-compare | /animals/disease-native-chicken-calendar | /animals/disease-native-chicken-mistakes | /animals/disease-native-chicken-faq | /animals/disease-native-chicken-decision | /animals/disease-native-chicken-answer | /animals/how-to-raise-native-chicken-guide | /animals/how-to-raise-native-chicken-beginner | /animals/how-to-raise-native-chicken-problems | /animals/how-to-raise-native-chicken-cost | /animals/how-to-raise-native-chicken-compare | /animals/how-to-raise-native-chicken-calendar | /animals/how-to-raise-native-chicken-mistakes | /animals/how-to-raise-native-chicken-faq | /animals/how-to-raise-native-chicken-decision | /animals/how-to-raise-native-chicken-answer | /animals/housing-native-chicken-guide | /animals/housing-native-chicken-beginner | /animals/housing-native-chicken-problems | /animals/housing-native-chicken-cost | /animals/housing-native-chicken-compare | /animals/housing-native-chicken-calendar | /animals/housing-native-chicken-mistakes | /animals/housing-native-chicken-faq | /animals/housing-native-chicken-decision | /animals/housing-native-chicken-answer | /animals/feed-native-chicken-guide | /animals/feed-native-chicken-beginner | /animals/feed-native-chicken-problems | /animals/feed-native-chicken-cost | /animals/feed-native-chicken-compare | /animals/feed-native-chicken-calendar | /animals/feed-native-chicken-mistakes | /animals/feed-native-chicken-faq | /animals/feed-native-chicken-decision | /animals/feed-native-chicken-answer | /animals/cost-raise-native-chicken-guide | /animals/cost-raise-native-chicken-beginner | /animals/cost-raise-native-chicken-problems | /animals/cost-raise-native-chicken-cost | /animals/cost-raise-native-chicken-compare | /animals/cost-raise-native-chicken-calendar | /animals/cost-raise-native-chicken-mistakes | /animals/cost-raise-native-chicken-faq | /animals/cost-raise-native-chicken-decision | /animals/cost-raise-native-chicken-answer | /animals/disease-native-chicken-guide | /animals/disease-native-chicken-beginner | /animals/disease-native-chicken-problems | /animals/disease-native-chicken-cost | /animals/disease-native-chicken-compare | /animals/disease-native-chicken-calendar | /animals/disease-native-chicken-mistakes | /animals/disease-native-chicken-faq | /animals/disease-native-chicken-decision | /animals/disease-native-chicken-answer,P1:40 | P2:60,processed_existing_catalog,4,อาหาร ไก่บ้าน | โรงเรือนไก่บ้าน | อาหารไก่บ้าน | โรคไก่บ้าน
ควาย,,เลี้ยงสัตว์ / ปศุสัตว์,วัวและควาย,ควาย,ต้นทุนเลี้ยงควาย | โรคควาย | โรงเรือนควาย | วิธีเลี้ยงควาย | อาหารควาย,50,2951 | 2952 | 2953 | 2954 | 2955 | 2956 | 2957 | 2958 | 2959 | 2960 | 2961 | 2962 | 2963 | 2964 | 2965 | 2966 | 2967 | 2968 | 2969 | 2970 | 2971 | 2972 | 2973 | 2974 | 2975 | 2976 | 2977 | 2978 | 2979 | 2980 | 2981 | 2982 | 2983 | 2984 | 2985 | 2986 | 2987 | 2988 | 2989 | 2990 | 2991 | 2992 | 2993 | 2994 | 2995 | 2996 | 2997 | 2998 | 2999 | 3000,/animals/how-to-raise-buffalo-guide | /animals/how-to-raise-buffalo-beginner | /animals/how-to-raise-buffalo-problems | /animals/how-to-raise-buffalo-cost | /animals/how-to-raise-buffalo-compare | /animals/how-to-raise-buffalo-calendar | /animals/how-to-raise-buffalo-mistakes | /animals/how-to-raise-buffalo-faq | /animals/how-to-raise-buffalo-decision | /animals/how-to-raise-buffalo-answer | /animals/housing-buffalo-guide | /animals/housing-buffalo-beginner | /animals/housing-buffalo-problems | /animals/housing-buffalo-cost | /animals/housing-buffalo-compare | /animals/housing-buffalo-calendar | /animals/housing-buffalo-mistakes | /animals/housing-buffalo-faq | /animals/housing-buffalo-decision | /animals/housing-buffalo-answer | /animals/feed-buffalo-guide | /animals/feed-buffalo-beginner | /animals/feed-buffalo-problems | /animals/feed-buffalo-cost | /animals/feed-buffalo-compare | /animals/feed-buffalo-calendar | /animals/feed-buffalo-mistakes | /animals/feed-buffalo-faq | /animals/feed-buffalo-decision | /animals/feed-buffalo-answer | /animals/cost-raise-buffalo-guide | /animals/cost-raise-buffalo-beginner | /animals/cost-raise-buffalo-problems | /animals/cost-raise-buffalo-cost | /animals/cost-raise-buffalo-compare | /animals/cost-raise-buffalo-calendar | /animals/cost-raise-buffalo-mistakes | /animals/cost-raise-buffalo-faq | /animals/cost-raise-buffalo-decision | /animals/cost-raise-buffalo-answer | /animals/disease-buffalo-guide | /animals/disease-buffalo-beginner | /animals/disease-buffalo-problems | /animals/disease-buffalo-cost | /animals/disease-buffalo-compare | /animals/disease-buffalo-calendar | /animals/disease-buffalo-mistakes | /animals/disease-buffalo-faq | /animals/disease-buffalo-decision | /animals/disease-buffalo-answer,P1:20 | P2:30,processed_existing_catalog,4,อาหาร ควาย | โรงเรือนควาย | อาหารควาย | โรคควาย
โคขุน,,เลี้ยงสัตว์ / ปศุสัตว์,วัวและควาย,โคขุน,ต้นทุนเลี้ยงโคขุน | โรคโคขุน | โรงเรือนโคขุน | วิธีเลี้ยงโคขุน | อาหารโคขุน,100,2851 | 2852 | 2853 | 2854 | 2855 | 2856 | 2857 | 2858 | 2859 | 2860 | 2861 | 2862 | 2863 | 2864 | 2865 | 2866 | 2867 | 2868 | 2869 | 2870 | 2871 | 2872 | 2873 | 2874 | 2875 | 2876 | 2877 | 2878 | 2879 | 2880 | 2881 | 2882 | 2883 | 2884 | 2885 | 2886 | 2887 | 2888 | 2889 | 2890 | 2891 | 2892 | 2893 | 2894 | 2895 | 2896 | 2897 | 2898 | 2899 | 2900 | 3901 | 3902 | 3903 | 3904 | 3905 | 3906 | 3907 | 3908 | 3909 | 3910 | 3911 | 3912 | 3913 | 3914 | 3915 | 3916 | 3917 | 3918 | 3919 | 3920 | 3921 | 3922 | 3923 | 3924 | 3925 | 3926 | 3927 | 3928 | 3929 | 3930 | 3931 | 3932 | 3933 | 3934 | 3935 | 3936 | 3937 | 3938 | 3939 | 3940 | 3941 | 3942 | 3943 | 3944 | 3945 | 3946 | 3947 | 3948 | 3949 | 3950,/animals/how-to-raise-fattening-cattle-guide | /animals/how-to-raise-fattening-cattle-beginner | /animals/how-to-raise-fattening-cattle-problems | /animals/how-to-raise-fattening-cattle-cost | /animals/how-to-raise-fattening-cattle-compare | /animals/how-to-raise-fattening-cattle-calendar | /animals/how-to-raise-fattening-cattle-mistakes | /animals/how-to-raise-fattening-cattle-faq | /animals/how-to-raise-fattening-cattle-decision | /animals/how-to-raise-fattening-cattle-answer | /animals/housing-fattening-cattle-guide | /animals/housing-fattening-cattle-beginner | /animals/housing-fattening-cattle-problems | /animals/housing-fattening-cattle-cost | /animals/housing-fattening-cattle-compare | /animals/housing-fattening-cattle-calendar | /animals/housing-fattening-cattle-mistakes | /animals/housing-fattening-cattle-faq | /animals/housing-fattening-cattle-decision | /animals/housing-fattening-cattle-answer | /animals/feed-fattening-cattle-guide | /animals/feed-fattening-cattle-beginner | /animals/feed-fattening-cattle-problems | /animals/feed-fattening-cattle-cost | /animals/feed-fattening-cattle-compare | /animals/feed-fattening-cattle-calendar | /animals/feed-fattening-cattle-mistakes | /animals/feed-fattening-cattle-faq | /animals/feed-fattening-cattle-decision | /animals/feed-fattening-cattle-answer | /animals/cost-raise-fattening-cattle-guide | /animals/cost-raise-fattening-cattle-beginner | /animals/cost-raise-fattening-cattle-problems | /animals/cost-raise-fattening-cattle-cost | /animals/cost-raise-fattening-cattle-compare | /animals/cost-raise-fattening-cattle-calendar | /animals/cost-raise-fattening-cattle-mistakes | /animals/cost-raise-fattening-cattle-faq | /animals/cost-raise-fattening-cattle-decision | /animals/cost-raise-fattening-cattle-answer | /animals/disease-fattening-cattle-guide | /animals/disease-fattening-cattle-beginner | /animals/disease-fattening-cattle-problems | /animals/disease-fattening-cattle-cost | /animals/disease-fattening-cattle-compare | /animals/disease-fattening-cattle-calendar | /animals/disease-fattening-cattle-mistakes | /animals/disease-fattening-cattle-faq | /animals/disease-fattening-cattle-decision | /animals/disease-fattening-cattle-answer | /animals/how-to-raise-fattening-cattle-guide | /animals/how-to-raise-fattening-cattle-beginner | /animals/how-to-raise-fattening-cattle-problems | /animals/how-to-raise-fattening-cattle-cost | /animals/how-to-raise-fattening-cattle-compare | /animals/how-to-raise-fattening-cattle-calendar | /animals/how-to-raise-fattening-cattle-mistakes | /animals/how-to-raise-fattening-cattle-faq | /animals/how-to-raise-fattening-cattle-decision | /animals/how-to-raise-fattening-cattle-answer | /animals/housing-fattening-cattle-guide | /animals/housing-fattening-cattle-beginner | /animals/housing-fattening-cattle-problems | /animals/housing-fattening-cattle-cost | /animals/housing-fattening-cattle-compare | /animals/housing-fattening-cattle-calendar | /animals/housing-fattening-cattle-mistakes | /animals/housing-fattening-cattle-faq | /animals/housing-fattening-cattle-decision | /animals/housing-fattening-cattle-answer | /animals/feed-fattening-cattle-guide | /animals/feed-fattening-cattle-beginner | /animals/feed-fattening-cattle-problems | /animals/feed-fattening-cattle-cost | /animals/feed-fattening-cattle-compare | /animals/feed-fattening-cattle-calendar | /animals/feed-fattening-cattle-mistakes | /animals/feed-fattening-cattle-faq | /animals/feed-fattening-cattle-decision | /animals/feed-fattening-cattle-answer | /animals/cost-raise-fattening-cattle-guide | /animals/cost-raise-fattening-cattle-beginner | /animals/cost-raise-fattening-cattle-problems | /animals/cost-raise-fattening-cattle-cost | /animals/cost-raise-fattening-cattle-compare | /animals/cost-raise-fattening-cattle-calendar | /animals/cost-raise-fattening-cattle-mistakes | /animals/cost-raise-fattening-cattle-faq | /animals/cost-raise-fattening-cattle-decision | /animals/cost-raise-fattening-cattle-answer | /animals/disease-fattening-cattle-guide | /animals/disease-fattening-cattle-beginner | /animals/disease-fattening-cattle-problems | /animals/disease-fattening-cattle-cost | /animals/disease-fattening-cattle-compare | /animals/disease-fattening-cattle-calendar | /animals/disease-fattening-cattle-mistakes | /animals/disease-fattening-cattle-faq | /animals/disease-fattening-cattle-decision | /animals/disease-fattening-cattle-answer,P1:40 | P2:60,processed_existing_catalog,1,อาหาร โคขุน
โคนม,,เลี้ยงสัตว์ / ปศุสัตว์,โคนม,โคนม,ต้นทุนเลี้ยงโคนม | โรคโคนม | โรงเรือนโคนม | วิธีเลี้ยงโคนม | อาหารโคนม,100,2901 | 2902 | 2903 | 2904 | 2905 | 2906 | 2907 | 2908 | 2909 | 2910 | 2911 | 2912 | 2913 | 2914 | 2915 | 2916 | 2917 | 2918 | 2919 | 2920 | 2921 | 2922 | 2923 | 2924 | 2925 | 2926 | 2927 | 2928 | 2929 | 2930 | 2931 | 2932 | 2933 | 2934 | 2935 | 2936 | 2937 | 2938 | 2939 | 2940 | 2941 | 2942 | 2943 | 2944 | 2945 | 2946 | 2947 | 2948 | 2949 | 2950 | 3951 | 3952 | 3953 | 3954 | 3955 | 3956 | 3957 | 3958 | 3959 | 3960 | 3961 | 3962 | 3963 | 3964 | 3965 | 3966 | 3967 | 3968 | 3969 | 3970 | 3971 | 3972 | 3973 | 3974 | 3975 | 3976 | 3977 | 3978 | 3979 | 3980 | 3981 | 3982 | 3983 | 3984 | 3985 | 3986 | 3987 | 3988 | 3989 | 3990 | 3991 | 3992 | 3993 | 3994 | 3995 | 3996 | 3997 | 3998 | 3999 | 4000,/animals/how-to-raise-dairy-cow-guide | /animals/how-to-raise-dairy-cow-beginner | /animals/how-to-raise-dairy-cow-problems | /animals/how-to-raise-dairy-cow-cost | /animals/how-to-raise-dairy-cow-compare | /animals/how-to-raise-dairy-cow-calendar | /animals/how-to-raise-dairy-cow-mistakes | /animals/how-to-raise-dairy-cow-faq | /animals/how-to-raise-dairy-cow-decision | /animals/how-to-raise-dairy-cow-answer | /animals/housing-dairy-cow-guide | /animals/housing-dairy-cow-beginner | /animals/housing-dairy-cow-problems | /animals/housing-dairy-cow-cost | /animals/housing-dairy-cow-compare | /animals/housing-dairy-cow-calendar | /animals/housing-dairy-cow-mistakes | /animals/housing-dairy-cow-faq | /animals/housing-dairy-cow-decision | /animals/housing-dairy-cow-answer | /animals/feed-dairy-cow-guide | /animals/feed-dairy-cow-beginner | /animals/feed-dairy-cow-problems | /animals/feed-dairy-cow-cost | /animals/feed-dairy-cow-compare | /animals/feed-dairy-cow-calendar | /animals/feed-dairy-cow-mistakes | /animals/feed-dairy-cow-faq | /animals/feed-dairy-cow-decision | /animals/feed-dairy-cow-answer | /animals/cost-raise-dairy-cow-guide | /animals/cost-raise-dairy-cow-beginner | /animals/cost-raise-dairy-cow-problems | /animals/cost-raise-dairy-cow-cost | /animals/cost-raise-dairy-cow-compare | /animals/cost-raise-dairy-cow-calendar | /animals/cost-raise-dairy-cow-mistakes | /animals/cost-raise-dairy-cow-faq | /animals/cost-raise-dairy-cow-decision | /animals/cost-raise-dairy-cow-answer | /animals/disease-dairy-cow-guide | /animals/disease-dairy-cow-beginner | /animals/disease-dairy-cow-problems | /animals/disease-dairy-cow-cost | /animals/disease-dairy-cow-compare | /animals/disease-dairy-cow-calendar | /animals/disease-dairy-cow-mistakes | /animals/disease-dairy-cow-faq | /animals/disease-dairy-cow-decision | /animals/disease-dairy-cow-answer | /animals/how-to-raise-dairy-cow-guide | /animals/how-to-raise-dairy-cow-beginner | /animals/how-to-raise-dairy-cow-problems | /animals/how-to-raise-dairy-cow-cost | /animals/how-to-raise-dairy-cow-compare | /animals/how-to-raise-dairy-cow-calendar | /animals/how-to-raise-dairy-cow-mistakes | /animals/how-to-raise-dairy-cow-faq | /animals/how-to-raise-dairy-cow-decision | /animals/how-to-raise-dairy-cow-answer | /animals/housing-dairy-cow-guide | /animals/housing-dairy-cow-beginner | /animals/housing-dairy-cow-problems | /animals/housing-dairy-cow-cost | /animals/housing-dairy-cow-compare | /animals/housing-dairy-cow-calendar | /animals/housing-dairy-cow-mistakes | /animals/housing-dairy-cow-faq | /animals/housing-dairy-cow-decision | /animals/housing-dairy-cow-answer | /animals/feed-dairy-cow-guide | /animals/feed-dairy-cow-beginner | /animals/feed-dairy-cow-problems | /animals/feed-dairy-cow-cost | /animals/feed-dairy-cow-compare | /animals/feed-dairy-cow-calendar | /animals/feed-dairy-cow-mistakes | /animals/feed-dairy-cow-faq | /animals/feed-dairy-cow-decision | /animals/feed-dairy-cow-answer | /animals/cost-raise-dairy-cow-guide | /animals/cost-raise-dairy-cow-beginner | /animals/cost-raise-dairy-cow-problems | /animals/cost-raise-dairy-cow-cost | /animals/cost-raise-dairy-cow-compare | /animals/cost-raise-dairy-cow-calendar | /animals/cost-raise-dairy-cow-mistakes | /animals/cost-raise-dairy-cow-faq | /animals/cost-raise-dairy-cow-decision | /animals/cost-raise-dairy-cow-answer | /animals/disease-dairy-cow-guide | /animals/disease-dairy-cow-beginner | /animals/disease-dairy-cow-problems | /animals/disease-dairy-cow-cost | /animals/disease-dairy-cow-compare | /animals/disease-dairy-cow-calendar | /animals/disease-dairy-cow-mistakes | /animals/disease-dairy-cow-faq | /animals/disease-dairy-cow-decision | /animals/disease-dairy-cow-answer,P1:40 | P2:60,processed_existing_catalog,2,อาหาร โคนม | อาหารโคนม
จิ้งหรีด,,เลี้ยงสัตว์ / ปศุสัตว์,แมลงเศรษฐกิจ,จิ้งหรีด,ต้นทุนเลี้ยงจิ้งหรีด | โรคจิ้งหรีด | โรงเรือนจิ้งหรีด | วิธีเลี้ยงจิ้งหรีด | อาหารจิ้งหรีด,50,3201 | 3202 | 3203 | 3204 | 3205 | 3206 | 3207 | 3208 | 3209 | 3210 | 3211 | 3212 | 3213 | 3214 | 3215 | 3216 | 3217 | 3218 | 3219 | 3220 | 3221 | 3222 | 3223 | 3224 | 3225 | 3226 | 3227 | 3228 | 3229 | 3230 | 3231 | 3232 | 3233 | 3234 | 3235 | 3236 | 3237 | 3238 | 3239 | 3240 | 3241 | 3242 | 3243 | 3244 | 3245 | 3246 | 3247 | 3248 | 3249 | 3250,/animals/how-to-raise-cricket-guide | /animals/how-to-raise-cricket-beginner | /animals/how-to-raise-cricket-problems | /animals/how-to-raise-cricket-cost | /animals/how-to-raise-cricket-compare | /animals/how-to-raise-cricket-calendar | /animals/how-to-raise-cricket-mistakes | /animals/how-to-raise-cricket-faq | /animals/how-to-raise-cricket-decision | /animals/how-to-raise-cricket-answer | /animals/housing-cricket-guide | /animals/housing-cricket-beginner | /animals/housing-cricket-problems | /animals/housing-cricket-cost | /animals/housing-cricket-compare | /animals/housing-cricket-calendar | /animals/housing-cricket-mistakes | /animals/housing-cricket-faq | /animals/housing-cricket-decision | /animals/housing-cricket-answer | /animals/feed-cricket-guide | /animals/feed-cricket-beginner | /animals/feed-cricket-problems | /animals/feed-cricket-cost | /animals/feed-cricket-compare | /animals/feed-cricket-calendar | /animals/feed-cricket-mistakes | /animals/feed-cricket-faq | /animals/feed-cricket-decision | /animals/feed-cricket-answer | /animals/cost-raise-cricket-guide | /animals/cost-raise-cricket-beginner | /animals/cost-raise-cricket-problems | /animals/cost-raise-cricket-cost | /animals/cost-raise-cricket-compare | /animals/cost-raise-cricket-calendar | /animals/cost-raise-cricket-mistakes | /animals/cost-raise-cricket-faq | /animals/cost-raise-cricket-decision | /animals/cost-raise-cricket-answer | /animals/disease-cricket-guide | /animals/disease-cricket-beginner | /animals/disease-cricket-problems | /animals/disease-cricket-cost | /animals/disease-cricket-compare | /animals/disease-cricket-calendar | /animals/disease-cricket-mistakes | /animals/disease-cricket-faq | /animals/disease-cricket-decision | /animals/disease-cricket-answer,P1:20 | P2:30,processed_existing_catalog,2,อาหาร จิ้งหรีด | อาหารจิ้งหรีด
นกกระทา,,เลี้ยงสัตว์ / ปศุสัตว์,สัตว์ปีกทางเลือก,นกกระทา,ต้นทุนเลี้ยงนกกระทา | โรคนกกระทา | โรงเรือนนกกระทา | วิธีเลี้ยงนกกระทา | อาหารนกกระทา,100,2601 | 2602 | 2603 | 2604 | 2605 | 2606 | 2607 | 2608 | 2609 | 2610 | 2611 | 2612 | 2613 | 2614 | 2615 | 2616 | 2617 | 2618 | 2619 | 2620 | 2621 | 2622 | 2623 | 2624 | 2625 | 2626 | 2627 | 2628 | 2629 | 2630 | 2631 | 2632 | 2633 | 2634 | 2635 | 2636 | 2637 | 2638 | 2639 | 2640 | 2641 | 2642 | 2643 | 2644 | 2645 | 2646 | 2647 | 2648 | 2649 | 2650 | 3651 | 3652 | 3653 | 3654 | 3655 | 3656 | 3657 | 3658 | 3659 | 3660 | 3661 | 3662 | 3663 | 3664 | 3665 | 3666 | 3667 | 3668 | 3669 | 3670 | 3671 | 3672 | 3673 | 3674 | 3675 | 3676 | 3677 | 3678 | 3679 | 3680 | 3681 | 3682 | 3683 | 3684 | 3685 | 3686 | 3687 | 3688 | 3689 | 3690 | 3691 | 3692 | 3693 | 3694 | 3695 | 3696 | 3697 | 3698 | 3699 | 3700,/animals/how-to-raise-quail-guide | /animals/how-to-raise-quail-beginner | /animals/how-to-raise-quail-problems | /animals/how-to-raise-quail-cost | /animals/how-to-raise-quail-compare | /animals/how-to-raise-quail-calendar | /animals/how-to-raise-quail-mistakes | /animals/how-to-raise-quail-faq | /animals/how-to-raise-quail-decision | /animals/how-to-raise-quail-answer | /animals/housing-quail-guide | /animals/housing-quail-beginner | /animals/housing-quail-problems | /animals/housing-quail-cost | /animals/housing-quail-compare | /animals/housing-quail-calendar | /animals/housing-quail-mistakes | /animals/housing-quail-faq | /animals/housing-quail-decision | /animals/housing-quail-answer | /animals/feed-quail-guide | /animals/feed-quail-beginner | /animals/feed-quail-problems | /animals/feed-quail-cost | /animals/feed-quail-compare | /animals/feed-quail-calendar | /animals/feed-quail-mistakes | /animals/feed-quail-faq | /animals/feed-quail-decision | /animals/feed-quail-answer | /animals/cost-raise-quail-guide | /animals/cost-raise-quail-beginner | /animals/cost-raise-quail-problems | /animals/cost-raise-quail-cost | /animals/cost-raise-quail-compare | /animals/cost-raise-quail-calendar | /animals/cost-raise-quail-mistakes | /animals/cost-raise-quail-faq | /animals/cost-raise-quail-decision | /animals/cost-raise-quail-answer | /animals/disease-quail-guide | /animals/disease-quail-beginner | /animals/disease-quail-problems | /animals/disease-quail-cost | /animals/disease-quail-compare | /animals/disease-quail-calendar | /animals/disease-quail-mistakes | /animals/disease-quail-faq | /animals/disease-quail-decision | /animals/disease-quail-answer | /animals/how-to-raise-quail-guide | /animals/how-to-raise-quail-beginner | /animals/how-to-raise-quail-problems | /animals/how-to-raise-quail-cost | /animals/how-to-raise-quail-compare | /animals/how-to-raise-quail-calendar | /animals/how-to-raise-quail-mistakes | /animals/how-to-raise-quail-faq | /animals/how-to-raise-quail-decision | /animals/how-to-raise-quail-answer | /animals/housing-quail-guide | /animals/housing-quail-beginner | /animals/housing-quail-problems | /animals/housing-quail-cost | /animals/housing-quail-compare | /animals/housing-quail-calendar | /animals/housing-quail-mistakes | /animals/housing-quail-faq | /animals/housing-quail-decision | /animals/housing-quail-answer | /animals/feed-quail-guide | /animals/feed-quail-beginner | /animals/feed-quail-problems | /animals/feed-quail-cost | /animals/feed-quail-compare | /animals/feed-quail-calendar | /animals/feed-quail-mistakes | /animals/feed-quail-faq | /animals/feed-quail-decision | /animals/feed-quail-answer | /animals/cost-raise-quail-guide | /animals/cost-raise-quail-beginner | /animals/cost-raise-quail-problems | /animals/cost-raise-quail-cost | /animals/cost-raise-quail-compare | /animals/cost-raise-quail-calendar | /animals/cost-raise-quail-mistakes | /animals/cost-raise-quail-faq | /animals/cost-raise-quail-decision | /animals/cost-raise-quail-answer | /animals/disease-quail-guide | /animals/disease-quail-beginner | /animals/disease-quail-problems | /animals/disease-quail-cost | /animals/disease-quail-compare | /animals/disease-quail-calendar | /animals/disease-quail-mistakes | /animals/disease-quail-faq | /animals/disease-quail-decision | /animals/disease-quail-answer,P1:40 | P2:60,processed_existing_catalog,4,อาหาร นกกระทา | โรงเรือนนกกระทา | อาหารนกกระทา | โรคนกกระทา
เป็ดไข่,,เลี้ยงสัตว์ / ปศุสัตว์,เป็ดและสัตว์ปีก,เป็ดไข่,ต้นทุนเลี้ยงเป็ดไข่ | โรคเป็ดไข่ | โรงเรือนเป็ดไข่ | วิธีเลี้ยงเป็ดไข่ | อาหารเป็ดไข่,100,2451 | 2452 | 2453 | 2454 | 2455 | 2456 | 2457 | 2458 | 2459 | 2460 | 2461 | 2462 | 2463 | 2464 | 2465 | 2466 | 2467 | 2468 | 2469 | 2470 | 2471 | 2472 | 2473 | 2474 | 2475 | 2476 | 2477 | 2478 | 2479 | 2480 | 2481 | 2482 | 2483 | 2484 | 2485 | 2486 | 2487 | 2488 | 2489 | 2490 | 2491 | 2492 | 2493 | 2494 | 2495 | 2496 | 2497 | 2498 | 2499 | 2500 | 3501 | 3502 | 3503 | 3504 | 3505 | 3506 | 3507 | 3508 | 3509 | 3510 | 3511 | 3512 | 3513 | 3514 | 3515 | 3516 | 3517 | 3518 | 3519 | 3520 | 3521 | 3522 | 3523 | 3524 | 3525 | 3526 | 3527 | 3528 | 3529 | 3530 | 3531 | 3532 | 3533 | 3534 | 3535 | 3536 | 3537 | 3538 | 3539 | 3540 | 3541 | 3542 | 3543 | 3544 | 3545 | 3546 | 3547 | 3548 | 3549 | 3550,/animals/how-to-raise-layer-duck-guide | /animals/how-to-raise-layer-duck-beginner | /animals/how-to-raise-layer-duck-problems | /animals/how-to-raise-layer-duck-cost | /animals/how-to-raise-layer-duck-compare | /animals/how-to-raise-layer-duck-calendar | /animals/how-to-raise-layer-duck-mistakes | /animals/how-to-raise-layer-duck-faq | /animals/how-to-raise-layer-duck-decision | /animals/how-to-raise-layer-duck-answer | /animals/housing-layer-duck-guide | /animals/housing-layer-duck-beginner | /animals/housing-layer-duck-problems | /animals/housing-layer-duck-cost | /animals/housing-layer-duck-compare | /animals/housing-layer-duck-calendar | /animals/housing-layer-duck-mistakes | /animals/housing-layer-duck-faq | /animals/housing-layer-duck-decision | /animals/housing-layer-duck-answer | /animals/feed-layer-duck-guide | /animals/feed-layer-duck-beginner | /animals/feed-layer-duck-problems | /animals/feed-layer-duck-cost | /animals/feed-layer-duck-compare | /animals/feed-layer-duck-calendar | /animals/feed-layer-duck-mistakes | /animals/feed-layer-duck-faq | /animals/feed-layer-duck-decision | /animals/feed-layer-duck-answer | /animals/cost-raise-layer-duck-guide | /animals/cost-raise-layer-duck-beginner | /animals/cost-raise-layer-duck-problems | /animals/cost-raise-layer-duck-cost | /animals/cost-raise-layer-duck-compare | /animals/cost-raise-layer-duck-calendar | /animals/cost-raise-layer-duck-mistakes | /animals/cost-raise-layer-duck-faq | /animals/cost-raise-layer-duck-decision | /animals/cost-raise-layer-duck-answer | /animals/disease-layer-duck-guide | /animals/disease-layer-duck-beginner | /animals/disease-layer-duck-problems | /animals/disease-layer-duck-cost | /animals/disease-layer-duck-compare | /animals/disease-layer-duck-calendar | /animals/disease-layer-duck-mistakes | /animals/disease-layer-duck-faq | /animals/disease-layer-duck-decision | /animals/disease-layer-duck-answer | /animals/how-to-raise-layer-duck-guide | /animals/how-to-raise-layer-duck-beginner | /animals/how-to-raise-layer-duck-problems | /animals/how-to-raise-layer-duck-cost | /animals/how-to-raise-layer-duck-compare | /animals/how-to-raise-layer-duck-calendar | /animals/how-to-raise-layer-duck-mistakes | /animals/how-to-raise-layer-duck-faq | /animals/how-to-raise-layer-duck-decision | /animals/how-to-raise-layer-duck-answer | /animals/housing-layer-duck-guide | /animals/housing-layer-duck-beginner | /animals/housing-layer-duck-problems | /animals/housing-layer-duck-cost | /animals/housing-layer-duck-compare | /animals/housing-layer-duck-calendar | /animals/housing-layer-duck-mistakes | /animals/housing-layer-duck-faq | /animals/housing-layer-duck-decision | /animals/housing-layer-duck-answer | /animals/feed-layer-duck-guide | /animals/feed-layer-duck-beginner | /animals/feed-layer-duck-problems | /animals/feed-layer-duck-cost | /animals/feed-layer-duck-compare | /animals/feed-layer-duck-calendar | /animals/feed-layer-duck-mistakes | /animals/feed-layer-duck-faq | /animals/feed-layer-duck-decision | /animals/feed-layer-duck-answer | /animals/cost-raise-layer-duck-guide | /animals/cost-raise-layer-duck-beginner | /animals/cost-raise-layer-duck-problems | /animals/cost-raise-layer-duck-cost | /animals/cost-raise-layer-duck-compare | /animals/cost-raise-layer-duck-calendar | /animals/cost-raise-layer-duck-mistakes | /animals/cost-raise-layer-duck-faq | /animals/cost-raise-layer-duck-decision | /animals/cost-raise-layer-duck-answer | /animals/disease-layer-duck-guide | /animals/disease-layer-duck-beginner | /animals/disease-layer-duck-problems | /animals/disease-layer-duck-cost | /animals/disease-layer-duck-compare | /animals/disease-layer-duck-calendar | /animals/disease-layer-duck-mistakes | /animals/disease-layer-duck-faq | /animals/disease-layer-duck-decision | /animals/disease-layer-duck-answer,P1:40 | P2:60,processed_existing_catalog,4,อาหาร เป็ดไข่ | โรงเรือนเป็ดไข่ | อาหารเป็ดไข่ | โรคเป็ดไข่
เป็ดเนื้อ,,เลี้ยงสัตว์ / ปศุสัตว์,เป็ดและสัตว์ปีก,เป็ดเนื้อ,ต้นทุนเลี้ยงเป็ดเนื้อ | โรคเป็ดเนื้อ | โรงเรือนเป็ดเนื้อ | วิธีเลี้ยงเป็ดเนื้อ | อาหารเป็ดเนื้อ,100,2501 | 2502 | 2503 | 2504 | 2505 | 2506 | 2507 | 2508 | 2509 | 2510 | 2511 | 2512 | 2513 | 2514 | 2515 | 2516 | 2517 | 2518 | 2519 | 2520 | 2521 | 2522 | 2523 | 2524 | 2525 | 2526 | 2527 | 2528 | 2529 | 2530 | 2531 | 2532 | 2533 | 2534 | 2535 | 2536 | 2537 | 2538 | 2539 | 2540 | 2541 | 2542 | 2543 | 2544 | 2545 | 2546 | 2547 | 2548 | 2549 | 2550 | 3551 | 3552 | 3553 | 3554 | 3555 | 3556 | 3557 | 3558 | 3559 | 3560 | 3561 | 3562 | 3563 | 3564 | 3565 | 3566 | 3567 | 3568 | 3569 | 3570 | 3571 | 3572 | 3573 | 3574 | 3575 | 3576 | 3577 | 3578 | 3579 | 3580 | 3581 | 3582 | 3583 | 3584 | 3585 | 3586 | 3587 | 3588 | 3589 | 3590 | 3591 | 3592 | 3593 | 3594 | 3595 | 3596 | 3597 | 3598 | 3599 | 3600,/animals/how-to-raise-meat-duck-guide | /animals/how-to-raise-meat-duck-beginner | /animals/how-to-raise-meat-duck-problems | /animals/how-to-raise-meat-duck-cost | /animals/how-to-raise-meat-duck-compare | /animals/how-to-raise-meat-duck-calendar | /animals/how-to-raise-meat-duck-mistakes | /animals/how-to-raise-meat-duck-faq | /animals/how-to-raise-meat-duck-decision | /animals/how-to-raise-meat-duck-answer | /animals/housing-meat-duck-guide | /animals/housing-meat-duck-beginner | /animals/housing-meat-duck-problems | /animals/housing-meat-duck-cost | /animals/housing-meat-duck-compare | /animals/housing-meat-duck-calendar | /animals/housing-meat-duck-mistakes | /animals/housing-meat-duck-faq | /animals/housing-meat-duck-decision | /animals/housing-meat-duck-answer | /animals/feed-meat-duck-guide | /animals/feed-meat-duck-beginner | /animals/feed-meat-duck-problems | /animals/feed-meat-duck-cost | /animals/feed-meat-duck-compare | /animals/feed-meat-duck-calendar | /animals/feed-meat-duck-mistakes | /animals/feed-meat-duck-faq | /animals/feed-meat-duck-decision | /animals/feed-meat-duck-answer | /animals/cost-raise-meat-duck-guide | /animals/cost-raise-meat-duck-beginner | /animals/cost-raise-meat-duck-problems | /animals/cost-raise-meat-duck-cost | /animals/cost-raise-meat-duck-compare | /animals/cost-raise-meat-duck-calendar | /animals/cost-raise-meat-duck-mistakes | /animals/cost-raise-meat-duck-faq | /animals/cost-raise-meat-duck-decision | /animals/cost-raise-meat-duck-answer | /animals/disease-meat-duck-guide | /animals/disease-meat-duck-beginner | /animals/disease-meat-duck-problems | /animals/disease-meat-duck-cost | /animals/disease-meat-duck-compare | /animals/disease-meat-duck-calendar | /animals/disease-meat-duck-mistakes | /animals/disease-meat-duck-faq | /animals/disease-meat-duck-decision | /animals/disease-meat-duck-answer | /animals/how-to-raise-meat-duck-guide | /animals/how-to-raise-meat-duck-beginner | /animals/how-to-raise-meat-duck-problems | /animals/how-to-raise-meat-duck-cost | /animals/how-to-raise-meat-duck-compare | /animals/how-to-raise-meat-duck-calendar | /animals/how-to-raise-meat-duck-mistakes | /animals/how-to-raise-meat-duck-faq | /animals/how-to-raise-meat-duck-decision | /animals/how-to-raise-meat-duck-answer | /animals/housing-meat-duck-guide | /animals/housing-meat-duck-beginner | /animals/housing-meat-duck-problems | /animals/housing-meat-duck-cost | /animals/housing-meat-duck-compare | /animals/housing-meat-duck-calendar | /animals/housing-meat-duck-mistakes | /animals/housing-meat-duck-faq | /animals/housing-meat-duck-decision | /animals/housing-meat-duck-answer | /animals/feed-meat-duck-guide | /animals/feed-meat-duck-beginner | /animals/feed-meat-duck-problems | /animals/feed-meat-duck-cost | /animals/feed-meat-duck-compare | /animals/feed-meat-duck-calendar | /animals/feed-meat-duck-mistakes | /animals/feed-meat-duck-faq | /animals/feed-meat-duck-decision | /animals/feed-meat-duck-answer | /animals/cost-raise-meat-duck-guide | /animals/cost-raise-meat-duck-beginner | /animals/cost-raise-meat-duck-problems | /animals/cost-raise-meat-duck-cost | /animals/cost-raise-meat-duck-compare | /animals/cost-raise-meat-duck-calendar | /animals/cost-raise-meat-duck-mistakes | /animals/cost-raise-meat-duck-faq | /animals/cost-raise-meat-duck-decision | /animals/cost-raise-meat-duck-answer | /animals/disease-meat-duck-guide | /animals/disease-meat-duck-beginner | /animals/disease-meat-duck-problems | /animals/disease-meat-duck-cost | /animals/disease-meat-duck-compare | /animals/disease-meat-duck-calendar | /animals/disease-meat-duck-mistakes | /animals/disease-meat-duck-faq | /animals/disease-meat-duck-decision | /animals/disease-meat-duck-answer,P1:40 | P2:60,processed_existing_catalog,4,อาหาร เป็ดเนื้อ | โรงเรือนเป็ดเนื้อ | อาหารเป็ดเนื้อ | โรคเป็ดเนื้อ
แพะนม,,เลี้ยงสัตว์ / ปศุสัตว์,แพะและแกะ,แพะนม,ต้นทุนเลี้ยงแพะนม | โรคแพะนม | โรงเรือนแพะนม | วิธีเลี้ยงแพะนม | อาหารแพะนม,50,3051 | 3052 | 3053 | 3054 | 3055 | 3056 | 3057 | 3058 | 3059 | 3060 | 3061 | 3062 | 3063 | 3064 | 3065 | 3066 | 3067 | 3068 | 3069 | 3070 | 3071 | 3072 | 3073 | 3074 | 3075 | 3076 | 3077 | 3078 | 3079 | 3080 | 3081 | 3082 | 3083 | 3084 | 3085 | 3086 | 3087 | 3088 | 3089 | 3090 | 3091 | 3092 | 3093 | 3094 | 3095 | 3096 | 3097 | 3098 | 3099 | 3100,/animals/how-to-raise-dairy-goat-guide | /animals/how-to-raise-dairy-goat-beginner | /animals/how-to-raise-dairy-goat-problems | /animals/how-to-raise-dairy-goat-cost | /animals/how-to-raise-dairy-goat-compare | /animals/how-to-raise-dairy-goat-calendar | /animals/how-to-raise-dairy-goat-mistakes | /animals/how-to-raise-dairy-goat-faq | /animals/how-to-raise-dairy-goat-decision | /animals/how-to-raise-dairy-goat-answer | /animals/housing-dairy-goat-guide | /animals/housing-dairy-goat-beginner | /animals/housing-dairy-goat-problems | /animals/housing-dairy-goat-cost | /animals/housing-dairy-goat-compare | /animals/housing-dairy-goat-calendar | /animals/housing-dairy-goat-mistakes | /animals/housing-dairy-goat-faq | /animals/housing-dairy-goat-decision | /animals/housing-dairy-goat-answer | /animals/feed-dairy-goat-guide | /animals/feed-dairy-goat-beginner | /animals/feed-dairy-goat-problems | /animals/feed-dairy-goat-cost | /animals/feed-dairy-goat-compare | /animals/feed-dairy-goat-calendar | /animals/feed-dairy-goat-mistakes | /animals/feed-dairy-goat-faq | /animals/feed-dairy-goat-decision | /animals/feed-dairy-goat-answer | /animals/cost-raise-dairy-goat-guide | /animals/cost-raise-dairy-goat-beginner | /animals/cost-raise-dairy-goat-problems | /animals/cost-raise-dairy-goat-cost | /animals/cost-raise-dairy-goat-compare | /animals/cost-raise-dairy-goat-calendar | /animals/cost-raise-dairy-goat-mistakes | /animals/cost-raise-dairy-goat-faq | /animals/cost-raise-dairy-goat-decision | /animals/cost-raise-dairy-goat-answer | /animals/disease-dairy-goat-guide | /animals/disease-dairy-goat-beginner | /animals/disease-dairy-goat-problems | /animals/disease-dairy-goat-cost | /animals/disease-dairy-goat-compare | /animals/disease-dairy-goat-calendar | /animals/disease-dairy-goat-mistakes | /animals/disease-dairy-goat-faq | /animals/disease-dairy-goat-decision | /animals/disease-dairy-goat-answer,P1:20 | P2:30,processed_existing_catalog,3,อาหาร แพะนม | อาหารแพะนม | โรคแพะนม
แพะเนื้อ,,เลี้ยงสัตว์ / ปศุสัตว์,แพะและแกะ,แพะเนื้อ,ต้นทุนเลี้ยงแพะเนื้อ | โรคแพะเนื้อ | โรงเรือนแพะเนื้อ | วิธีเลี้ยงแพะเนื้อ | อาหารแพะเนื้อ,50,3001 | 3002 | 3003 | 3004 | 3005 | 3006 | 3007 | 3008 | 3009 | 3010 | 3011 | 3012 | 3013 | 3014 | 3015 | 3016 | 3017 | 3018 | 3019 | 3020 | 3021 | 3022 | 3023 | 3024 | 3025 | 3026 | 3027 | 3028 | 3029 | 3030 | 3031 | 3032 | 3033 | 3034 | 3035 | 3036 | 3037 | 3038 | 3039 | 3040 | 3041 | 3042 | 3043 | 3044 | 3045 | 3046 | 3047 | 3048 | 3049 | 3050,/animals/how-to-raise-meat-goat-guide | /animals/how-to-raise-meat-goat-beginner | /animals/how-to-raise-meat-goat-problems | /animals/how-to-raise-meat-goat-cost | /animals/how-to-raise-meat-goat-compare | /animals/how-to-raise-meat-goat-calendar | /animals/how-to-raise-meat-goat-mistakes | /animals/how-to-raise-meat-goat-faq | /animals/how-to-raise-meat-goat-decision | /animals/how-to-raise-meat-goat-answer | /animals/housing-meat-goat-guide | /animals/housing-meat-goat-beginner | /animals/housing-meat-goat-problems | /animals/housing-meat-goat-cost | /animals/housing-meat-goat-compare | /animals/housing-meat-goat-calendar | /animals/housing-meat-goat-mistakes | /animals/housing-meat-goat-faq | /animals/housing-meat-goat-decision | /animals/housing-meat-goat-answer | /animals/feed-meat-goat-guide | /animals/feed-meat-goat-beginner | /animals/feed-meat-goat-problems | /animals/feed-meat-goat-cost | /animals/feed-meat-goat-compare | /animals/feed-meat-goat-calendar | /animals/feed-meat-goat-mistakes | /animals/feed-meat-goat-faq | /animals/feed-meat-goat-decision | /animals/feed-meat-goat-answer | /animals/cost-raise-meat-goat-guide | /animals/cost-raise-meat-goat-beginner | /animals/cost-raise-meat-goat-problems | /animals/cost-raise-meat-goat-cost | /animals/cost-raise-meat-goat-compare | /animals/cost-raise-meat-goat-calendar | /animals/cost-raise-meat-goat-mistakes | /animals/cost-raise-meat-goat-faq | /animals/cost-raise-meat-goat-decision | /animals/cost-raise-meat-goat-answer | /animals/disease-meat-goat-guide | /animals/disease-meat-goat-beginner | /animals/disease-meat-goat-problems | /animals/disease-meat-goat-cost | /animals/disease-meat-goat-compare | /animals/disease-meat-goat-calendar | /animals/disease-meat-goat-mistakes | /animals/disease-meat-goat-faq | /animals/disease-meat-goat-decision | /animals/disease-meat-goat-answer,P1:20 | P2:30,processed_existing_catalog,3,อาหาร แพะเนื้อ | อาหารแพะเนื้อ | โรคแพะเนื้อ
แม่พันธุ์หมู,,เลี้ยงสัตว์ / ปศุสัตว์,หมู,แม่พันธุ์หมู,ต้นทุนเลี้ยงแม่พันธุ์หมู | โรคแม่พันธุ์หมู | โรงเรือนแม่พันธุ์หมู | วิธีเลี้ยงแม่พันธุ์หมู | อาหารแม่พันธุ์หมู,100,2751 | 2752 | 2753 | 2754 | 2755 | 2756 | 2757 | 2758 | 2759 | 2760 | 2761 | 2762 | 2763 | 2764 | 2765 | 2766 | 2767 | 2768 | 2769 | 2770 | 2771 | 2772 | 2773 | 2774 | 2775 | 2776 | 2777 | 2778 | 2779 | 2780 | 2781 | 2782 | 2783 | 2784 | 2785 | 2786 | 2787 | 2788 | 2789 | 2790 | 2791 | 2792 | 2793 | 2794 | 2795 | 2796 | 2797 | 2798 | 2799 | 2800 | 3801 | 3802 | 3803 | 3804 | 3805 | 3806 | 3807 | 3808 | 3809 | 3810 | 3811 | 3812 | 3813 | 3814 | 3815 | 3816 | 3817 | 3818 | 3819 | 3820 | 3821 | 3822 | 3823 | 3824 | 3825 | 3826 | 3827 | 3828 | 3829 | 3830 | 3831 | 3832 | 3833 | 3834 | 3835 | 3836 | 3837 | 3838 | 3839 | 3840 | 3841 | 3842 | 3843 | 3844 | 3845 | 3846 | 3847 | 3848 | 3849 | 3850,/animals/how-to-raise-sow-guide | /animals/how-to-raise-sow-beginner | /animals/how-to-raise-sow-problems | /animals/how-to-raise-sow-cost | /animals/how-to-raise-sow-compare | /animals/how-to-raise-sow-calendar | /animals/how-to-raise-sow-mistakes | /animals/how-to-raise-sow-faq | /animals/how-to-raise-sow-decision | /animals/how-to-raise-sow-answer | /animals/housing-sow-guide | /animals/housing-sow-beginner | /animals/housing-sow-problems | /animals/housing-sow-cost | /animals/housing-sow-compare | /animals/housing-sow-calendar | /animals/housing-sow-mistakes | /animals/housing-sow-faq | /animals/housing-sow-decision | /animals/housing-sow-answer | /animals/feed-sow-guide | /animals/feed-sow-beginner | /animals/feed-sow-problems | /animals/feed-sow-cost | /animals/feed-sow-compare | /animals/feed-sow-calendar | /animals/feed-sow-mistakes | /animals/feed-sow-faq | /animals/feed-sow-decision | /animals/feed-sow-answer | /animals/cost-raise-sow-guide | /animals/cost-raise-sow-beginner | /animals/cost-raise-sow-problems | /animals/cost-raise-sow-cost | /animals/cost-raise-sow-compare | /animals/cost-raise-sow-calendar | /animals/cost-raise-sow-mistakes | /animals/cost-raise-sow-faq | /animals/cost-raise-sow-decision | /animals/cost-raise-sow-answer | /animals/disease-sow-guide | /animals/disease-sow-beginner | /animals/disease-sow-problems | /animals/disease-sow-cost | /animals/disease-sow-compare | /animals/disease-sow-calendar | /animals/disease-sow-mistakes | /animals/disease-sow-faq | /animals/disease-sow-decision | /animals/disease-sow-answer | /animals/how-to-raise-sow-guide | /animals/how-to-raise-sow-beginner | /animals/how-to-raise-sow-problems | /animals/how-to-raise-sow-cost | /animals/how-to-raise-sow-compare | /animals/how-to-raise-sow-calendar | /animals/how-to-raise-sow-mistakes | /animals/how-to-raise-sow-faq | /animals/how-to-raise-sow-decision | /animals/how-to-raise-sow-answer | /animals/housing-sow-guide | /animals/housing-sow-beginner | /animals/housing-sow-problems | /animals/housing-sow-cost | /animals/housing-sow-compare | /animals/housing-sow-calendar | /animals/housing-sow-mistakes | /animals/housing-sow-faq | /animals/housing-sow-decision | /animals/housing-sow-answer | /animals/feed-sow-guide | /animals/feed-sow-beginner | /animals/feed-sow-problems | /animals/feed-sow-cost | /animals/feed-sow-compare | /animals/feed-sow-calendar | /animals/feed-sow-mistakes | /animals/feed-sow-faq | /animals/feed-sow-decision | /animals/feed-sow-answer | /animals/cost-raise-sow-guide | /animals/cost-raise-sow-beginner | /animals/cost-raise-sow-problems | /animals/cost-raise-sow-cost | /animals/cost-raise-sow-compare | /animals/cost-raise-sow-calendar | /animals/cost-raise-sow-mistakes | /animals/cost-raise-sow-faq | /animals/cost-raise-sow-decision | /animals/cost-raise-sow-answer | /animals/disease-sow-guide | /animals/disease-sow-beginner | /animals/disease-sow-problems | /animals/disease-sow-cost | /animals/disease-sow-compare | /animals/disease-sow-calendar | /animals/disease-sow-mistakes | /animals/disease-sow-faq | /animals/disease-sow-decision | /animals/disease-sow-answer,P1:40 | P2:60,processed_existing_catalog,1,อาหาร แม่พันธุ์หมู
วัวเนื้อ,,เลี้ยงสัตว์ / ปศุสัตว์,วัวและควาย,วัวเนื้อ,ต้นทุนเลี้ยงวัวเนื้อ | โรควัวเนื้อ | โรงเรือนวัวเนื้อ | วิธีเลี้ยงวัวเนื้อ | อาหารวัวเนื้อ,100,2801 | 2802 | 2803 | 2804 | 2805 | 2806 | 2807 | 2808 | 2809 | 2810 | 2811 | 2812 | 2813 | 2814 | 2815 | 2816 | 2817 | 2818 | 2819 | 2820 | 2821 | 2822 | 2823 | 2824 | 2825 | 2826 | 2827 | 2828 | 2829 | 2830 | 2831 | 2832 | 2833 | 2834 | 2835 | 2836 | 2837 | 2838 | 2839 | 2840 | 2841 | 2842 | 2843 | 2844 | 2845 | 2846 | 2847 | 2848 | 2849 | 2850 | 3851 | 3852 | 3853 | 3854 | 3855 | 3856 | 3857 | 3858 | 3859 | 3860 | 3861 | 3862 | 3863 | 3864 | 3865 | 3866 | 3867 | 3868 | 3869 | 3870 | 3871 | 3872 | 3873 | 3874 | 3875 | 3876 | 3877 | 3878 | 3879 | 3880 | 3881 | 3882 | 3883 | 3884 | 3885 | 3886 | 3887 | 3888 | 3889 | 3890 | 3891 | 3892 | 3893 | 3894 | 3895 | 3896 | 3897 | 3898 | 3899 | 3900,/animals/how-to-raise-beef-cattle-guide | /animals/how-to-raise-beef-cattle-beginner | /animals/how-to-raise-beef-cattle-problems | /animals/how-to-raise-beef-cattle-cost | /animals/how-to-raise-beef-cattle-compare | /animals/how-to-raise-beef-cattle-calendar | /animals/how-to-raise-beef-cattle-mistakes | /animals/how-to-raise-beef-cattle-faq | /animals/how-to-raise-beef-cattle-decision | /animals/how-to-raise-beef-cattle-answer | /animals/housing-beef-cattle-guide | /animals/housing-beef-cattle-beginner | /animals/housing-beef-cattle-problems | /animals/housing-beef-cattle-cost | /animals/housing-beef-cattle-compare | /animals/housing-beef-cattle-calendar | /animals/housing-beef-cattle-mistakes | /animals/housing-beef-cattle-faq | /animals/housing-beef-cattle-decision | /animals/housing-beef-cattle-answer | /animals/feed-beef-cattle-guide | /animals/feed-beef-cattle-beginner | /animals/feed-beef-cattle-problems | /animals/feed-beef-cattle-cost | /animals/feed-beef-cattle-compare | /animals/feed-beef-cattle-calendar | /animals/feed-beef-cattle-mistakes | /animals/feed-beef-cattle-faq | /animals/feed-beef-cattle-decision | /animals/feed-beef-cattle-answer | /animals/cost-raise-beef-cattle-guide | /animals/cost-raise-beef-cattle-beginner | /animals/cost-raise-beef-cattle-problems | /animals/cost-raise-beef-cattle-cost | /animals/cost-raise-beef-cattle-compare | /animals/cost-raise-beef-cattle-calendar | /animals/cost-raise-beef-cattle-mistakes | /animals/cost-raise-beef-cattle-faq | /animals/cost-raise-beef-cattle-decision | /animals/cost-raise-beef-cattle-answer | /animals/disease-beef-cattle-guide | /animals/disease-beef-cattle-beginner | /animals/disease-beef-cattle-problems | /animals/disease-beef-cattle-cost | /animals/disease-beef-cattle-compare | /animals/disease-beef-cattle-calendar | /animals/disease-beef-cattle-mistakes | /animals/disease-beef-cattle-faq | /animals/disease-beef-cattle-decision | /animals/disease-beef-cattle-answer | /animals/how-to-raise-beef-cattle-guide | /animals/how-to-raise-beef-cattle-beginner | /animals/how-to-raise-beef-cattle-problems | /animals/how-to-raise-beef-cattle-cost | /animals/how-to-raise-beef-cattle-compare | /animals/how-to-raise-beef-cattle-calendar | /animals/how-to-raise-beef-cattle-mistakes | /animals/how-to-raise-beef-cattle-faq | /animals/how-to-raise-beef-cattle-decision | /animals/how-to-raise-beef-cattle-answer | /animals/housing-beef-cattle-guide | /animals/housing-beef-cattle-beginner | /animals/housing-beef-cattle-problems | /animals/housing-beef-cattle-cost | /animals/housing-beef-cattle-compare | /animals/housing-beef-cattle-calendar | /animals/housing-beef-cattle-mistakes | /animals/housing-beef-cattle-faq | /animals/housing-beef-cattle-decision | /animals/housing-beef-cattle-answer | /animals/feed-beef-cattle-guide | /animals/feed-beef-cattle-beginner | /animals/feed-beef-cattle-problems | /animals/feed-beef-cattle-cost | /animals/feed-beef-cattle-compare | /animals/feed-beef-cattle-calendar | /animals/feed-beef-cattle-mistakes | /animals/feed-beef-cattle-faq | /animals/feed-beef-cattle-decision | /animals/feed-beef-cattle-answer | /animals/cost-raise-beef-cattle-guide | /animals/cost-raise-beef-cattle-beginner | /animals/cost-raise-beef-cattle-problems | /animals/cost-raise-beef-cattle-cost | /animals/cost-raise-beef-cattle-compare | /animals/cost-raise-beef-cattle-calendar | /animals/cost-raise-beef-cattle-mistakes | /animals/cost-raise-beef-cattle-faq | /animals/cost-raise-beef-cattle-decision | /animals/cost-raise-beef-cattle-answer | /animals/disease-beef-cattle-guide | /animals/disease-beef-cattle-beginner | /animals/disease-beef-cattle-problems | /animals/disease-beef-cattle-cost | /animals/disease-beef-cattle-compare | /animals/disease-beef-cattle-calendar | /animals/disease-beef-cattle-mistakes | /animals/disease-beef-cattle-faq | /animals/disease-beef-cattle-decision | /animals/disease-beef-cattle-answer,P1:40 | P2:60,processed_existing_catalog,3,อาหาร วัวเนื้อ | อาหารวัวเนื้อ | โรควัวเนื้อ
ไส้เดือน,,เลี้ยงสัตว์ / ปศุสัตว์,สัตว์ช่วยผลิตปุ๋ย,ไส้เดือน,ต้นทุนเลี้ยงไส้เดือน | โรคไส้เดือน | โรงเรือนไส้เดือน | วิธีเลี้ยงไส้เดือน | อาหารไส้เดือน,50,3301 | 3302 | 3303 | 3304 | 3305 | 3306 | 3307 | 3308 | 3309 | 3310 | 3311 | 3312 | 3313 | 3314 | 3315 | 3316 | 3317 | 3318 | 3319 | 3320 | 3321 | 3322 | 3323 | 3324 | 3325 | 3326 | 3327 | 3328 | 3329 | 3330 | 3331 | 3332 | 3333 | 3334 | 3335 | 3336 | 3337 | 3338 | 3339 | 3340 | 3341 | 3342 | 3343 | 3344 | 3345 | 3346 | 3347 | 3348 | 3349 | 3350,/animals/how-to-raise-earthworm-guide | /animals/how-to-raise-earthworm-beginner | /animals/how-to-raise-earthworm-problems | /animals/how-to-raise-earthworm-cost | /animals/how-to-raise-earthworm-compare | /animals/how-to-raise-earthworm-calendar | /animals/how-to-raise-earthworm-mistakes | /animals/how-to-raise-earthworm-faq | /animals/how-to-raise-earthworm-decision | /animals/how-to-raise-earthworm-answer | /animals/housing-earthworm-guide | /animals/housing-earthworm-beginner | /animals/housing-earthworm-problems | /animals/housing-earthworm-cost | /animals/housing-earthworm-compare | /animals/housing-earthworm-calendar | /animals/housing-earthworm-mistakes | /animals/housing-earthworm-faq | /animals/housing-earthworm-decision | /animals/housing-earthworm-answer | /animals/feed-earthworm-guide | /animals/feed-earthworm-beginner | /animals/feed-earthworm-problems | /animals/feed-earthworm-cost | /animals/feed-earthworm-compare | /animals/feed-earthworm-calendar | /animals/feed-earthworm-mistakes | /animals/feed-earthworm-faq | /animals/feed-earthworm-decision | /animals/feed-earthworm-answer | /animals/cost-raise-earthworm-guide | /animals/cost-raise-earthworm-beginner | /animals/cost-raise-earthworm-problems | /animals/cost-raise-earthworm-cost | /animals/cost-raise-earthworm-compare | /animals/cost-raise-earthworm-calendar | /animals/cost-raise-earthworm-mistakes | /animals/cost-raise-earthworm-faq | /animals/cost-raise-earthworm-decision | /animals/cost-raise-earthworm-answer | /animals/disease-earthworm-guide | /animals/disease-earthworm-beginner | /animals/disease-earthworm-problems | /animals/disease-earthworm-cost | /animals/disease-earthworm-compare | /animals/disease-earthworm-calendar | /animals/disease-earthworm-mistakes | /animals/disease-earthworm-faq | /animals/disease-earthworm-decision | /animals/disease-earthworm-answer,P1:20 | P2:30,processed_existing_catalog,2,อาหาร ไส้เดือน | โรคไส้เดือน
หนอนไหม,,เลี้ยงสัตว์ / ปศุสัตว์,แมลงเศรษฐกิจ,หนอนไหม,ต้นทุนเลี้ยงหนอนไหม | โรคหนอนไหม | โรงเรือนหนอนไหม | วิธีเลี้ยงหนอนไหม | อาหารหนอนไหม,50,3251 | 3252 | 3253 | 3254 | 3255 | 3256 | 3257 | 3258 | 3259 | 3260 | 3261 | 3262 | 3263 | 3264 | 3265 | 3266 | 3267 | 3268 | 3269 | 3270 | 3271 | 3272 | 3273 | 3274 | 3275 | 3276 | 3277 | 3278 | 3279 | 3280 | 3281 | 3282 | 3283 | 3284 | 3285 | 3286 | 3287 | 3288 | 3289 | 3290 | 3291 | 3292 | 3293 | 3294 | 3295 | 3296 | 3297 | 3298 | 3299 | 3300,/animals/how-to-raise-silkworm-guide | /animals/how-to-raise-silkworm-beginner | /animals/how-to-raise-silkworm-problems | /animals/how-to-raise-silkworm-cost | /animals/how-to-raise-silkworm-compare | /animals/how-to-raise-silkworm-calendar | /animals/how-to-raise-silkworm-mistakes | /animals/how-to-raise-silkworm-faq | /animals/how-to-raise-silkworm-decision | /animals/how-to-raise-silkworm-answer | /animals/housing-silkworm-guide | /animals/housing-silkworm-beginner | /animals/housing-silkworm-problems | /animals/housing-silkworm-cost | /animals/housing-silkworm-compare | /animals/housing-silkworm-calendar | /animals/housing-silkworm-mistakes | /animals/housing-silkworm-faq | /animals/housing-silkworm-decision | /animals/housing-silkworm-answer | /animals/feed-silkworm-guide | /animals/feed-silkworm-beginner | /animals/feed-silkworm-problems | /animals/feed-silkworm-cost | /animals/feed-silkworm-compare | /animals/feed-silkworm-calendar | /animals/feed-silkworm-mistakes | /animals/feed-silkworm-faq | /animals/feed-silkworm-decision | /animals/feed-silkworm-answer | /animals/cost-raise-silkworm-guide | /animals/cost-raise-silkworm-beginner | /animals/cost-raise-silkworm-problems | /animals/cost-raise-silkworm-cost | /animals/cost-raise-silkworm-compare | /animals/cost-raise-silkworm-calendar | /animals/cost-raise-silkworm-mistakes | /animals/cost-raise-silkworm-faq | /animals/cost-raise-silkworm-decision | /animals/cost-raise-silkworm-answer | /animals/disease-silkworm-guide | /animals/disease-silkworm-beginner | /animals/disease-silkworm-problems | /animals/disease-silkworm-cost | /animals/disease-silkworm-compare | /animals/disease-silkworm-calendar | /animals/disease-silkworm-mistakes | /animals/disease-silkworm-faq | /animals/disease-silkworm-decision | /animals/disease-silkworm-answer,P1:20 | P2:30,processed_existing_catalog,2,อาหาร หนอนไหม | โรคหนอนไหม
หมูขุน,,เลี้ยงสัตว์ / ปศุสัตว์,หมู,หมูขุน,ต้นทุนเลี้ยงหมูขุน | โรคหมูขุน | โรงเรือนหมูขุน | วิธีเลี้ยงหมูขุน | อาหารหมูขุน,100,2651 | 2652 | 2653 | 2654 | 2655 | 2656 | 2657 | 2658 | 2659 | 2660 | 2661 | 2662 | 2663 | 2664 | 2665 | 2666 | 2667 | 2668 | 2669 | 2670 | 2671 | 2672 | 2673 | 2674 | 2675 | 2676 | 2677 | 2678 | 2679 | 2680 | 2681 | 2682 | 2683 | 2684 | 2685 | 2686 | 2687 | 2688 | 2689 | 2690 | 2691 | 2692 | 2693 | 2694 | 2695 | 2696 | 2697 | 2698 | 2699 | 2700 | 3701 | 3702 | 3703 | 3704 | 3705 | 3706 | 3707 | 3708 | 3709 | 3710 | 3711 | 3712 | 3713 | 3714 | 3715 | 3716 | 3717 | 3718 | 3719 | 3720 | 3721 | 3722 | 3723 | 3724 | 3725 | 3726 | 3727 | 3728 | 3729 | 3730 | 3731 | 3732 | 3733 | 3734 | 3735 | 3736 | 3737 | 3738 | 3739 | 3740 | 3741 | 3742 | 3743 | 3744 | 3745 | 3746 | 3747 | 3748 | 3749 | 3750,/animals/how-to-raise-fattening-pig-guide | /animals/how-to-raise-fattening-pig-beginner | /animals/how-to-raise-fattening-pig-problems | /animals/how-to-raise-fattening-pig-cost | /animals/how-to-raise-fattening-pig-compare | /animals/how-to-raise-fattening-pig-calendar | /animals/how-to-raise-fattening-pig-mistakes | /animals/how-to-raise-fattening-pig-faq | /animals/how-to-raise-fattening-pig-decision | /animals/how-to-raise-fattening-pig-answer | /animals/housing-fattening-pig-guide | /animals/housing-fattening-pig-beginner | /animals/housing-fattening-pig-problems | /animals/housing-fattening-pig-cost | /animals/housing-fattening-pig-compare | /animals/housing-fattening-pig-calendar | /animals/housing-fattening-pig-mistakes | /animals/housing-fattening-pig-faq | /animals/housing-fattening-pig-decision | /animals/housing-fattening-pig-answer | /animals/feed-fattening-pig-guide | /animals/feed-fattening-pig-beginner | /animals/feed-fattening-pig-problems | /animals/feed-fattening-pig-cost | /animals/feed-fattening-pig-compare | /animals/feed-fattening-pig-calendar | /animals/feed-fattening-pig-mistakes | /animals/feed-fattening-pig-faq | /animals/feed-fattening-pig-decision | /animals/feed-fattening-pig-answer | /animals/cost-raise-fattening-pig-guide | /animals/cost-raise-fattening-pig-beginner | /animals/cost-raise-fattening-pig-problems | /animals/cost-raise-fattening-pig-cost | /animals/cost-raise-fattening-pig-compare | /animals/cost-raise-fattening-pig-calendar | /animals/cost-raise-fattening-pig-mistakes | /animals/cost-raise-fattening-pig-faq | /animals/cost-raise-fattening-pig-decision | /animals/cost-raise-fattening-pig-answer | /animals/disease-fattening-pig-guide | /animals/disease-fattening-pig-beginner | /animals/disease-fattening-pig-problems | /animals/disease-fattening-pig-cost | /animals/disease-fattening-pig-compare | /animals/disease-fattening-pig-calendar | /animals/disease-fattening-pig-mistakes | /animals/disease-fattening-pig-faq | /animals/disease-fattening-pig-decision | /animals/disease-fattening-pig-answer | /animals/how-to-raise-fattening-pig-guide | /animals/how-to-raise-fattening-pig-beginner | /animals/how-to-raise-fattening-pig-problems | /animals/how-to-raise-fattening-pig-cost | /animals/how-to-raise-fattening-pig-compare | /animals/how-to-raise-fattening-pig-calendar | /animals/how-to-raise-fattening-pig-mistakes | /animals/how-to-raise-fattening-pig-faq | /animals/how-to-raise-fattening-pig-decision | /animals/how-to-raise-fattening-pig-answer | /animals/housing-fattening-pig-guide | /animals/housing-fattening-pig-beginner | /animals/housing-fattening-pig-problems | /animals/housing-fattening-pig-cost | /animals/housing-fattening-pig-compare | /animals/housing-fattening-pig-calendar | /animals/housing-fattening-pig-mistakes | /animals/housing-fattening-pig-faq | /animals/housing-fattening-pig-decision | /animals/housing-fattening-pig-answer | /animals/feed-fattening-pig-guide | /animals/feed-fattening-pig-beginner | /animals/feed-fattening-pig-problems | /animals/feed-fattening-pig-cost | /animals/feed-fattening-pig-compare | /animals/feed-fattening-pig-calendar | /animals/feed-fattening-pig-mistakes | /animals/feed-fattening-pig-faq | /animals/feed-fattening-pig-decision | /animals/feed-fattening-pig-answer | /animals/cost-raise-fattening-pig-guide | /animals/cost-raise-fattening-pig-beginner | /animals/cost-raise-fattening-pig-problems | /animals/cost-raise-fattening-pig-cost | /animals/cost-raise-fattening-pig-compare | /animals/cost-raise-fattening-pig-calendar | /animals/cost-raise-fattening-pig-mistakes | /animals/cost-raise-fattening-pig-faq | /animals/cost-raise-fattening-pig-decision | /animals/cost-raise-fattening-pig-answer | /animals/disease-fattening-pig-guide | /animals/disease-fattening-pig-beginner | /animals/disease-fattening-pig-problems | /animals/disease-fattening-pig-cost | /animals/disease-fattening-pig-compare | /animals/disease-fattening-pig-calendar | /animals/disease-fattening-pig-mistakes | /animals/disease-fattening-pig-faq | /animals/disease-fattening-pig-decision | /animals/disease-fattening-pig-answer,P1:40 | P2:60,processed_existing_catalog,2,อาหาร หมูขุน | โรคหมูขุน
หมูหลุม,,เลี้ยงสัตว์ / ปศุสัตว์,หมู,หมูหลุม,ต้นทุนเลี้ยงหมูหลุม | โรคหมูหลุม | โรงเรือนหมูหลุม | วิธีเลี้ยงหมูหลุม | อาหารหมูหลุม,100,2701 | 2702 | 2703 | 2704 | 2705 | 2706 | 2707 | 2708 | 2709 | 2710 | 2711 | 2712 | 2713 | 2714 | 2715 | 2716 | 2717 | 2718 | 2719 | 2720 | 2721 | 2722 | 2723 | 2724 | 2725 | 2726 | 2727 | 2728 | 2729 | 2730 | 2731 | 2732 | 2733 | 2734 | 2735 | 2736 | 2737 | 2738 | 2739 | 2740 | 2741 | 2742 | 2743 | 2744 | 2745 | 2746 | 2747 | 2748 | 2749 | 2750 | 3751 | 3752 | 3753 | 3754 | 3755 | 3756 | 3757 | 3758 | 3759 | 3760 | 3761 | 3762 | 3763 | 3764 | 3765 | 3766 | 3767 | 3768 | 3769 | 3770 | 3771 | 3772 | 3773 | 3774 | 3775 | 3776 | 3777 | 3778 | 3779 | 3780 | 3781 | 3782 | 3783 | 3784 | 3785 | 3786 | 3787 | 3788 | 3789 | 3790 | 3791 | 3792 | 3793 | 3794 | 3795 | 3796 | 3797 | 3798 | 3799 | 3800,/animals/how-to-raise-deep-litter-pig-guide | /animals/how-to-raise-deep-litter-pig-beginner | /animals/how-to-raise-deep-litter-pig-problems | /animals/how-to-raise-deep-litter-pig-cost | /animals/how-to-raise-deep-litter-pig-compare | /animals/how-to-raise-deep-litter-pig-calendar | /animals/how-to-raise-deep-litter-pig-mistakes | /animals/how-to-raise-deep-litter-pig-faq | /animals/how-to-raise-deep-litter-pig-decision | /animals/how-to-raise-deep-litter-pig-answer | /animals/housing-deep-litter-pig-guide | /animals/housing-deep-litter-pig-beginner | /animals/housing-deep-litter-pig-problems | /animals/housing-deep-litter-pig-cost | /animals/housing-deep-litter-pig-compare | /animals/housing-deep-litter-pig-calendar | /animals/housing-deep-litter-pig-mistakes | /animals/housing-deep-litter-pig-faq | /animals/housing-deep-litter-pig-decision | /animals/housing-deep-litter-pig-answer | /animals/feed-deep-litter-pig-guide | /animals/feed-deep-litter-pig-beginner | /animals/feed-deep-litter-pig-problems | /animals/feed-deep-litter-pig-cost | /animals/feed-deep-litter-pig-compare | /animals/feed-deep-litter-pig-calendar | /animals/feed-deep-litter-pig-mistakes | /animals/feed-deep-litter-pig-faq | /animals/feed-deep-litter-pig-decision | /animals/feed-deep-litter-pig-answer | /animals/cost-raise-deep-litter-pig-guide | /animals/cost-raise-deep-litter-pig-beginner | /animals/cost-raise-deep-litter-pig-problems | /animals/cost-raise-deep-litter-pig-cost | /animals/cost-raise-deep-litter-pig-compare | /animals/cost-raise-deep-litter-pig-calendar | /animals/cost-raise-deep-litter-pig-mistakes | /animals/cost-raise-deep-litter-pig-faq | /animals/cost-raise-deep-litter-pig-decision | /animals/cost-raise-deep-litter-pig-answer | /animals/disease-deep-litter-pig-guide | /animals/disease-deep-litter-pig-beginner | /animals/disease-deep-litter-pig-problems | /animals/disease-deep-litter-pig-cost | /animals/disease-deep-litter-pig-compare | /animals/disease-deep-litter-pig-calendar | /animals/disease-deep-litter-pig-mistakes | /animals/disease-deep-litter-pig-faq | /animals/disease-deep-litter-pig-decision | /animals/disease-deep-litter-pig-answer | /animals/how-to-raise-deep-litter-pig-guide | /animals/how-to-raise-deep-litter-pig-beginner | /animals/how-to-raise-deep-litter-pig-problems | /animals/how-to-raise-deep-litter-pig-cost | /animals/how-to-raise-deep-litter-pig-compare | /animals/how-to-raise-deep-litter-pig-calendar | /animals/how-to-raise-deep-litter-pig-mistakes | /animals/how-to-raise-deep-litter-pig-faq | /animals/how-to-raise-deep-litter-pig-decision | /animals/how-to-raise-deep-litter-pig-answer | /animals/housing-deep-litter-pig-guide | /animals/housing-deep-litter-pig-beginner | /animals/housing-deep-litter-pig-problems | /animals/housing-deep-litter-pig-cost | /animals/housing-deep-litter-pig-compare | /animals/housing-deep-litter-pig-calendar | /animals/housing-deep-litter-pig-mistakes | /animals/housing-deep-litter-pig-faq | /animals/housing-deep-litter-pig-decision | /animals/housing-deep-litter-pig-answer | /animals/feed-deep-litter-pig-guide | /animals/feed-deep-litter-pig-beginner | /animals/feed-deep-litter-pig-problems | /animals/feed-deep-litter-pig-cost | /animals/feed-deep-litter-pig-compare | /animals/feed-deep-litter-pig-calendar | /animals/feed-deep-litter-pig-mistakes | /animals/feed-deep-litter-pig-faq | /animals/feed-deep-litter-pig-decision | /animals/feed-deep-litter-pig-answer | /animals/cost-raise-deep-litter-pig-guide | /animals/cost-raise-deep-litter-pig-beginner | /animals/cost-raise-deep-litter-pig-problems | /animals/cost-raise-deep-litter-pig-cost | /animals/cost-raise-deep-litter-pig-compare | /animals/cost-raise-deep-litter-pig-calendar | /animals/cost-raise-deep-litter-pig-mistakes | /animals/cost-raise-deep-litter-pig-faq | /animals/cost-raise-deep-litter-pig-decision | /animals/cost-raise-deep-litter-pig-answer | /animals/disease-deep-litter-pig-guide | /animals/disease-deep-litter-pig-beginner | /animals/disease-deep-litter-pig-problems | /animals/disease-deep-litter-pig-cost | /animals/disease-deep-litter-pig-compare | /animals/disease-deep-litter-pig-calendar | /animals/disease-deep-litter-pig-mistakes | /animals/disease-deep-litter-pig-faq | /animals/disease-deep-litter-pig-decision | /animals/disease-deep-litter-pig-answer,P1:40 | P2:60,processed_existing_catalog,1,อาหาร หมูหลุม
ห่าน,,เลี้ยงสัตว์ / ปศุสัตว์,สัตว์ปีกทางเลือก,ห่าน,ต้นทุนเลี้ยงห่าน | โรคห่าน | โรงเรือนห่าน | วิธีเลี้ยงห่าน | อาหารห่าน,100,2551 | 2552 | 2553 | 2554 | 2555 | 2556 | 2557 | 2558 | 2559 | 2560 | 2561 | 2562 | 2563 | 2564 | 2565 | 2566 | 2567 | 2568 | 2569 | 2570 | 2571 | 2572 | 2573 | 2574 | 2575 | 2576 | 2577 | 2578 | 2579 | 2580 | 2581 | 2582 | 2583 | 2584 | 2585 | 2586 | 2587 | 2588 | 2589 | 2590 | 2591 | 2592 | 2593 | 2594 | 2595 | 2596 | 2597 | 2598 | 2599 | 2600 | 3601 | 3602 | 3603 | 3604 | 3605 | 3606 | 3607 | 3608 | 3609 | 3610 | 3611 | 3612 | 3613 | 3614 | 3615 | 3616 | 3617 | 3618 | 3619 | 3620 | 3621 | 3622 | 3623 | 3624 | 3625 | 3626 | 3627 | 3628 | 3629 | 3630 | 3631 | 3632 | 3633 | 3634 | 3635 | 3636 | 3637 | 3638 | 3639 | 3640 | 3641 | 3642 | 3643 | 3644 | 3645 | 3646 | 3647 | 3648 | 3649 | 3650,/animals/how-to-raise-goose-guide | /animals/how-to-raise-goose-beginner | /animals/how-to-raise-goose-problems | /animals/how-to-raise-goose-cost | /animals/how-to-raise-goose-compare | /animals/how-to-raise-goose-calendar | /animals/how-to-raise-goose-mistakes | /animals/how-to-raise-goose-faq | /animals/how-to-raise-goose-decision | /animals/how-to-raise-goose-answer | /animals/housing-goose-guide | /animals/housing-goose-beginner | /animals/housing-goose-problems | /animals/housing-goose-cost | /animals/housing-goose-compare | /animals/housing-goose-calendar | /animals/housing-goose-mistakes | /animals/housing-goose-faq | /animals/housing-goose-decision | /animals/housing-goose-answer | /animals/feed-goose-guide | /animals/feed-goose-beginner | /animals/feed-goose-problems | /animals/feed-goose-cost | /animals/feed-goose-compare | /animals/feed-goose-calendar | /animals/feed-goose-mistakes | /animals/feed-goose-faq | /animals/feed-goose-decision | /animals/feed-goose-answer | /animals/cost-raise-goose-guide | /animals/cost-raise-goose-beginner | /animals/cost-raise-goose-problems | /animals/cost-raise-goose-cost | /animals/cost-raise-goose-compare | /animals/cost-raise-goose-calendar | /animals/cost-raise-goose-mistakes | /animals/cost-raise-goose-faq | /animals/cost-raise-goose-decision | /animals/cost-raise-goose-answer | /animals/disease-goose-guide | /animals/disease-goose-beginner | /animals/disease-goose-problems | /animals/disease-goose-cost | /animals/disease-goose-compare | /animals/disease-goose-calendar | /animals/disease-goose-mistakes | /animals/disease-goose-faq | /animals/disease-goose-decision | /animals/disease-goose-answer | /animals/how-to-raise-goose-guide | /animals/how-to-raise-goose-beginner | /animals/how-to-raise-goose-problems | /animals/how-to-raise-goose-cost | /animals/how-to-raise-goose-compare | /animals/how-to-raise-goose-calendar | /animals/how-to-raise-goose-mistakes | /animals/how-to-raise-goose-faq | /animals/how-to-raise-goose-decision | /animals/how-to-raise-goose-answer | /animals/housing-goose-guide | /animals/housing-goose-beginner | /animals/housing-goose-problems | /animals/housing-goose-cost | /animals/housing-goose-compare | /animals/housing-goose-calendar | /animals/housing-goose-mistakes | /animals/housing-goose-faq | /animals/housing-goose-decision | /animals/housing-goose-answer | /animals/feed-goose-guide | /animals/feed-goose-beginner | /animals/feed-goose-problems | /animals/feed-goose-cost | /animals/feed-goose-compare | /animals/feed-goose-calendar | /animals/feed-goose-mistakes | /animals/feed-goose-faq | /animals/feed-goose-decision | /animals/feed-goose-answer | /animals/cost-raise-goose-guide | /animals/cost-raise-goose-beginner | /animals/cost-raise-goose-problems | /animals/cost-raise-goose-cost | /animals/cost-raise-goose-compare | /animals/cost-raise-goose-calendar | /animals/cost-raise-goose-mistakes | /animals/cost-raise-goose-faq | /animals/cost-raise-goose-decision | /animals/cost-raise-goose-answer | /animals/disease-goose-guide | /animals/disease-goose-beginner | /animals/disease-goose-problems | /animals/disease-goose-cost | /animals/disease-goose-compare | /animals/disease-goose-calendar | /animals/disease-goose-mistakes | /animals/disease-goose-faq | /animals/disease-goose-decision | /animals/disease-goose-answer,P1:40 | P2:60,processed_existing_catalog,4,อาหาร ห่าน | โรงเรือนห่าน | อาหารห่าน | โรคห่าน
